idx,stamp_sec,x,y,yaw,frame_id,gps_lat,gps_lon,gps_status,gps_odom_x,gps_odom_y,cov_xx,cov_yy,odom_vx,odom_vy,odom_vyaw,imu_wz,imu_ax,imu_ay,imu_yaw,odom_x,odom_y,odom_yaw
0,1788665288.99167490,35.41835659,17.39897643,2.92020099,map,37.28895100,127.10764400,2,35.43828357,17.39631643,0.99403356,0.99243362,-0.00880000,0.00000000,0.00003422,0.00000000,0.38245935,-0.54917240,2.41631703,-9.45499098,6.66378167,-1.02617819
1,1788665295.01206827,34.85580672,17.52714959,2.84325771,map,37.28895210,127.10763740,2,34.85512214,17.52677632,0.01235381,0.01235207,-0.02590000,0.00000000,0.00027339,-0.07644542,0.84337190,0.61781895,2.47236364,-9.48003259,6.70512127,-1.02605429
2,1788665296.00000906,34.17384635,17.76418963,2.85973086,map,37.28895420,127.10762970,2,34.17359717,17.76427653,0.00036087,0.00036087,-0.02450000,0.00000000,-0.00011229,-0.02879793,-0.07845320,0.30400615,2.50371571,-9.49173144,6.72442698,-1.02595058
3,1788665297.01585865,33.48054309,17.98538808,2.76033641,map,37.28895600,127.10762180,2,33.48045172,17.98556585,0.01605254,0.01604994,-0.01930000,0.00000000,-0.00006969,-0.03508112,1.13757140,0.36284605,2.54029926,-9.50399571,6.74466360,-1.02594654
4,1788665298.00000906,32.79989097,18.24299906,2.85442816,map,37.28895850,127.10761420,2,32.79969153,18.24307508,0.00028892,0.00028892,-0.03070000,0.00000000,-0.00140333,-0.05201081,0.42168595,0.35303940,2.48328358,-9.51802522,6.76794067,-1.03089833
5,1788665299.01848149,32.10415584,18.41559076,2.92776802,map,37.28896020,127.10760640,2,32.10396925,18.41568147,0.01870368,0.01869922,-0.01850000,0.00000000,-0.00056280,-0.00942478,0.25497290,-0.79433865,2.34090923,-9.52917864,6.78672032,-1.03850960
6,1788665300.00000930,31.37738152,18.52822951,2.97120109,map,37.28896120,127.10759820,2,31.37723656,18.52825222,0.00019596,0.00019596,-0.02090000,0.00000000,-0.00000581,-0.06387905,-0.56878570,-0.52955910,2.34617273,-9.54102114,6.80684372,-1.03927086
7,1788665301.02377796,30.64693731,18.64215618,3.00130733,map,37.28896240,127.10759000,2,30.64668322,18.64226122,0.02397314,0.02396605,-0.02090000,0.00000000,-0.00011901,-0.06492625,0.03922660,-0.04903325,2.37283010,-9.55356368,6.82817646,-1.03934978
8,1788665302.01187634,29.92053942,18.79100042,2.92261193,map,37.28896370,127.10758180,2,29.92028112,18.79115336,0.01206547,0.01206393,-0.01940000,0.00000000,-0.00001886,-0.04345870,0.35303940,-2.24572285,2.38951589,-9.56474114,6.84719201,-1.03943428
9,1788665303.02707720,29.20564604,18.95367480,2.91171781,map,37.28896500,127.10757370,2,29.20581437,18.95408568,0.02729926,0.02728983,-0.02950000,0.00000000,-0.00003688,-0.02024582,0.51975245,0.37265270,2.41349547,-9.57563815,6.86573363,-1.03951668
10,1788665304.00334883,28.48791844,19.13295539,2.90890367,map,37.28896660,127.10756560,2,28.48793649,19.13302434,0.00353587,0.00353573,-0.02660000,0.00000000,-0.00000000,-0.01274090,0.05883990,-1.31409110,2.43594901,-9.58879123,6.88811872,-1.03958490
11,1788665305.00000954,27.77023283,19.33420371,2.92059422,map,37.28896840,127.10755750,2,27.77008928,19.33424256,0.00019596,0.00019596,-0.02410000,0.00000000,0.00005021,0.03211406,-0.37265270,-0.32361945,2.45836745,-9.60129891,6.90940754,-1.03962079
12,1788665306.00673509,27.05145561,19.55363621,2.88996178,map,37.28897040,127.10754940,2,27.05133098,19.55406374,0.00692311,0.00692254,-0.03960000,0.00000000,0.00003300,0.00750492,1.10815145,-1.03950490,2.48450167,-9.61550771,6.93359448,-1.03967042
13,1788665307.00000978,26.35253231,19.78187368,2.85949250,map,37.28897240,127.10754150,2,26.35239203,19.78191874,0.00019596,0.00019596,-0.01790000,0.00000000,-0.00000497,0.04101524,-0.12748645,-1.08853815,2.50166227,-9.62859462,6.95587424,-1.03974709
14,1788665308.01431561,25.64358752,20.01635668,2.89842038,map,37.28897450,127.10753350,2,25.64342237,20.01633769,0.01450768,0.01450509,-0.02150000,0.00000000,-0.00884594,0.17505652,0.79433865,-0.80414530,2.44133790,-9.64059581,6.97635805,-1.04536236
15,1788665309.00000978,24.92283408,20.21747125,2.91756208,map,37.28897640,127.10752540,2,24.92269037,20.21751034,0.00019596,0.00019596,-0.02640000,0.00000000,-0.00022367,-0.01675516,0.11767980,-0.69627215,2.44020036,-9.65272980,6.99731466,-1.04614316
16,1788665310.01600623,24.20611505,20.41214796,2.87489512,map,37.28897810,127.10751730,2,24.20609014,20.41260026,0.01619937,0.01619620,-0.02270000,0.00000000,-0.00026484,-0.00610865,-0.35303940,0.15690640,2.46079025,-9.66606985,7.02037188,-1.04647620
17,1788665311.00001001,23.52518244,20.62947128,2.84456356,map,37.28898000,127.10750960,2,23.52504657,20.62951501,0.00019596,0.00019596,-0.02560000,0.00000000,-0.00015289,0.02897247,3.07928810,-1.10815145,2.47983831,-9.67778352,7.04063311,-1.04678176
18,1788665312.02257895,22.81904628,20.86054470,2.80674295,map,37.28898200,127.10750160,2,22.81866315,20.86074863,0.02277236,0.02276693,-0.02410000,0.00000000,-0.00019749,0.05393067,-0.01961330,-1.07873150,2.47057487,-9.69206828,7.06535991,-1.04708991
19,1788665313.01210594,22.12985714,21.13361709,2.80338431,map,37.28898440,127.10749380,2,22.12944127,21.13373731,0.01229419,0.01229281,-0.03050000,0.00000000,-0.00013556,0.03647738,1.06892485,-0.61781895,2.47520291,-9.70342399,7.08502964,-1.04735735
20,1788665315.00646782,21.02448673,21.55053259,2.86484354,map,37.28898830,127.10748140,2,21.02453860,21.55047973,0.00665572,0.00665521,-0.03200000,0.00000000,-0.00991064,0.08028515,0.07845320,-0.33342610,2.41393410,-9.73054368,7.13210695,-1.05365246
21,1788665316.00001025,20.30581638,21.75906787,2.83513259,map,37.28899020,127.10747330,2,20.30567312,21.75910908,0.00019596,0.00019596,-0.03430000,0.00000000,-0.00037159,0.01623156,-0.05883990,-0.35303940,2.42726556,-9.74270942,7.15352118,-1.05436674
22,1788665317.00537896,19.62581091,22.01219401,2.84980016,map,37.28899240,127.10746560,2,19.62565922,22.01217105,0.00556565,0.00556530,-0.04710000,0.00000000,-0.00042521,-0.03298672,-1.07873150,-0.56878570,2.44540348,-9.75638593,7.17761568,-1.05469462
23,1788665328.00001121,18.99457857,22.22913282,2.84114296,map,37.28899440,127.10745850,2,18.99453287,22.22914962,0.00019596,0.00019596,-0.02530000,0.00000000,0.00015813,-0.05113815,-0.12748645,-0.30400615,2.47621536,-9.77851882,7.21664129,-1.05491642
24,1788665329.00850463,18.33153887,22.47049548,2.80326126,map,37.28899650,127.10745100,2,18.33220395,22.47046675,0.00869126,0.00869046,-0.02410000,0.00000000,0.00018075,-0.00750492,-2.24572285,-0.42168595,2.51822074,-9.79126189,7.23910884,-1.05482505
25,1788665330.00001144,17.65524043,22.71565020,2.82246833,map,37.28899880,127.10744340,2,17.65510645,22.71569886,0.00019596,0.00019596,-0.02290000,0.00000000,-0.00016539,-0.03141593,1.83384355,-0.96105170,2.47703987,-9.80307855,7.26006124,-1.05943780
26,1788665331.01488495,16.97629810,22.95981416,2.78089461,map,37.28900090,127.10743570,2,16.97597367,22.95992413,0.01507346,0.01507107,-0.03520000,0.00000000,-0.00079207,0.03106686,-0.49033250,0.77472535,2.51851613,-9.81524335,7.28174933,-1.05987967
27,1788665332.01212430,16.28299105,23.22134202,2.80001799,map,37.28900330,127.10742790,2,16.28271791,23.22144979,0.01231114,0.01230977,-0.02220000,0.00000000,-0.00013258,-0.07347836,0.33342610,0.70607880,2.48790222,-9.82815928,7.30493177,-1.06392618
28,1788665333.02705789,15.60819311,23.42872021,2.83933376,map,37.28900520,127.10742030,2,15.60772139,23.42881604,0.02728157,0.02727367,-0.02400000,0.00000000,0.00005000,-0.05096361,0.50994580,-1.59848395,2.51743665,-9.84090396,7.32788621,-1.06397400
29,1788665334.00564027,14.90863372,23.71058915,2.81933527,map,37.28900770,127.10741240,2,14.90858794,23.71047306,0.00582611,0.00582574,-0.02410000,0.00000000,0.00002343,-0.05323254,0.27458620,0.46091255,2.55660289,-9.85260913,7.34896962,-1.06398651
30,1788665335.00001168,14.23639435,23.98130242,2.78002495,map,37.28901010,127.10740480,2,14.23626015,23.98135641,0.00019596,0.00019596,-0.02810000,0.00000000,0.00010147,0.01099557,0.05883990,-1.01008495,2.61006681,-9.86509963,7.37146878,-1.06400437
31,1788665336.01224875,13.64544500,24.25828575,2.75005045,map,37.28901250,127.10739810,2,13.64607226,24.25790699,0.01243838,0.01243686,-0.03160000,0.00000000,-0.01104786,0.11449360,1.25525120,-0.32361945,2.65564793,-9.87747701,7.39377232,-1.06589913
32,1788665337.00001192,13.10373808,24.45894195,2.92368006,map,37.28901460,127.10739210,2,13.10363584,24.45898044,0.00019596,0.00019596,-0.01530000,0.00000000,-0.00023376,-0.01675516,0.85317855,-0.37265270,2.50913154,-9.88833478,7.41369019,-1.07613801
33,1788665338.01733255,12.52531672,24.60351936,2.89652379,map,37.28901590,127.10738560,2,12.52728641,24.60324476,0.01752509,0.01752129,-0.02210000,0.00000000,-0.00036528,-0.00191986,1.01989160,-0.51975245,2.51708233,-9.89882903,7.43315409,-1.07651238
34,1788665339.00001216,12.01401847,24.77327261,2.87818608,map,37.28901740,127.10737980,2,12.01392395,24.77330389,0.00019596,0.00019596,-0.01490000,0.00000000,-0.00029181,-0.02007129,0.76491870,-0.92182510,2.52639904,-9.90890560,7.45186023,-1.07692107
35,1788665340.02203250,11.49812559,24.91043963,2.86726725,map,37.28901860,127.10737400,2,11.50048832,24.90958659,0.02222508,0.02221915,-0.02280000,0.00000000,-0.00042436,-0.05532694,1.22583125,-1.03950490,2.53856277,-9.91944139,7.47143837,-1.07733720
36,1788665341.01190734,10.98694105,25.08102980,2.76429936,map,37.28902010,127.10736820,2,10.98758242,25.08078142,0.01209327,0.01209203,-0.02390000,0.00000000,-0.00037511,-0.04363323,1.45138420,0.03922660,2.56112574,-9.93041251,7.49184815,-1.07783792
37,1788665342.02371216,10.49269241,25.27927847,2.80621892,map,37.28902180,127.10736260,2,10.49406430,25.27874424,0.02390357,0.02389782,-0.02270000,0.00000000,-0.00054548,0.00872665,1.91229675,0.11767980,2.56627027,-9.93950092,7.50877407,-1.07827625
38,1788665343.00118923,9.98970880,25.44863060,2.74249911,map,37.28902330,127.10735690,2,9.98985774,25.44857963,0.00146570,0.00146569,-0.01870000,0.00000000,-0.00042858,-0.00523599,1.53964405,-0.69627215,2.58525470,-9.94810768,7.52481991,-1.07869355
39,1788665344.00001264,9.48127894,25.62889319,2.71656920,map,37.28902480,127.10735110,2,9.48118740,25.62892459,0.00019596,0.00019596,-0.01920000,0.00000000,-0.00031735,-0.07557276,0.97085835,-0.53936575,2.60375742,-9.95755789,7.54245652,-1.07914954
40,1788665345.00719833,8.98568668,25.82296690,2.69701600,map,37.28902650,127.10734550,2,8.98689895,25.82252816,0.00738356,0.00738309,-0.01960000,0.00000000,-0.00038930,0.01396263,1.50041745,-0.25497290,2.62223308,-9.96807670,7.56210992,-1.07964963
41,1788665346.00001287,8.50150791,26.02679100,2.73443719,map,37.28902830,127.10734000,2,8.50142069,26.02682853,0.00019596,0.00019596,-0.02130000,0.00000000,-0.00050001,-0.03298672,1.60829060,-0.61781895,2.64787448,-9.97796468,7.58060687,-1.08013659
42,1788665347.01216316,7.99972145,26.21977868,2.77685629,map,37.28903030,127.10733450,2,8.00140179,26.21892492,0.01235037,0.01234879,-0.01570000,0.00000000,-0.00461806,0.08133234,1.06892485,-0.46091255,2.53447103,-9.98762726,7.59882009,-1.08852479
43,1788665348.00001287,7.51729280,26.37289179,2.78169043,map,37.28903160,127.10732900,2,7.51720697,26.37291842,0.00019596,0.00019596,-0.02040000,0.00000000,-0.00020967,-0.00523599,2.06920315,-0.76491870,2.54585327,-9.99642416,7.61563327,-1.08886486
44,1788665349.01809144,7.03751245,26.53122774,2.77445585,map,37.28903300,127.10732360,2,7.03925992,26.53050527,0.01828011,0.01827665,-0.02390000,0.00000000,-0.01121807,0.13910274,0.99047165,0.28439285,2.54757156,-10.00591461,7.63378741,-1.09109679
45,1788665350.00001311,6.53864792,26.66338569,2.81139195,map,37.28903430,127.10731800,2,6.53855755,26.66340884,0.00019596,0.00019596,-0.02350000,0.00000000,-0.00058103,0.03001966,1.51022410,-0.63743225,2.50801497,-10.01697054,7.65517156,-1.09435689
46,1788665351.02350831,6.02457023,26.81418943,2.78840855,map,37.28903560,127.10731220,2,6.02634151,26.81355376,0.02369866,0.02369319,-0.02280000,0.00000000,-0.00050671,-0.02775074,0.84337190,-0.86298520,2.50793611,-10.02692932,7.67447701,-1.09477294
47,1788665352.01168060,5.52995493,26.97183041,2.77899950,map,37.28903700,127.10730660,2,5.53075551,26.97149268,0.01186555,0.01186433,-0.01880000,0.00000000,-0.00035513,-0.06265732,1.15718470,-0.49033250,2.50942918,-10.03817019,7.69629131,-1.09527874
48,1788665353.02478051,5.02543574,27.10937988,2.77636559,map,37.28903820,127.10730090,2,5.02693900,27.10874659,0.02497094,0.02496530,-0.02620000,0.00000000,-0.00040393,0.03316126,1.33370440,-0.00980665,2.56418767,-10.04789373,7.71518341,-1.09568166
49,1788665354.01206255,4.51139197,27.27398401,2.74995209,map,37.28903970,127.10729510,2,4.51208005,27.27375712,0.01224714,0.01224588,-0.01800000,0.00000000,-0.00036253,-0.00314159,1.21602460,-1.31409110,2.60158912,-10.05703600,7.73296420,-1.09612556
50,1788665355.00001359,4.00128308,27.44833411,2.69635102,map,37.28904120,127.10728930,2,4.00119144,27.44836345,0.00019596,0.00019596,-0.01680000,0.00000000,-0.00045039,0.02059489,2.36340265,-0.15690640,2.62723718,-10.06602549,7.75046674,-1.09656835
51,1788665356.01224637,3.50575702,27.64734004,2.65454407,map,37.28904290,127.10728370,2,3.50880830,27.64597499,0.01243557,0.01243437,-0.02080000,0.00000000,-0.00039580,-0.06702064,1.16699135,-0.50994580,2.64683018,-10.07598140,7.76987252,-1.09701786
52,1788665357.00001383,3.02750222,27.85759419,2.64184472,map,37.28904470,127.10727820,2,3.02741534,27.85763196,0.00019596,0.00019596,-0.02790000,0.00000000,-0.00911394,0.04834562,1.50041745,0.19613300,2.67190333,-10.08577525,7.78898564,-1.09860682
53,1788665358.01951766,2.52309087,28.02277409,2.78179566,map,37.28904640,127.10727270,2,2.52758500,28.02146627,0.01971411,0.01971004,-0.01890000,0.00000000,-0.00019950,0.04293510,0.93163175,-0.70607880,2.56817374,-10.09549874,7.80825663,-1.10638800
54,1788665359.00001407,2.03806296,28.17202766,2.74317513,map,37.28904780,127.10726720,2,2.03797519,28.17205313,0.00019596,0.00019596,-0.01820000,0.00000000,-0.00016936,-0.01256637,1.90249010,-0.61781895,2.58689522,-10.10546669,7.82816191,-1.10669479
55,1788665360.02505732,1.52732685,28.35487266,2.69532009,map,37.28904930,127.10726140,2,1.53016104,28.35347388,0.02524989,0.02524405,-0.01930000,0.00000000,-0.00020373,-0.03700098,1.20621795,-1.21602460,2.61044214,-10.11588917,7.84899008,-1.10699491
56,1788665361.00122404,1.04596304,28.52703286,2.65672177,map,37.28905080,127.10725590,2,1.04598649,28.52700156,0.00140574,0.00140572,-0.02240000,0.00000000,-0.00021467,0.02478368,1.33370440,-0.36284605,2.64410322,-10.12631837,7.86984674,-1.10726059
57,1788665362.01195717,0.53173724,28.72830028,2.65707423,map,37.28905260,127.10725010,2,0.53233780,28.72796996,0.01214105,0.01214009,-0.02580000,0.00000000,-0.00023292,-0.01588250,1.57887065,0.02941995,2.64851698,-10.13633859,7.88989955,-1.10756133
58,1788665363.01199508,-0.03321706,28.96517399,2.62608066,map,37.28905470,127.10724370,2,-0.03299507,28.96501478,0.01217854,0.01217761,-0.02350000,0.00000000,-0.00043739,-0.02862340,1.52003075,-1.04931155,2.67549173,-10.14668458,7.91061984,-1.10788208
59,1788665364.00001454,-0.65432779,29.20771211,2.66823605,map,37.28905690,127.10723670,2,-0.65444540,29.20775807,0.00019596,0.00019596,-0.02120000,0.00000000,-0.01047857,0.09581858,1.12776475,0.24516625,2.61897097,-10.15553415,7.92838924,-1.11254121
60,1788665365.01035452,-1.31439955,29.44248808,2.68142970,map,37.28905910,127.10722930,2,-1.31502905,29.44329379,0.01054096,0.01054002,-0.04120000,0.00000000,-0.00112742,-0.03403392,-0.26477955,-0.06864655,2.60618046,-10.17017968,7.95819893,-1.11473163
61,1788665366.00001478,-1.99623218,29.69022699,2.70889825,map,37.28906130,127.10722160,2,-1.99637067,29.69027833,0.00019596,0.00019596,-0.02780000,0.00000000,-0.01091909,0.17191493,-0.39226600,-0.33342610,2.60014503,-10.18319283,7.98475374,-1.11732780
62,1788665367.01484013,-2.73839646,29.90664064,2.74981474,map,37.28906340,127.10721330,2,-2.73990282,29.90673086,0.01502945,0.01502722,-0.02710000,0.00000000,-0.00006399,-0.04712389,0.31381280,0.29419950,2.56241952,-10.19822291,8.01578734,-1.12029262
63,1788665368.00001502,-3.48253037,30.14454357,2.73674297,map,37.28906550,127.10720490,2,-3.48268698,30.14459372,0.00019596,0.00019596,-0.02730000,0.00000000,-0.00007583,-0.03944444,-0.66685220,-0.13729310,2.58615499,-10.21304575,8.04643903,-1.12047144
64,1788665369.01284790,-4.29496425,30.42475377,2.69568684,map,37.28906800,127.10719570,2,-4.29681160,30.42568335,0.01303336,0.01303188,-0.02010000,0.00000000,-0.00006700,0.02059489,-0.49033250,-0.43149260,2.60739872,-10.22533825,8.07186861,-1.12057993
65,1788665370.00001502,-5.00504145,30.69406127,2.73988836,map,37.28907040,127.10718770,2,-5.00519357,30.69412031,0.00019596,0.00019596,-0.03800000,0.00000000,-0.02377832,0.38659043,-1.44157755,0.54917240,2.51035893,-10.24018185,8.10270829,-1.12983637
66,1788665371.01426911,-5.81119929,30.89278121,2.82681977,map,37.28907240,127.10717870,2,-5.81252094,30.89309750,0.01445350,0.01445115,-0.02540000,0.00000000,-0.00043747,-0.05742133,-0.53936575,-1.14737805,2.45270268,-10.25143763,8.12669958,-1.13282198
67,1788665372.01205730,-6.57249135,31.08646492,2.77355695,map,37.28907410,127.10717010,2,-6.57329956,31.08673393,0.01224046,0.01223917,-0.03150000,0.00000000,0.00067380,-0.06387905,0.40207265,-2.03978320,2.51926739,-10.26287162,8.15108964,-1.13141965
68,1788665373.01656651,-7.38356158,31.32894092,2.74810359,map,37.28907620,127.10716090,2,-7.38520086,31.32952422,0.01675106,0.01674864,-0.03570000,0.00000000,0.00054544,-0.09494591,0.32361945,0.50013915,2.57351438,-10.27338856,8.17345216,-1.13092836
69,1788665374.00001550,-8.18902080,31.60238982,2.68427329,map,37.28907860,127.10715180,2,-8.18918869,31.60244738,0.00019596,0.00019596,-0.02860000,0.00000000,0.00056012,-0.10332349,-0.02941995,-1.25525120,2.62208328,-10.28316343,8.19421178,-1.13047700
70,1788665375.01869082,-8.99574980,31.91201611,2.66821665,map,37.28908130,127.10714260,2,-8.99869789,31.91465083,0.01888725,0.01888436,-0.02230000,0.00000000,-0.00853515,0.17819812,-0.25497290,1.36312435,2.64194797,-10.29469468,8.21868402,-1.13228867
71,1788665376.00001574,-9.79240608,32.22710143,2.72112880,map,37.28908420,127.10713370,2,-9.79257222,32.22716664,0.00019596,0.00019596,-0.02650000,0.00000000,-0.00032758,-0.00174533,-1.22583125,0.47071920,2.61448016,-10.30583420,8.24253539,-1.13433442
72,1788665377.01941252,-10.59662431,32.49287110,2.81754491,map,37.28908680,127.10712470,2,-10.59946493,32.49450167,0.01960700,0.01960270,-0.02980000,0.00000000,-0.00064572,-0.04991642,-1.07873150,0.15690640,2.50890349,-10.31598507,8.26443512,-1.13965792
73,1788665378.00001597,-11.42394245,32.73851856,2.77116770,map,37.28908900,127.10711540,2,-11.42411469,32.73856970,0.00019596,0.00019596,-0.02890000,0.00000000,-0.00073061,-0.08395034,-0.20593965,0.17651970,2.48440412,-10.32696772,8.28832263,-1.14013357
74,1788665379.02558613,-12.23227170,32.99090519,2.74425958,map,37.28909120,127.10710620,2,-12.23583677,32.99310878,0.02578383,0.02577727,-0.02550000,0.00000000,-0.00030105,-0.09756391,-0.53936575,0.26477955,2.48971883,-10.33824423,8.31287963,-1.14053961
75,1788665380.00087190,-13.05804627,33.29771019,2.71780045,map,37.28909390,127.10709690,2,-13.05828132,33.29780365,0.00105181,0.00105180,-0.02900000,0.00000000,-0.00040279,0.04171337,-0.56878570,-1.10815145,2.51935102,-10.34929918,8.33698067,-1.14097287
76,1788665381.02636480,-13.87776135,33.60160716,2.69970238,map,37.28909660,127.10708760,2,-13.88033399,33.60301646,0.02655621,0.02654994,-0.02160000,0.00000000,-0.00683785,0.11972959,-0.24516625,-0.45110590,2.56619894,-10.35904391,8.35824787,-1.14227120
77,1788665382.01181126,-14.67668080,33.86091387,2.76114747,map,37.28909910,127.10707870,2,-14.67761414,33.86121098,0.01199296,0.01199171,-0.01770000,0.00000000,-0.00008113,-0.02094395,-0.79433865,-0.15690640,2.52554311,-10.36879501,8.37976201,-1.14608753
78,1788665383.00001645,-15.48597146,34.13373425,2.70434887,map,37.28910140,127.10706950,2,-15.48614207,34.13379296,0.00019596,0.00019596,-0.02470000,0.00000000,-0.00374377,0.01640609,-0.43149260,0.13729310,2.56862975,-10.37795105,8.40001199,-1.14661269
79,1788665384.00695324,-16.27573648,34.38508328,2.71240824,map,37.28910370,127.10706060,2,-16.27702697,34.38522996,0.00713488,0.00713442,-0.02640000,0.00000000,-0.00031167,-0.01361357,-0.80414530,-0.16671305,2.55847149,-10.38808248,8.42252882,-1.14833375
80,1788665385.00001669,-17.11616953,34.62479886,2.71422305,map,37.28910580,127.10705110,2,-17.11634302,34.62484946,0.00019596,0.00019596,-0.02110000,0.00000000,-0.00029307,-0.01151917,-1.27486450,0.47071920,2.59174631,-10.39723126,8.44288478,-1.14853655
81,1788665386.01393628,-17.93062697,34.87912514,2.69422600,map,37.28910810,127.10704190,2,-17.93215919,34.87996665,0.01412277,0.01412102,-0.02720000,0.00000000,-0.00051381,0.00000000,-0.35303940,-0.05883990,2.61899412,-10.40735602,8.46542449,-1.14875084
82,1788665387.00001669,-18.72571268,35.19163133,2.79862461,map,37.28911100,127.10703300,2,-18.72587567,35.19169634,0.00019596,0.00019596,-0.02910000,0.00000000,-0.01327713,0.22113322,-0.00000000,-0.84337190,2.46953675,-10.41792993,8.48909201,-1.15657551
83,1788665388.02083230,-19.53738731,35.36515223,2.80775713,map,37.28911270,127.10702390,2,-19.53839770,35.36564920,0.02102360,0.02101872,-0.02220000,0.00000000,-0.00052730,-0.05951573,-0.06864655,0.09806650,2.41276043,-10.42723302,8.51032152,-1.15832031
84,1788665389.00050998,-20.38265092,35.58116864,2.88863323,map,37.28911470,127.10701440,2,-20.38284598,35.58122008,0.00068892,0.00068891,-0.02440000,0.00000000,-0.01531305,0.33178709,-0.14709975,-0.71588545,2.32102104,-10.43799669,8.53504186,-1.16701386
85,1788665390.00001717,-21.23183961,35.63107522,2.95894569,map,37.28911540,127.10700490,2,-21.23201118,35.63108561,0.00019596,0.00019596,-0.02610000,0.00000000,-0.00014138,0.03752458,0.95124505,0.45110590,2.29772216,-10.44726308,8.55685504,-1.16966483
86,1788665391.01201653,-22.12105726,35.68871433,3.09407909,map,37.28911610,127.10699490,2,-22.12139941,35.68870927,0.01219770,0.01219588,-0.01950000,0.00000000,-0.00072872,0.04293510,-0.24516625,-0.25497290,2.19745433,-10.45676819,8.57944900,-1.17716896
87,1788665392.01226234,-22.99081816,35.66266430,-3.11311811,map,37.28911600,127.10698510,2,-22.99120930,35.66269179,0.01244370,0.01244190,-0.02280000,0.00000000,-0.01709455,0.40142573,-0.86298520,-0.09806650,2.13369859,-10.46559576,8.60079826,-1.18479970
88,1788665393.00850511,-23.78419662,35.46232413,-2.92993876,map,37.28911470,127.10697610,2,-23.78375863,35.46254594,0.00868720,0.00868626,-0.01680000,0.00000000,0.00006533,-0.04153884,1.62790390,-0.84337190,1.97534304,-10.47298618,8.61921648,-1.19103173
89,1788665394.00001740,-24.57146576,35.12963653,-2.74323996,map,37.28911200,127.10696710,2,-24.57161986,35.12957163,0.00019596,0.00019596,-0.02240000,0.00000000,-0.00732057,0.08342674,0.27458620,-0.31381280,1.81681429,-10.48217709,8.64248677,-1.20152589
90,1788665395.01087379,-25.33659081,34.69357918,-2.65618242,map,37.28910820,127.10695840,2,-25.33717196,34.69413796,0.01105655,0.01105559,-0.05530000,0.00000000,-0.03319051,0.17749998,1.29447780,0.76491870,1.75306209,-10.49675689,8.68046235,-1.21345768
91,1788665396.00001764,-26.08076929,34.18699224,-2.62773918,map,37.28910380,127.10694990,2,-26.08091885,34.18689033,0.00019596,0.00019596,-0.05730000,0.00000000,-0.02610837,0.18483037,1.20621795,-1.75539035,1.73249495,-10.51289491,8.72419519,-1.22287883
92,1788665397.01068807,-26.77825519,33.60296188,-2.50929530,map,37.28909870,127.10694190,2,-26.77849003,33.60279263,0.01086919,0.01086870,-0.04190000,0.00000000,-0.00064016,-0.06492625,1.20621795,-0.18632635,1.66626772,-10.53043910,8.77375211,-1.23252642
93,1788665398.00001788,-27.44236798,32.94755799,-2.34682837,map,37.28909300,127.10693420,2,-27.44250639,32.94742186,0.00019596,0.00019596,-0.05860000,0.00000000,0.00065113,-0.05009095,1.39254430,0.32361945,1.57956927,-10.55534066,8.84724189,-1.25132271
94,1788665399.01818156,-28.02760883,32.17950892,-2.12656475,map,37.28908640,127.10692710,2,-28.02849876,32.17864306,0.01836566,0.01836766,-0.10100000,0.00000000,-0.01430147,0.03961897,0.38245935,-2.61837555,1.44725196,-10.58877663,8.95378830,-1.29075789
95,1788665400.00001788,-28.56419146,31.36552307,-2.05138099,map,37.28907910,127.10692100,2,-28.56430958,31.36534192,0.00019596,0.00019596,-0.13000000,0.00000000,-0.09182967,0.41416663,-0.39226600,0.11767980,1.42283345,-10.62849901,9.09555512,-1.32961256
96,1788665401.02509975,-28.94374675,30.44231678,-1.94838177,map,37.28907090,127.10691630,2,-28.94570492,30.43782927,0.02528193,0.02528820,-0.22310000,0.00000000,-0.00709706,-0.01815142,0.87279185,-1.45138420,1.38408103,-10.66697060,9.26214187,-1.34852995
97,1788665402.00209427,-29.39781337,29.53646846,-2.05264783,map,37.28906270,127.10691140,2,-29.39816818,29.53577518,0.00227207,0.00227210,-0.31050000,0.00000000,0.00534777,-0.01884956,0.16671305,-2.10842975,1.48486698,-10.71596867,9.46903426,-1.33195751
98,1788665403.01215482,-29.95411314,28.63124158,-2.16510218,map,37.28905440,127.10690540,2,-29.95545425,28.62922905,0.01233389,0.01233454,-0.19830000,0.00000000,0.00358062,-0.03926991,-0.56878570,-0.37265270,1.53936439,-10.78048070,9.73173537,-1.32739449
99,1788665404.01182842,-30.47534270,27.77738073,-2.06283020,map,37.28904680,127.10689930,2,-30.47704042,27.77430550,0.01200690,0.01200786,-0.31170000,0.00000000,-0.00948239,0.03839724,-0.58839900,-1.01989160,1.40297371,-10.82682439,9.95049378,-1.39937971
100,1788665405.00001836,-30.94106187,26.83289401,-2.09529830,map,37.28903830,127.10689410,2,-30.94118135,26.83265701,0.00019596,0.00019596,-0.32190000,0.00000000,-0.00456041,0.04380776,0.51975245,-0.47071920,1.44477715,-10.87695081,10.24303748,-1.40342695
101,1788665406.01468539,-31.42502108,25.89759072,-2.11240065,map,37.28902980,127.10688870,2,-31.42859314,25.89433493,0.01487116,0.01487261,-0.39770000,0.00000000,-0.00613146,0.04956735,1.39254430,-1.52983740,1.48310932,-10.93196121,10.57441693,-1.40958551
102,1788665407.00001860,-31.89659255,24.92188456,-1.92093452,map,37.28902120,127.10688300,2,-31.89672082,24.92162376,0.00019596,0.00019596,-0.52830000,0.00000000,-0.05506088,0.16441002,0.16671305,-2.80470190,1.30111506,-10.96948824,11.00375632,-1.57807410
103,1788665408.02196264,-32.24135363,23.84690260,-1.95147721,map,37.28901140,127.10687910,2,-32.24547369,23.83519876,0.02214825,0.02215324,-0.58610000,0.00000000,-0.00423298,-0.01047198,-0.16671305,0.32361945,1.36489627,-10.96526297,11.52434139,-1.58019028
104,1788665408.94696116,-32.05585706,24.33200550,-1.83202528,map,37.28900160,127.10687470,2,-32.62542330,22.74383108,0.94805838,0.94913978,-0.57680000,0.00000000,-0.42002450,0.32428218,-0.61781895,-0.10787315,1.25156094,-10.94594564,12.04032588,-1.73336726
105,1788665409.00001884,-32.62531029,22.74414775,-1.81152943,map,37.28900160,127.10687470,2,-32.62542330,22.74383108,0.00019596,0.00019596,-0.59960000,0.00000000,-0.43207233,0.48031461,0.45110590,0.80414530,1.23427908,-10.93624905,12.09944474,-1.77653759
106,1788665409.82175756,-32.58278429,23.24981395,-1.46804657,map,37.28900160,127.10687470,2,-32.62542330,22.74383108,0.82329730,0.82373308,-0.68320000,0.00000000,-0.30856526,0.34766959,0.52955910,-1.40235095,0.89092891,-10.75374523,12.57383736,-2.12181250
107,1788665410.02709508,-32.64524697,21.60643364,-1.37506986,map,37.28899130,127.10687320,2,-32.64264416,21.59181099,0.02727658,0.02728600,-0.53960000,0.00000000,-0.05171859,0.04171337,0.80414530,0.92182510,0.86316531,-10.68644940,12.68147531,-2.14519307
108,1788665410.99237537,-32.74466172,22.10821662,-1.37491177,map,37.28898130,127.10687530,2,-32.45594130,20.48212950,0.99328260,0.99469812,-0.51970000,0.00000000,-0.28470556,0.24347343,0.10787315,1.03950490,0.86241283,-10.39014845,13.13098267,-2.22075815
109,1788665411.00511456,-32.45645514,20.48496640,-1.37118998,map,37.28898130,127.10687530,2,-32.45594130,20.48212950,0.00529182,0.00529216,-0.51970000,0.00000000,-0.28470556,0.32655110,-0.71588545,1.35331770,0.84656573,-10.39014845,13.13098267,-2.22075815
110,1788665411.91181493,-32.60198575,20.98287527,-1.27215921,map,37.28897140,127.10687840,2,-32.15382318,19.39015997,0.91282230,0.91396005,-0.58410000,0.00000000,-0.00300164,-0.05515240,0.59820565,0.19613300,0.75962880,-10.03638463,13.53630874,-2.30715394
111,1788665412.01233578,-32.15570862,19.39657768,-1.27731372,map,37.28897140,127.10687840,2,-32.15382318,19.39015997,0.01251381,0.01251527,-0.52130000,0.00000000,-0.00238930,-0.08848819,0.77472535,-0.21574630,0.76510144,-10.00119214,13.57513401,-2.30739412
112,1788665413.01184821,-31.86837171,18.34019216,-1.27693806,map,37.28896190,127.10688170,2,-31.86669129,18.33424334,0.01202603,0.01202741,-0.49040000,0.00000000,-0.35710821,0.42289328,1.12776475,-0.92182510,0.72111146,-9.65931249,13.94103722,-2.41632810
113,1788665414.00001931,-31.43516206,17.31447798,-1.12922897,map,37.28895260,127.10688620,2,-31.43503816,17.31419036,0.00019596,0.00019596,-0.54130000,0.00000000,-0.00932287,-0.02722714,-1.00027830,-2.32417605,0.60105554,-9.28589140,14.22907337,-2.50632053
114,1788665415.01433229,-30.93261761,16.37352091,-0.90430336,map,37.28894390,127.10689150,2,-30.92860923,16.36960182,0.01451720,0.01451791,-0.46240000,0.00000000,-0.13125502,0.06946410,0.01961330,-0.23535960,0.38007533,-8.84812087,14.50267081,-2.72316923
115,1788665415.99108028,-31.24076950,16.77463974,-0.95091089,map,37.28893600,127.10689930,2,-30.23127155,15.49702935,0.99249320,0.99291253,-0.54080000,0.00000000,-0.00360536,-0.07033677,0.16671305,0.08825985,0.41534619,-8.34750459,14.72182617,-2.73092646
116,1788665416.00001931,-30.23146937,15.49727985,-0.95191043,map,37.28893600,127.10689930,2,-30.23127155,15.49702935,0.00019596,0.00019596,-0.54080000,0.00000000,-0.00360536,-0.07033677,0.16671305,0.08825985,0.41534619,-8.34750459,14.72182617,-2.73092646
117,1788665416.86384153,-30.53326665,15.90254949,-0.80924182,map,37.28892780,127.10690670,2,-29.56027467,14.59913211,0.86510026,0.86547531,-0.66120000,0.00000000,-0.29093053,0.26686084,1.50041745,-0.77472535,0.28950691,-7.84016152,14.91571144,-2.90828623
118,1788665417.01788259,-29.56801477,14.60579613,-0.77623962,map,37.28892780,127.10690670,2,-29.56027467,14.59913211,0.01806960,0.01806956,-0.57400000,0.00000000,-0.14952212,0.05061455,-0.06864655,-0.21574630,0.25733069,-7.78419928,14.92900996,-2.92326987
119,1788665417.84128189,-29.93364662,14.95213312,-0.65891374,map,37.28892040,127.10691590,2,-29.56027467,14.59913211,0.84321751,0.84316647,-0.57120000,0.00000000,-0.42162726,0.40229839,0.15690640,-0.91201845,0.12151636,-7.28064898,15.02043849,-3.09758034
120,1788665418.00001955,-28.71564267,13.80929371,-0.57076842,map,37.28892040,127.10691590,2,-28.71538740,13.80906056,0.00019596,0.00019596,-0.61720000,0.00000000,-0.24649796,0.31799899,-0.02941995,0.61781895,0.06962949,-7.15608398,15.02376226,3.12589592
121,1788665418.77170038,-29.15477617,14.07651914,-0.55197279,map,37.28892040,127.10691590,2,-28.71538740,13.80906056,0.77345453,0.77330049,-0.79900000,0.00000000,-0.32042747,0.33073989,-1.52003075,-0.76491870,0.04338060,-6.60476803,15.00284785,3.04719486
122,1788665419.02246857,-27.73123115,13.18544706,-0.48996112,map,37.28891450,127.10692700,2,-27.71618993,13.17611518,0.02265348,0.02264961,-0.80670000,0.00000000,-0.37777142,0.10227629,-4.56009225,0.64723890,-0.04305465,-6.42660817,14.98162243,2.95703561
123,1788665420.01170754,-26.93211234,12.78286406,-0.42517341,map,37.28891080,127.10693570,2,-26.93474770,12.78392418,0.01188610,0.01188505,0.18260000,0.00000000,0.00015217,0.20193459,-4.46202575,1.14737805,-0.04795839,-6.18343634,14.93126562,2.92144425
124,1788665421.00001979,-26.41197096,12.50592429,-0.49688296,map,37.28890830,127.10694160,2,-26.41189266,12.50588224,0.00019596,0.00019596,0.14110000,0.00000000,0.01689528,-0.01378810,0.49033250,-2.06920315,-0.00822093,-6.29193827,14.95549817,2.92392981
125,1788665422.00739551,-25.83078292,12.13875534,-0.49985048,map,37.28890510,127.10694820,2,-25.83220285,12.14017686,0.00757415,0.00757373,0.21060000,0.00000000,0.06879554,0.13892821,1.89268345,-0.29419950,-0.00890284,-6.46517340,14.99258767,2.96006477
126,1788665423.09043336,-25.38707700,11.90503742,-0.48455912,map,37.28890300,127.10695300,2,-25.40325770,11.91334517,0.09070325,0.09065647,0.12800000,0.00000000,-0.00280912,-0.16318829,-1.20621795,1.40235095,-0.00479891,-6.59415242,15.01551569,2.97053497
127,1788665424.01577282,-24.82168859,11.60044417,-0.56879797,map,37.28890030,127.10695960,2,-24.82450333,11.60203576,0.01595509,0.01595356,0.18580000,0.00000000,0.05922553,0.12095132,0.12748645,1.56906400,0.01339612,-6.70193322,15.03418854,2.97818795
128,1788665425.00002003,-24.19255654,11.25759954,-0.38673881,map,37.28889700,127.10696660,2,-24.19246693,11.25755000,0.00019596,0.00019596,0.21690000,0.00000000,0.14899139,0.29530971,0.36284605,1.71616375,-0.16249699,-6.88290246,15.05609939,3.07165806
129,1788665426.02479315,-23.50989364,11.05591154,-0.28481899,map,37.28889490,127.10697410,2,-23.51563844,11.05647947,0.02498027,0.02497293,0.20770000,0.00000000,0.07695609,0.14067354,-0.05883990,-0.24516625,-0.24193175,-7.04856336,15.06306641,3.11952066
130,1788665427.00244403,-22.83427075,10.91424457,-0.12438500,map,37.28889330,127.10698170,2,-22.83455127,10.91424744,0.00261991,0.00261983,0.11210000,0.00000000,0.00151028,-0.02443461,0.98066500,-0.53936575,-0.36722650,-7.20940919,15.06022585,-3.09788820
131,1788665428.01188064,-22.13995056,10.85502624,-0.00511413,map,37.28889260,127.10698950,2,-22.14140643,10.85508658,0.01205889,0.01205720,0.09260000,0.00000000,0.06544336,0.27628562,-0.14709975,-0.33342610,-0.46831154,-7.35239748,15.05122648,-3.03142083
132,1788665429.01166344,-21.43874161,10.91264926,0.07295711,map,37.28889290,127.10699740,2,-21.44116809,10.91233694,0.01184141,0.01183973,0.17700000,0.00000000,0.09419198,0.17627825,-0.16671305,-0.90221180,-0.50466050,-7.51400810,15.03007111,-2.98669679
133,1788665430.00002050,-20.73989586,11.04840070,0.27554535,map,37.28889370,127.10700540,2,-20.73978565,11.04842313,0.00019596,0.00019596,0.10110000,0.00000000,0.07306675,0.34784412,-1.01008495,-1.85345685,-0.71453094,-7.61512594,15.01099639,-2.91336627
134,1788665431.01156211,-20.09045963,11.35056358,0.51069117,map,37.28889600,127.10701290,2,-20.09321375,11.34988302,0.01174386,0.01174287,0.16530000,0.00000000,0.00252552,-0.21868976,0.30400615,-1.28467115,-0.92236281,-7.72610422,14.98144272,-2.86127468
135,1788665432.00002050,-19.47424990,11.74123060,0.51761222,map,37.28889950,127.10701990,2,-19.47414862,11.74129712,0.00019596,0.00019596,0.11340000,0.00000000,0.05740276,0.24260077,-1.25525120,-0.27458620,-0.93003524,-7.82142349,14.95385017,-2.84728454
136,1788665433.01307440,-18.91909914,12.17432545,0.78513510,map,37.28890300,127.10702650,2,-18.92057564,12.17390866,0.01325538,0.01325536,0.03440000,0.00000000,0.02512924,0.19216075,1.00027830,-2.42224255,-1.21582264,-7.90589834,14.92574984,-2.78469659
137,1788665434.00002074,-18.50751411,12.73419599,0.92579880,map,37.28890780,127.10703150,2,-18.50744834,12.73428699,0.00019596,0.00019596,0.05940000,0.00000000,-0.00024750,-0.05305801,-0.07845320,0.12748645,-1.33068383,-8.00724247,14.88537891,-2.75364117
138,1788665435.01594353,-18.10589394,13.34411541,0.91744547,map,37.28891330,127.10703600,2,-18.10639275,13.34308066,0.01612396,0.01612491,0.03950000,0.00000000,-0.00017556,-0.06684611,0.02941995,1.45138420,-1.30595308,-8.04570263,14.86965920,-2.75353773
139,1788665436.00002074,-17.67046996,13.91885809,0.88928253,map,37.28891850,127.10704090,2,-17.67039257,13.91896132,0.00019596,0.00019596,0.12720000,0.00000000,0.05525005,0.11327187,0.13729310,0.47071920,-1.29780575,-8.09545376,14.84925320,-2.74391568
140,1788665437.01822877,-17.28924222,14.51053602,0.97036688,map,37.28892370,127.10704540,2,-17.29008252,14.50945291,0.01840720,0.01840893,0.04550000,0.00000000,-0.00035389,-0.09791297,-0.72569210,-1.27486450,-1.39078059,-8.18996432,14.80707407,-2.70998863
141,1788665438.01185656,-16.89180838,15.11659472,0.98222453,map,37.28892920,127.10704980,2,-16.89291518,15.11512017,0.01203290,0.01203354,0.15660000,0.00000000,0.08917570,0.11763519,0.23535960,-0.53936575,-1.39871513,-8.24893143,14.77968191,-2.69162011
142,1788665439.02040291,-16.57244014,15.76398910,1.09562326,map,37.28893490,127.10705370,2,-16.57298271,15.76330928,0.02058027,0.02058339,0.02790000,0.00000000,0.00058517,-0.02443461,-0.36284605,1.03950490,-1.50304040,-8.33285148,14.73713056,-2.66233935
143,1788665440.00002098,-16.26591692,16.41493185,1.05805262,map,37.28894080,127.10705710,2,-16.26586045,16.41505339,0.00019596,0.00019596,0.02590000,0.00000000,0.00038132,-0.05113815,1.32389775,0.68646550,-1.48666158,-8.35496272,14.72563546,-2.66193954
144,1788665441.01970363,-15.93500697,17.06930707,1.06817835,map,37.28894670,127.10706080,2,-15.93483154,17.06815689,0.01989352,0.01989649,0.00540000,0.00000000,0.00008100,-0.03316126,0.57859235,-2.17707630,-1.47061438,-8.35583421,14.72518223,-2.66193650
145,1788665442.00002122,-15.58755302,17.72190681,1.03606249,map,37.28895260,127.10706470,2,-15.58748607,17.72203493,0.00019596,0.00019596,-0.01190000,0.00000000,-0.00011735,-0.12601277,-1.13757140,-1.45138420,-1.43516374,-8.34838309,14.72905734,-2.66211459
146,1788665443.02185225,-15.24433470,18.34101647,1.01318101,map,37.28895820,127.10706850,2,-15.24418326,18.33966200,0.02206985,0.02207287,-0.02340000,0.00000000,-0.00066959,-0.03089233,-0.24516625,-4.30511935,-1.38636015,-8.33442377,14.73631289,-2.66245885
147,1788665444.00002122,-14.88024338,18.97178568,1.01212705,map,37.28896390,127.10707260,2,-14.88016097,18.97193057,0.00022495,0.00022495,-0.01380000,0.00000000,-0.00034504,0.06702064,-1.34351105,-3.83440015,-1.36195246,-8.31460603,14.74660355,-2.66290234
148,1788665445.02378368,-14.48662438,19.57066900,0.76183976,map,37.28896950,127.10707670,2,-14.48803663,19.57212797,0.02397105,0.02397077,0.00580000,0.00000000,-0.00170267,-0.13927727,0.27458620,0.11767980,-1.13381389,-8.30872970,14.74964839,-2.66171486
149,1788665446.00002146,-13.94123147,20.06959372,0.70250933,map,37.28897420,127.10708260,2,-13.94112579,20.06969172,0.00019596,0.00019596,-0.01770000,0.00000000,0.00023355,-0.07435103,-0.33342610,-0.02941995,-1.08995468,-8.30281045,14.75272181,-2.66222852
150,1788665447.02575493,-13.39478892,20.57286516,0.66609536,map,37.28897880,127.10708870,2,-13.39446684,20.57313570,0.02593642,0.02593428,-0.02540000,0.00000000,0.00064213,-0.09459685,0.22555295,-0.13729310,-1.04468262,-8.28321264,14.76291093,-2.66195937
151,1788665448.00358176,-12.80988956,20.99725976,0.39479768,map,37.28898300,127.10709500,2,-12.80967268,20.99740928,0.00375654,0.00375641,-0.01540000,0.00000000,0.01116521,-0.37419859,0.72569210,0.56878570,-0.79151027,-8.26867381,14.77054586,-2.65164226
152,1788665449.01214647,-12.14599162,21.22828008,0.22123629,map,37.28898550,127.10710230,2,-12.14571038,21.22829731,0.01232340,0.01232179,-0.02400000,0.00000000,0.00010667,0.03333579,1.06892485,1.21602460,-0.65484041,-8.25168790,14.77964210,-2.64958033
153,1788665450.01197577,-11.43507875,21.39929431,0.18388523,map,37.28898710,127.10711030,2,-11.43488389,21.39931876,0.01215246,0.01215078,-0.01900000,0.00000000,0.00940307,-0.24312436,-0.67665885,-0.65704555,-0.59624680,-8.23253327,14.78991402,-2.64745967
154,1788665451.00002170,-10.73970092,21.47266666,-0.12538819,map,37.28898840,127.10711810,2,-10.73956274,21.47268197,0.00019596,0.00019596,-0.01380000,0.00000000,0.00538096,-0.17348573,0.43149260,1.16699135,-0.25288647,-8.21735355,14.79819881,-2.63590135
155,1788665452.00920725,-10.02441421,21.32863872,-0.19822346,map,37.28898730,127.10712620,2,-10.02455078,21.32933089,0.00938575,0.00938462,-0.02180000,0.00000000,0.00057535,-0.13299409,0.54917240,-1.81423025,-0.18108495,-8.19817883,14.80883672,-2.63470065
156,1788665453.00002170,-9.30080829,21.16016331,-0.26392309,map,37.28898590,127.10713440,2,-9.30066389,21.16013036,0.00019596,0.00019596,-0.02940000,0.00000000,0.00086580,0.05375614,-1.06892485,-1.01989160,-0.12731347,-8.17584676,14.82124511,-2.63409913
157,1788665454.01317120,-8.59514866,20.94629641,-0.32023246,map,37.28898410,127.10714240,2,-8.59526551,20.94704275,0.01335195,0.01334995,-0.01910000,0.00000000,0.00033427,-0.05759587,0.84337190,-0.18632635,-0.08852724,-8.15523039,14.83271561,-2.63359796
158,1788665455.00002193,-7.90974496,20.70909455,-0.40359643,map,37.28898210,127.10715020,2,-7.90960813,20.70904733,0.00019596,0.00019596,-0.02470000,0.00000000,0.00066904,-0.04468043,0.94143840,0.37265270,-0.01616536,-8.13718458,14.84278270,-2.63213950
159,1788665456.01598406,-7.23039336,20.42402406,-0.43445972,map,37.28897960,127.10715790,2,-7.23011411,20.42412525,0.01616498,0.01616262,-0.02390000,0.00000000,0.00003651,-0.05637413,0.30400615,-0.14709975,0.02129234,-8.11778845,14.85362009,-2.63203878
160,1788665457.00002193,-6.57201780,20.14032687,-0.40263967,map,37.28897700,127.10716530,2,-6.57188620,20.14027080,0.00019596,0.00019596,-0.02670000,0.00000000,-0.00044873,-0.18448130,0.44129925,-1.30428445,0.00151391,-8.09562074,14.86596559,-2.63413882
161,1788665458.01776028,-5.90034483,19.84556852,-0.47818938,map,37.28897440,127.10717290,2,-5.90028414,19.84659736,0.01793941,0.01793680,-0.02330000,0.00000000,0.00028155,0.02617994,-0.38245935,-2.25552950,0.03472363,-8.07597643,14.87688924,-2.63399067
162,1788665459.01213050,-5.25868541,19.52455644,-0.46978707,map,37.28897160,127.10718020,2,-5.25859092,19.52452277,0.01230663,0.01230559,-0.01660000,0.00000000,-0.00382485,-0.07120943,0.38245935,-0.99047165,0.07538355,-8.05666781,14.88763213,-2.63419117
163,1788665460.01921439,-4.59542613,19.21926022,-0.42706742,map,37.28896870,127.10718760,2,-4.59474522,19.21874982,0.01982210,0.01981903,-0.02240000,0.00000000,-0.00032357,-0.01780236,0.01961330,-2.56934230,-0.03476875,-8.04218158,14.89565220,-2.63649723
164,1788665461.00002217,-3.92571238,18.94224115,-0.46372572,map,37.28896630,127.10719520,2,-3.92557879,18.94218670,0.00019596,0.00019596,-0.03040000,0.00000000,-0.00041379,-0.02949606,-0.07845320,-0.83356525,-0.03661160,-8.02351737,14.90596880,-2.63683358
165,1788665462.02155042,-3.26888110,18.62111940,-0.41379061,map,37.28896340,127.10720260,2,-3.26893475,18.62136288,0.02174604,0.02174153,-0.02450000,0.00000000,-0.00047982,-0.01466077,-0.12748645,1.49061080,-0.01435194,-8.00102756,14.91838991,-2.63720841
166,1788665463.00002217,-2.60676040,18.28309741,-0.48427449,map,37.28896040,127.10721010,2,-2.60662904,18.28303007,0.00019596,0.00019596,-0.02280000,0.00000000,-0.00034835,-0.05113815,0.13729310,-0.74530540,0.01043141,-7.98291768,14.92838324,-2.63753048
167,1788665464.02448487,-1.94507969,17.92136901,-0.51789694,map,37.28895720,127.10721760,2,-1.94545132,17.92080658,0.02468004,0.02467566,-0.02260000,0.00000000,-0.00033901,-0.03508112,-0.00000000,0.70607880,0.03248168,-7.96102605,14.94045283,-2.63798650
168,1788665465.00072098,-1.25870774,17.54661626,-0.55956917,map,37.28895390,127.10722540,2,-1.25858107,17.54654842,0.00089454,0.00089454,-0.01790000,0.00000000,-0.00021630,-0.04886922,-0.12748645,-0.65704555,0.05867657,-7.94054515,14.95173204,-2.63843086
169,1788665466.02681947,-0.59544664,17.13174413,-0.54360458,map,37.28895020,127.10723290,2,-0.59603236,17.13203093,0.02701130,0.02700649,-0.01310000,0.00000000,-0.00027112,0.01937315,-0.13729310,-0.05883990,0.08032046,-7.92404355,14.96081104,-2.63881832
170,1788665467.00540566,0.09179968,16.72663448,-0.61271411,map,37.28894660,127.10724070,2,0.09170469,16.72670809,0.00557954,0.00557939,0.03520000,0.00000000,-0.00619281,-0.15777776,0.12748645,-0.36284605,0.10348843,-7.91057594,14.96821471,-2.63974802
171,1788665468.00002241,0.68747014,16.22538273,-0.92964683,map,37.28894250,127.10724790,2,0.68758604,16.22528591,0.00019596,0.00019596,-0.00940000,0.00000000,0.00236897,-0.16964600,1.37293100,0.50994580,0.41944568,-7.90557947,14.97095743,-2.63586847
172,1788665469.01314354,1.18561426,15.58063374,-0.97696754,map,37.28893680,127.10725370,2,1.18575128,15.58052247,0.01331853,0.01331930,-0.02990000,0.00000000,0.00115061,-0.05654867,0.93163175,-0.38245935,0.49256585,-7.89167615,14.97865935,-2.63540004
173,1788665470.00002265,1.64378832,14.91825513,-1.05905889,map,37.28893090,127.10725900,2,1.64387742,14.91812744,0.00019596,0.00019596,0.03540000,0.00000000,-0.01439396,-0.30595622,-0.06864655,0.11767980,0.58248813,-7.88732242,14.98107391,-2.63697589
174,1788665471.01336622,1.94607320,14.12561677,-1.33092221,map,37.28892400,127.10726310,2,1.94501470,14.12635958,0.01354591,0.01354818,0.01850000,0.00000000,-0.00059108,-0.04450590,0.27458620,-0.83356525,0.79353708,-7.90634554,14.97065942,-2.64287767
175,1788665472.00002265,2.17265090,13.38292331,-1.39198726,map,37.28891710,127.10726590,0,2.18022826,13.35771743,0.03240457,0.03240632,-0.02430000,0.00000000,0.00065821,-0.06492625,0.45110590,-1.20621795,0.85622234,-7.88441939,14.98260938,-2.64222336
176,1788665473.01484179,2.36461553,12.50867883,-1.45868155,map,37.28890930,127.10726820,0,2.36882744,12.48968859,0.03599104,0.03599576,-0.05320000,0.00000000,0.00102712,-0.05532694,-0.35303940,-0.08825985,0.92316420,-7.84414245,15.00460681,-2.64109898
177,1788665474.00002265,2.49675682,11.52270986,-1.65512740,map,37.28890060,127.10727000,2,2.49678314,11.52251055,0.00019596,0.00019596,-0.07800000,0.00000000,0.04168236,-0.31642819,1.38273765,1.30428445,1.08990176,-7.78636027,15.03662523,-2.61867284
178,1788665475.02642846,2.38373514,10.58655614,-1.76672950,map,37.28889210,127.10726920,2,2.38288751,10.58395478,0.02661243,0.02662160,-0.13560000,0.00000000,0.00065917,-0.14381513,-0.04903325,-0.59820565,1.21803025,-7.68190867,15.09760354,-2.61210849
179,1788665476.00023675,2.18887422,9.62283717,-1.86290733,map,37.28888340,127.10726720,2,2.18881685,9.62257834,0.00040980,0.00040980,-0.18270000,0.00000000,0.00114188,-0.04433136,0.29419950,-0.07845320,1.28163771,-7.50588360,15.20065536,-2.61158222
180,1788665477.00002289,1.92587656,8.63988851,-1.90733676,map,37.28887450,127.10726440,2,1.92580946,8.63964753,0.00019596,0.00019596,-0.27880000,0.00000000,0.00058083,-0.00925025,-0.04903325,-0.43149260,1.34466143,-7.26575965,15.34140568,-2.61122834
181,1788665478.01181626,1.59167532,7.69343244,-2.00375520,map,37.28886590,127.10726080,2,1.59093740,7.69155894,0.01199014,0.01199127,-0.13120000,0.00000000,0.00264241,-0.12880530,-0.01961330,0.17651970,1.43602675,-7.04074936,15.47648338,-2.59599077
182,1788665479.01229286,1.40411279,7.22994122,-2.07231504,map,37.28886170,127.10725880,2,1.40422675,7.22989596,0.01246728,0.01246824,0.05090000,0.00000000,0.00041003,-0.10611602,0.85317855,-1.14737805,1.46863518,-7.06317882,15.46286905,-2.59621705
183,1788665480.01489639,1.09275335,6.55169579,-2.02590812,map,37.28885560,127.10725530,2,1.09305149,6.55335560,0.01507757,0.01507951,0.06940000,0.00000000,0.00784403,0.01064651,0.08825985,1.22583125,1.45182642,-7.13765199,15.41672351,-2.57982007
184,1788665481.00002313,0.83388586,5.87690900,-1.92738541,map,37.28884960,127.10725210,2,0.83384537,5.87680276,0.00019596,0.00019596,0.04720000,0.00000000,0.00021633,0.00750492,0.45110590,-0.33342610,1.35601091,-7.24900025,15.34265008,-2.53541908
185,1788665482.02170944,0.58380290,5.19128602,-1.97085929,map,37.28884340,127.10724940,2,0.58553742,5.19223249,0.02189497,0.02189968,0.02880000,0.00000000,0.00017200,-0.03385939,0.00980665,-1.34351105,1.37279086,-7.27782532,15.32266320,-2.53518799
186,1788665483.00002313,0.33145679,4.47354700,-1.99837216,map,37.28883690,127.10724660,2,0.33141032,4.47341205,0.00019596,0.00019596,0.04090000,0.00000000,0.00021018,0.04799655,0.73549875,-0.83356525,1.40216619,-7.29995072,15.30731544,-2.53505217
187,1788665484.02524853,0.05860994,3.78727883,-2.00269092,map,37.28883070,127.10724360,2,0.06045127,3.78764772,0.02543243,0.02543839,0.03550000,0.00000000,-0.00003451,-0.01989675,0.43149260,0.03922660,1.42680887,-7.31114559,15.29954832,-2.53501447
188,1788665485.00002337,-0.22337024,3.08871065,-2.02083590,map,37.28882440,127.10724040,2,-0.22343014,3.08855867,0.00022495,0.00022495,-0.00370000,0.00000000,-0.00004317,-0.05637413,0.32361945,0.97085835,1.45081536,-7.32641913,15.28895033,-2.53493598
189,1788665486.00002337,-0.52196029,2.41471931,-2.05840493,map,37.28881830,127.10723710,2,-0.52202457,2.41457075,0.00022495,0.00022495,-0.01180000,0.00000000,-0.00010325,0.01169371,0.30400615,-0.79433865,1.44634657,-7.33166045,15.28531303,-2.53490550
190,1788665487.00463414,-0.84558690,1.73998422,-2.07236938,map,37.28881220,127.10723350,2,-0.84561438,1.73992556,0.00483590,0.00483606,0.00180000,0.00000000,0.00001400,-0.04468043,0.26477955,-0.09806650,1.46147232,-7.33996163,15.27955183,-2.53485379
191,1788665488.01196599,-1.18784824,1.08793728,-2.09494172,map,37.28880630,127.10722970,2,-1.18772571,1.08805049,0.01216878,0.01216964,0.00240000,0.00000000,0.00001100,-0.07766715,0.13729310,-0.81395195,1.48768572,-7.34630064,15.27515199,-2.53481685
192,1788665489.01433253,-1.53458491,0.43715124,-2.12401520,map,37.28880040,127.10722590,2,-1.53356898,0.43868566,0.01450687,0.01450796,0.10150000,0.00000000,0.05217897,0.24120450,-0.81395195,1.34351105,1.48143845,-7.37204336,15.25719926,-2.52378194
193,1788665490.00002360,-1.84225554,-0.20911662,-2.00213420,map,37.28879470,127.10722210,2,-1.84230734,-0.20922474,0.00019596,0.00019596,0.02280000,0.00000000,0.00008233,0.01500983,-0.56878570,0.25497290,1.39789846,-7.43808422,15.20859758,-2.49867335
194,1788665491.01937842,-2.10371822,-0.87920819,-1.98466885,map,37.28878870,127.10721910,2,-2.10259198,-0.87760711,0.01956483,0.01956847,0.02320000,0.00000000,-0.00011278,-0.05515240,-0.44129925,-2.08881645,1.37638972,-7.51346547,15.15085083,-2.47948075
195,1788665492.00002360,-2.37071859,-1.55349821,-1.95904236,map,37.28878260,127.10721610,2,-2.37077078,-1.55363375,0.00022495,0.00022495,0.12130000,0.00000000,0.03770904,0.03333579,0.18632635,0.15690640,1.35267811,-7.56885642,15.10732638,-2.46276215
196,1788665493.02263379,-2.57986140,-2.22287920,-1.96645823,map,37.28877660,127.10721370,2,-2.57898478,-2.22144115,0.02282003,0.02282520,0.01400000,0.00000000,0.00006417,-0.00314159,-0.50994580,1.34351105,1.36901440,-7.61629283,15.06890798,-2.45998146
197,1788665494.00339603,-2.84488946,-2.89852960,-1.96407579,map,37.28877050,127.10721070,2,-2.84475940,-2.89849735,0.00356857,0.00356869,0.02140000,0.00000000,0.00005944,-0.03176499,0.16671305,-0.50013915,1.38364693,-7.63788438,15.05138912,-2.45990867
198,1788665495.00002384,-3.09819576,-3.57312404,-2.00660831,map,37.28876440,127.10720790,2,-3.09824186,-3.57325026,0.00019596,0.00019596,0.03850000,0.00000000,0.00009090,-0.07033677,0.42168595,-0.00000000,1.40795120,-7.65441672,15.03797322,-2.45983436
199,1788665496.00585866,-3.35162353,-4.24541025,-1.91769193,map,37.28875840,127.10720490,2,-3.35148369,-4.24426058,0.00603148,0.00603185,0.16680000,0.00000000,0.00044017,-0.02565634,0.64723890,0.88259850,1.33369959,-7.73133986,14.97361970,-2.43020508
200,1788665497.00002384,-3.58584101,-4.91963564,-1.94393150,map,37.28875230,127.10720230,2,-3.58588322,-4.91975827,0.00019596,0.00019596,0.03130000,0.00000000,-0.00025649,-0.06161012,0.60801230,-0.32361945,1.37560138,-7.75506493,14.95317200,-2.43031400
201,1788665498.00726438,-3.85161468,-5.60438615,-1.98540493,map,37.28874610,127.10719940,2,-3.85152689,-5.60430867,0.00743678,0.00743729,0.02230000,0.00000000,0.00005885,0.01535890,0.35303940,0.64723890,1.40135098,-7.76846873,14.94162222,-2.43039360
202,1788665499.01188135,-4.11439554,-6.28992677,-2.01059031,map,37.28873990,127.10719650,2,-4.11437751,-6.28978351,0.01205457,0.01205565,0.00200000,0.00000000,0.00000778,0.02042035,0.22555295,0.68646550,1.42426168,-7.77645238,14.93474366,-2.43043602
203,1788665500.01167297,-4.37870070,-6.96098867,-1.95935164,map,37.28873390,127.10719340,2,-4.37844660,-6.96037999,0.01184576,0.01184695,0.01500000,0.00000000,0.00009583,-0.01884956,-0.00980665,-0.67665885,1.37255312,-7.84484796,14.87445239,-2.40825703
204,1788665501.00002408,-4.63783858,-7.64735946,-1.96850914,map,37.28872770,127.10719050,2,-4.63788584,-7.64748649,0.00019596,0.00019596,0.05490000,0.00000000,0.00018300,-0.03909538,-0.09806650,0.57859235,1.39838725,-7.86213650,14.85887460,-2.40813884
205,1788665502.01235223,-4.91357750,-8.33198273,-2.01560440,map,37.28872150,127.10718750,2,-4.91325010,-8.33136283,0.01252998,0.01253136,-0.00390000,0.00000000,-0.00001029,-0.01064651,0.26477955,-0.93163175,1.41365466,-7.87265465,14.84939573,-2.40809754
206,1788665503.00002408,-5.19907568,-9.04045487,-2.02810546,map,37.28871510,127.10718430,2,-5.19912963,-9.04058983,0.00019596,0.00019596,0.00280000,0.00000000,-0.00001244,-0.02862340,0.46091255,0.24516625,1.43126428,-7.88201475,14.84095983,-2.40805362
207,1788665504.01642203,-5.49905045,-9.70347542,-2.06352876,map,37.28870910,127.10718100,2,-5.49892127,-9.70280010,0.01660139,0.01660352,-0.01010000,0.00000000,-0.00000982,0.00750492,-0.32361945,-0.69627215,1.44937691,-7.88786824,14.83568396,-2.40805106
208,1788665505.00002408,-5.82424233,-10.37623261,-2.09369826,map,37.28870300,127.10717740,2,-5.82430420,-10.37636186,0.00019596,0.00019596,-0.00520000,0.00000000,-0.00000433,-0.00174533,-0.25497290,0.28439285,1.46411737,-7.89271723,14.83131351,-2.40806022
209,1788665506.01965165,-6.16079911,-11.04508300,-2.00889242,map,37.28869700,127.10717360,2,-6.16029200,-11.04276711,0.01983034,0.01983383,0.10350000,0.00000000,0.07193833,0.25726153,-0.32361945,0.08825985,1.38903921,-7.93691915,14.79076066,-2.37802426
210,1788665507.00002432,-6.41102928,-11.70922332,-1.97474925,map,37.28869110,127.10717050,2,-6.41106987,-11.70933501,0.00019596,0.00019596,0.11040000,0.00000000,0.02785447,0.04066617,0.39226600,-0.16671305,1.35218775,-8.00480564,14.72425660,-2.35880414
211,1788665508.02652359,-6.63500005,-12.41317745,-1.91921479,map,37.28868480,127.10716790,2,-6.63438614,-12.41137791,0.02669951,0.02670726,0.06380000,0.00000000,0.00007975,-0.10419616,0.14709975,0.49033250,1.31818088,-8.06559151,14.66235519,-2.34211644
212,1788665509.01173520,-6.85868509,-13.12109354,-1.95278382,map,37.28867840,127.10716540,2,-6.85854793,-13.12066924,0.01190779,0.01190901,0.04060000,0.00000000,0.00003383,-0.02652900,0.17651970,0.58839900,1.33584969,-8.08456254,14.64284409,-2.34223167
213,1788665510.01189375,-7.13294896,-13.79439521,-1.98855807,map,37.28867230,127.10716240,2,-7.13284557,-13.79417989,0.01206652,0.01206766,0.00810000,0.00000000,-0.00002250,-0.01466077,-0.55897905,-0.25497290,1.38714668,-8.09980631,14.62716940,-2.34227903
214,1788665511.00972748,-7.38991386,-14.46559693,-1.91165696,map,37.28866630,127.10715940,2,-7.38881975,-14.46417088,0.00990257,0.00990362,0.14120000,0.00000000,0.04264093,0.07051130,-0.02941995,0.93163175,1.29388518,-8.16395469,14.55940567,-2.30548893
215,1788665512.00002432,-7.59013669,-15.16417928,-1.93214636,map,37.28866000,127.10715710,2,-7.59017119,-15.16430324,0.00019596,0.00019596,0.06160000,0.00000000,0.00092404,-0.02652900,0.48052585,-0.31381280,1.30547727,-8.20266983,14.51640760,-2.30307271
216,1788665513.01605034,-7.81411648,-15.87486077,-1.93363818,map,37.28865360,127.10715460,2,-7.81312129,-15.87407992,0.01622888,0.01623164,0.06070000,0.00000000,0.00082622,-0.04572763,0.22555295,-0.03922660,1.33607468,-8.22094793,14.49607037,-2.30269943
217,1788665514.00002456,-8.02423724,-16.57024527,-1.96882848,map,37.28864730,127.10715230,2,-8.02427539,-16.57037550,0.00019596,0.00019596,0.00910000,0.00000000,0.00007457,-0.02024582,0.50013915,0.97085835,1.38892234,-8.23572253,14.47962148,-2.30253541
218,1788665515.01789331,-8.27747784,-17.24599978,-1.97176687,map,37.28864120,127.10714950,2,-8.27683644,-17.24550100,0.01807021,0.01807340,0.01080000,0.00000000,0.00005250,-0.00837758,0.10787315,-0.23535960,1.41391462,-8.24643270,14.46769405,-2.30238814
219,1788665516.00002456,-8.54342245,-17.95534607,-1.98877823,map,37.28863480,127.10714650,2,-8.54347084,-17.95547807,0.00019596,0.00019596,0.08800000,0.00000000,0.02857885,0.06510078,0.49033250,1.29447780,1.41999950,-8.26870516,14.44286319,-2.29801188
220,1788665517.02645588,-8.78895347,-18.64561602,-1.96399430,map,37.28862860,127.10714370,2,-8.78841707,-18.64498180,0.02663221,0.02663929,0.00640000,0.00000000,0.00001956,0.01413717,-0.50994580,-1.46119085,1.38929775,-8.31667838,14.38814339,-2.28711141
221,1788665518.01172304,-9.05544524,-19.32182766,-1.98021147,map,37.28862250,127.10714070,2,-9.05523691,-19.32159571,0.01189522,0.01189647,0.01790000,0.00000000,0.00001492,-0.03926991,0.27458620,-0.29419950,1.39767505,-8.33219850,14.37031559,-2.28708248
222,1788665519.01194239,-9.31776744,-20.01846517,-2.01700801,map,37.28861620,127.10713780,2,-9.31770453,-20.01838391,0.01211485,0.01211593,0.01660000,0.00000000,-0.00002075,-0.03612832,0.42168595,1.00027830,1.40772667,-8.34315119,14.35773371,-2.28707370
223,1788665520.00824451,-9.61540505,-20.70341699,-2.03471634,map,37.28861000,127.10713450,2,-9.61579611,-20.70383306,0.00841820,0.00841881,-0.00240000,0.00000000,-0.00001967,0.09424778,0.35303940,0.23535960,1.43109899,-8.35109570,14.34860682,-2.28701350
224,1788665521.00002480,-9.92309938,-21.36656878,-2.06451481,map,37.28860400,127.10713110,2,-9.92315690,-21.36669375,0.00019596,0.00019596,-0.00130000,0.00000000,-0.00000506,0.05009095,-0.26477955,1.17679800,1.45867667,-8.36189206,14.33620234,-2.28694716
225,1788665522.01299357,-10.24730346,-22.04160002,-2.08303744,map,37.28859790,127.10712750,2,-10.24699427,-22.04114108,0.01316948,0.01317074,0.00440000,0.00000000,-0.00000122,-0.09913470,0.21574630,-0.51975245,1.48627688,-8.37166992,14.32496644,-2.28688939
226,1788665523.00002480,-10.55875231,-22.70788293,-1.93851499,map,37.28859200,127.10712370,2,-10.55880486,-22.70799554,0.00019596,0.00019596,0.11020000,0.00000000,0.02250625,0.04276057,0.65704555,0.15690640,1.35150195,-8.43307048,14.25189111,-2.24571006
227,1788665524.02147508,-10.79573505,-23.39876314,-1.97154994,map,37.28858580,127.10712100,2,-10.79512773,-23.39728756,0.02165408,0.02165867,0.03770000,0.00000000,0.00041890,0.00767945,-1.18660465,-1.01989160,1.38319371,-8.46155192,14.21625965,-2.24468726
228,1788665525.00164437,-11.05920313,-24.09352669,-1.97837683,map,37.28857950,127.10711810,2,-11.05917826,-24.09360801,0.00181539,0.00181542,0.03410000,0.00000000,0.00024628,0.00453786,0.14709975,0.10787315,1.40248730,-8.47277312,14.20220613,-2.24449860
229,1788665526.00002503,-11.32900477,-24.77983320,-1.99874860,map,37.28857330,127.10711510,2,-11.32905462,-24.77996278,0.00019596,0.00019596,0.03330000,0.00000000,0.00028213,-0.01047198,1.06892485,0.86298520,1.41727019,-8.48530693,14.18650285,-2.24429830
230,1788665527.00569153,-11.61300843,-25.46368323,-2.04183443,map,37.28856710,127.10711200,2,-11.61297345,-25.46369883,0.00586269,0.00586296,0.00750000,0.00000000,0.00006979,0.01727876,0.34323275,-0.72569210,1.43535639,-8.49582554,14.17331930,-2.24413861
231,1788665528.01241016,-11.90923885,-26.15122750,-2.03438662,map,37.28856090,127.10710870,2,-11.90874572,-26.15012910,0.01258238,0.01258348,0.09080000,0.00000000,0.00355728,0.09197885,0.30400615,-0.51975245,1.43904313,-8.52060662,14.14214098,-2.23914140
232,1788665529.01242924,-12.22252234,-26.81433689,-2.07513919,map,37.28855490,127.10710520,2,-12.22241496,-26.81421239,0.01260132,0.01260234,0.00910000,0.00000000,0.00000000,0.02059489,1.01989160,-0.73549875,1.46177698,-8.53796764,14.12015608,-2.23930476
233,1788665530.00002503,-12.53830973,-27.47678716,-2.10582124,map,37.28854890,127.10710170,2,-12.53836844,-27.47691136,0.00019596,0.00019596,0.03470000,0.00000000,-0.00019760,-0.03071779,0.82375860,1.23563790,1.48321802,-8.54947889,14.10558215,-2.23936593
234,1788665531.01549220,-12.87621178,-28.13987055,-2.17282876,map,37.28854290,127.10709800,2,-12.87433398,-28.13796406,0.01567260,0.01567385,0.16930000,0.00000000,-0.07260818,-0.22252948,0.72569210,-0.20593965,1.58057176,-8.58357297,14.06284291,-2.25721070
235,1788665532.00002527,-13.30556658,-28.72704323,-2.21984406,map,37.28853750,127.10709330,2,-13.30564179,-28.72714572,0.00019596,0.00019596,-0.00210000,0.00000000,-0.00000963,-0.00925025,0.86298520,-0.59820565,1.61990033,-8.62667528,14.01068996,-2.26308945
236,1788665533.02215433,-13.73301473,-29.31930705,-2.27047082,map,37.28853210,127.10708860,2,-13.73160112,-29.31911938,0.02234022,0.02234143,0.01260000,0.00000000,-0.00009800,-0.01553343,-0.49033250,0.88259850,1.63530638,-8.64337294,13.99055270,-2.26309082
237,1788665534.00076818,-14.19138321,-29.86082643,-2.52268874,map,37.28852690,127.10708380,2,-14.19136274,-29.86083509,0.00093896,0.00093895,0.11840000,0.00000000,-0.03527364,-0.26860617,0.82375860,-0.17651970,1.81521906,-8.71808628,13.90377171,-2.31217277
238,1788665535.00002527,-14.76387145,-30.29564980,-2.51963029,map,37.28852280,127.10707750,2,-14.76396779,-30.29572281,0.00019596,0.00019596,0.03580000,0.00000000,-0.00039779,-0.04886922,0.25497290,-0.68646550,1.83884045,-8.77226303,13.84489262,-2.31585783
239,1788665536.00660467,-15.34796859,-30.72003941,-2.58140157,map,37.28851900,127.10707090,2,-15.34769194,-30.71981822,0.00677592,0.00677565,0.04170000,0.00000000,-0.00047493,-0.07539822,0.14709975,0.13729310,1.85968736,-8.79895163,13.81597372,-2.31639917
240,1788665537.00002527,-15.94750937,-31.10955841,-2.63390213,map,37.28851540,127.10706420,2,-15.94761986,-31.10963024,0.00019596,0.00019596,0.06120000,0.00000000,-0.00317197,0.02792527,0.85317855,-1.04931155,1.88540001,-8.81895688,13.79431845,-2.31710853
241,1788665538.01218319,-16.59794430,-31.45574385,-2.73597301,map,37.28851210,127.10705700,2,-16.59648290,-31.45513036,0.01235602,0.01235478,0.15290000,0.00000000,-0.04273829,-0.11728613,0.85317855,-0.66685220,1.96965817,-8.89042684,13.71861233,-2.33773251
242,1788665539.01215887,-17.27751553,-31.68365991,-2.98175754,map,37.28850960,127.10704950,2,-17.27688517,-31.68363740,0.01233189,0.01233021,0.04870000,0.00000000,-0.00080494,-0.16283922,-0.08825985,-0.58839900,2.12036620,-8.97495728,13.63479819,-2.37453005
243,1788665540.01479340,-17.99845735,-31.86843153,-3.02034366,map,37.28850780,127.10704140,2,-17.99756546,-31.86807962,0.01497449,0.01497145,0.03390000,0.00000000,-0.00086643,-0.01151917,0.57859235,0.01961330,2.15154710,-9.00085661,13.60985228,-2.37546441
244,1788665541.00002551,-18.71725688,-31.99348729,3.13279829,map,37.28850650,127.10703330,2,-18.71737926,-31.99351048,0.00019596,0.00019596,0.06730000,0.00000000,-0.05014550,-0.41573743,-0.30400615,-0.29419950,2.33004918,-9.06174898,13.55236712,-2.41111356
245,1788665542.01627326,-19.42314842,-31.92223347,2.91945603,map,37.28850660,127.10702530,2,-19.42163553,-31.92334489,0.01645378,0.01645036,0.07660000,0.00000000,-0.00147890,-0.06387905,0.09806650,-0.12748645,2.52577536,-9.13972900,13.48545171,-2.44285232
246,1788665543.00002551,-20.13761733,-31.74810031,2.88035808,map,37.28850810,127.10701720,2,-20.13774856,-31.74806828,0.00019596,0.00019596,0.06860000,0.00000000,-0.00132445,-0.00296706,0.65704555,0.68646550,2.56072965,-9.16946375,13.46048880,-2.44367855
247,1788665544.02239370,-20.85431868,-31.55013812,2.80446487,map,37.28850980,127.10700910,2,-20.85352837,-31.55072607,0.02258277,0.02257739,0.00610000,0.00000000,-0.00011015,-0.04677482,-0.03922660,-0.55897905,2.59338898,-9.18629688,13.44637618,-2.44417060
248,1788665545.00148988,-21.54432014,-31.30280887,2.72307505,map,37.28851180,127.10700120,2,-21.54439897,-31.30276661,0.00166025,0.00166023,0.00610000,0.00000000,-0.00012286,-0.06702064,0.64723890,0.03922660,2.63336780,-9.20018805,13.43474141,-2.44461084
249,1788665546.00002575,-22.22341283,-31.06195277,2.68534371,map,37.28851390,127.10699350,2,-22.22354266,-31.06190689,0.00019596,0.00019596,0.00420000,0.00000000,-0.00010326,-0.03595378,0.54917240,-1.32389775,2.67706187,-9.20573450,13.43009866,-2.44477760
250,1788665547.00551367,-22.88864549,-30.75645594,2.54903033,map,37.28851650,127.10698590,2,-22.88843487,-30.75663261,0.00568437,0.00568420,0.03630000,0.00000000,-0.02687870,-0.36896260,0.61781895,-0.35303940,2.84641918,-9.25386098,13.39048341,-2.47387318
251,1788665548.00002575,-23.42590843,-30.33736417,2.16778599,map,37.28851970,127.10697920,2,-23.42600929,-30.33728636,0.00019596,0.00019596,0.01860000,0.00000000,-0.01375266,-0.38397244,0.75511205,0.31381280,2.06656030,-9.26986426,13.37803079,-2.48883847
252,1788665549.01203060,-23.75787269,-29.69864813,1.79807456,map,37.28852510,127.10697460,2,-23.75781660,-29.69888250,0.01220129,0.01220292,0.02580000,0.00000000,-0.01903490,-0.36128316,-0.37265270,-0.99047165,2.45599455,-9.28197325,13.36885622,-2.50005591
253,1788665550.01234150,-23.84040386,-29.00124046,1.58750048,map,37.28853130,127.10697300,2,-23.84047603,-29.00143230,0.01251232,0.01251414,0.01870000,0.00000000,-0.00059747,-0.04468043,-0.11767980,0.04903325,2.65694913,-9.32073006,13.34044444,-2.51434729
254,1788665551.01287031,-23.85813830,-28.24712094,1.51046861,map,37.28853810,127.10697260,2,-23.85758261,-28.24703210,0.01304614,0.01304850,-0.00130000,0.00000000,0.00003485,-0.10210176,0.32361945,0.77472535,2.71214224,-9.32093723,13.34029411,-2.51436866
255,1788665552.00002599,-23.81737674,-27.49367799,1.45463265,map,37.28854490,127.10697290,2,-23.81736840,-27.49351904,0.00022495,0.00022495,0.03880000,0.00000000,-0.00113183,-0.07888888,-0.14709975,-0.26477955,2.80935923,-9.35298314,13.31724936,-2.52241899
256,1788665553.01689196,-23.73571339,-26.73127394,1.39097323,map,37.28855190,127.10697370,0,-23.73407988,-26.71841654,0.03556181,0.03556715,0.05800000,0.00000000,-0.01455049,-0.16091936,0.12748645,-1.05911820,2.87763544,-9.35952743,13.31259001,-2.52468309
257,1788665554.00002623,-23.64388077,-25.98112553,1.32493993,map,37.28855900,127.10697460,0,-23.63818088,-25.93378498,0.06202950,0.06203542,-0.00810000,0.00000000,0.00024416,-0.06056293,0.75511205,-0.29419950,2.94294460,-9.36776147,13.30675255,-2.52531244
258,1788665555.01814198,-23.45619774,-25.22993029,1.28814624,map,37.28856560,127.10697660,0,-23.44946944,-25.20440895,0.05519706,0.05520416,0.06700000,0.00000000,0.02737419,0.14311700,-0.17651970,0.90221180,2.97552485,-9.36602071,13.30797701,-2.52150196
259,1788665556.00002623,-23.27395247,-24.55436073,1.33947650,map,37.28857160,127.10697880,0,-23.26859110,-24.53480612,0.03175849,0.03175979,0.00740000,0.00000000,0.00008634,-0.02199115,0.54917240,-0.45110590,2.90718498,-9.40414987,13.28022621,-2.50682818
260,1788665557.01830721,-23.10059613,-23.84637438,1.31791271,map,37.28857800,127.10698070,0,-23.09534696,-23.82570177,0.04835673,0.04836310,-0.01900000,0.00000000,-0.00163026,-0.01291544,0.16671305,0.52955910,2.92819057,-9.39971985,13.28348845,-2.50704915
261,1788665558.00002646,-22.95292811,-23.28946964,1.39926186,map,37.28858280,127.10698250,2,-22.95290284,-23.28937375,0.00019596,0.00019596,0.00870000,0.00000000,-0.00010754,-0.27401669,0.33342610,3.10870805,2.85034015,-9.43433934,13.25761698,-2.49493616
262,1788665559.02432108,-22.83725829,-22.55709194,1.36001922,map,37.28858940,127.10698370,2,-22.83761357,-22.55863712,0.02449255,0.02449924,0.03680000,0.00000000,0.01116140,0.12845623,-1.75539035,1.43177090,2.88791721,-9.43300927,13.25861674,-2.49290734
263,1788665560.01253724,-22.72487197,-21.86574601,1.52728653,map,37.28859560,127.10698540,2,-22.72485979,-21.86573891,0.01270744,0.01270938,0.01310000,0.00000000,-0.00003639,0.01727876,2.35359600,0.79433865,2.77967041,-9.46297582,13.23556923,-2.48174275
264,1788665561.00002670,-22.66347184,-21.14449960,1.54860107,map,37.28860210,127.10698610,2,-22.66346016,-21.14435937,0.00019596,0.00019596,-0.01760000,0.00000000,0.00010022,-0.04590216,-1.07873150,0.50013915,-1.64546700,-9.45506961,13.24170355,-2.48170269
265,1788665562.00843835,-22.60226418,-20.45561147,1.59524263,map,37.28860830,127.10698690,2,-22.60154159,-20.45611296,0.00861016,0.00861118,0.02080000,0.00000000,0.01315127,0.24888395,0.97085835,1.22583125,-1.67560713,-9.45501779,13.24173750,-2.47864149
266,1788665563.00002670,-22.61340456,-19.76027261,1.73469094,map,37.28861460,127.10698720,2,-22.61340516,-19.76014748,0.00019596,0.00019596,-0.00340000,0.00000000,-0.00003400,-0.05742133,0.22555295,0.37265270,-1.77975592,-9.48755353,13.21588337,-2.46506762
267,1788665564.01028848,-22.64744365,-19.05196583,1.92179992,map,37.28862100,127.10698700,2,-22.64730296,-19.05321516,0.01046049,0.01046157,0.09050000,0.00000000,0.03877170,0.17732545,-0.73549875,-0.07845320,-1.91069022,-9.52355725,13.18637267,-2.44002214
268,1788665565.00002694,-22.81270331,-18.34221329,1.92835555,map,37.28862760,127.10698540,0,-22.81569719,-18.32893901,0.01922362,0.01922405,-0.01350000,0.00000000,-0.00001313,-0.00174533,0.25497290,-0.07845320,-1.91327413,-9.53689412,13.17509219,-2.43590856
269,1788665566.01255536,-22.92516402,-17.62706183,1.90664406,map,37.28863400,127.10698410,0,-22.92666639,-17.61711879,0.02672911,0.02673148,-0.00540000,0.00000000,-0.00148678,-0.00418879,-0.07845320,1.01989160,-1.90169660,-9.52449142,13.18565862,-2.43637965
270,1788665567.00002694,-23.12011906,-16.98848124,2.27279274,map,37.28864010,127.10698260,0,-23.12405970,-16.97529641,0.02032085,0.02032129,-0.02020000,0.00000000,-0.01049938,0.26459191,0.75511205,1.20621795,-2.14118635,-9.51214957,13.19606152,-2.44730532
271,1788665568.02216649,-23.39335014,-16.36405073,2.37127503,map,37.28864580,127.10697970,0,-23.39615077,-16.35537795,0.03851873,0.03851877,0.06310000,0.00000000,0.03142576,0.23823744,-0.61781895,-0.15690640,-2.19464661,-9.52188857,13.18793527,-2.44250595
272,1788665569.01200223,-23.76997153,-15.77950852,2.55971199,map,37.28865140,127.10697580,0,-23.77489513,-15.77170700,0.02594404,0.02594317,-0.01390000,0.00000000,-0.00033402,-0.04049164,0.78453200,0.65704555,-2.35007640,-9.53259216,13.17888013,-2.43630381
273,1788665570.02711940,-24.16464858,-15.18554982,2.59046882,map,37.28865680,127.10697140,0,-24.16761803,-15.17621959,0.04063407,0.04062864,-0.01220000,0.00000000,-0.00050001,-0.13124876,1.02969825,-0.20593965,-2.33339112,-9.52127576,13.18851108,-2.43673253
274,1788665571.00637269,-24.58498573,-14.60292716,2.73618644,map,37.28866250,127.10696670,0,-24.60266367,-14.57673305,0.05174770,0.05174478,0.00600000,0.00000000,0.00055331,0.02705260,0.61781895,-2.08881645,-2.49035799,-9.53619895,13.17569167,-2.42587100
275,1788665572.00002742,-25.01782422,-14.08026500,2.79019494,map,37.28866720,127.10696190,0,-25.03174499,-14.06326049,0.03348988,0.03348868,-0.00670000,0.00000000,-0.00471988,0.30211649,-0.72569210,-1.62790390,-2.54779568,-9.53222586,13.17914564,-2.42713679
276,1788665573.01215100,-25.56762079,-13.63393571,2.96412787,map,37.28867140,127.10695580,0,-25.58091846,-13.62146396,0.04121903,0.04121512,0.08570000,0.00000000,0.01936744,0.03682645,0.25497290,1.01989160,-2.61306772,-9.55871829,13.15591618,-2.41760960
277,1788665574.00002742,-26.11669127,-13.22908740,3.06515098,map,37.28867540,127.10694970,0,-26.12937799,-13.21886051,0.02590177,0.02590077,0.08130000,0.00000000,0.03829866,-0.06806784,-0.12748645,-0.38245935,-2.68016581,-9.59159804,13.12646622,-2.40309182
278,1788665575.02490926,-26.68513463,-12.83134631,-3.11241027,map,37.28867920,127.10694330,0,-26.69773640,-12.82285730,0.05018517,0.05017377,-0.02550000,0.00000000,-0.00042148,-0.12130038,0.90221180,-1.05911820,-2.77343930,-9.61826159,13.10178579,-2.38587167
279,1788665576.00609779,-27.28598459,-12.48441004,-2.97178837,map,37.28868250,127.10693650,0,-27.29949600,-12.47550069,0.03166170,0.03165993,0.03030000,0.00000000,0.01550007,0.18221237,0.28439285,1.86326350,-2.96865971,-9.65016841,13.07126665,-2.36300267
280,1788665577.00002766,-27.96267729,-12.24910478,-2.96046397,map,37.28868480,127.10692880,0,-27.97873043,-12.24291590,0.02589946,0.02589852,0.06180000,0.00000000,0.00876814,-0.12967796,0.52955910,-0.74530540,-3.00637808,-9.67977194,13.04185077,-2.35686638
281,1788665578.01219583,-28.63031031,-12.02439813,-2.79159511,map,37.28868710,127.10692120,0,-28.64422492,-12.01776686,0.03807073,0.03806836,0.08390000,0.00000000,0.01550721,-0.03804818,1.03950490,-1.65732385,3.05684365,-9.72957060,12.99044328,-2.32167852
282,1788665579.01216698,-29.36327415,-11.83670105,-2.81996431,map,37.28868880,127.10691290,0,-29.37928991,-11.83157441,0.03742573,0.03742332,0.08740000,0.00000000,0.03588055,0.02408554,-0.64723890,0.40207265,3.05255142,-9.75467953,12.96349251,-2.31585685
283,1788665580.01934600,-30.12048862,-11.79222689,-2.66774831,map,37.28868950,127.10690420,0,-30.13470781,-11.78841130,0.04311031,0.04310569,0.05850000,0.00000000,0.00164960,-0.08552113,0.66685220,2.15746300,2.86910287,-9.79707824,12.91593047,-2.28538406
284,1788665581.00002789,-30.92539856,-11.76828113,-2.72986394,map,37.28868950,127.10689520,0,-30.94322595,-11.76754972,0.02318003,0.02317949,0.03560000,0.00000000,0.00898206,0.10611602,0.84337190,1.21602460,2.89713766,-9.80825467,12.90304156,-2.28386214
285,1788665582.02177882,-31.69640917,-11.87608138,-2.73298112,map,37.28868870,127.10688660,2,-31.69581577,-11.87625404,0.02196434,0.02195969,-0.00860000,0.00000000,0.00005972,-0.04991642,0.21574630,-2.92238170,2.82137689,-9.84566264,12.85889789,-2.26736749
286,1788665583.00060153,-32.55128763,-11.90390198,-2.82795224,map,37.28868820,127.10687710,2,-32.55142967,-11.90396716,0.00076945,0.00076945,-0.02590000,0.00000000,0.00016188,-0.03193953,0.32361945,-1.63771055,2.86199555,-9.83956088,12.86619282,-2.26734990
287,1788665584.02597284,-33.46323364,-11.93528406,-2.94800160,map,37.28868770,127.10686690,2,-33.46352973,-11.93677803,0.02616012,0.02615112,-0.06370000,0.00000000,0.00063701,0.02583087,-0.68646550,0.13729310,2.89062732,-9.82263431,12.88643164,-2.26722825
288,1788665585.00325608,-34.38173986,-11.90142796,-2.98133270,map,37.28868780,127.10685660,2,-34.38222926,-11.90155746,0.00342417,0.00342402,-0.11340000,0.00000000,-0.01123299,-0.06457718,0.82375860,0.25497290,2.92665918,-9.77595739,12.94225780,-2.26827105
289,1788665586.00002837,-35.33155922,-11.88552447,-3.01139780,map,37.28868790,127.10684590,2,-35.33176570,-11.88552538,0.00019596,0.00019596,-0.17290000,0.00000000,-0.00353030,0.13281956,-0.83356525,1.07873150,2.89150889,-9.69954955,13.03165120,-2.28146128
290,1788665587.00895834,-36.30620205,-11.86585703,-3.05477053,map,37.28868800,127.10683490,2,-36.30820770,-11.86592826,0.00912755,0.00912647,-0.19670000,0.00000000,-0.00259543,0.00994838,-0.76491870,-0.09806650,2.91687712,-9.59256467,13.15568566,-2.28378279
291,1788665588.01243281,-37.27351865,-11.79750346,-3.12656182,map,37.28868850,127.10682400,2,-37.27573770,-11.79743674,0.01260303,0.01260120,-0.18870000,0.00000000,-0.00209671,-0.07539822,1.39254430,-3.57942725,2.95471274,-9.44997665,13.32004502,-2.28725650
292,1788665589.01329494,-38.25774104,-11.68311835,2.97069060,map,37.28868930,127.10681290,2,-38.25978738,-11.68206643,0.01347287,0.01347051,-0.27540000,0.00000000,0.10380383,-0.20385446,0.87279185,-2.45166250,3.11057234,-9.30370380,13.49170328,-2.23469333
293,1788665590.00002861,-39.19274588,-11.40689010,2.88266802,map,37.28869140,127.10680230,2,-39.19297896,-11.40682590,0.00019596,0.00019596,-0.36720000,0.00000000,0.00433510,-0.15620697,3.78536690,1.31409110,-3.08705469,-9.13113450,13.71605578,-2.22356722
294,1788665591.01631117,-40.15075929,-11.03383797,2.85472064,map,37.28869470,127.10679140,2,-40.15703487,-11.03180141,0.01648890,0.01648618,-0.41360000,0.00000000,0.11375687,-0.52778757,1.33370440,1.25525120,-2.99762093,-8.91168457,14.00424405,-2.20366305
295,1788665592.00002885,-41.06880867,-10.49469501,2.55075935,map,37.28869900,127.10678080,2,-41.06905708,-10.49455981,0.00019596,0.00019596,-0.46980000,0.00000000,0.01128938,0.20420352,0.28439285,3.44213415,1.88722714,-8.70328732,14.35366555,-2.04277123
296,1788665592.87174702,-40.64365913,-10.76925263,2.54820199,map,37.28870610,127.10677160,2,-41.87459879,-9.69223378,0.87451567,0.87530611,-0.62320000,0.00000000,0.01445612,-0.08464847,-0.41187930,-2.76547530,1.96777102,-8.45862215,14.84039425,-2.02896974
297,1788665593.02425718,-41.86481330,-9.70411043,2.53209821,map,37.28870610,127.10677160,2,-41.87459879,-9.69223378,0.02444163,0.02443756,-0.62090000,0.00000000,0.08974879,-0.44715335,-1.34351105,2.12804305,1.99328056,-8.43109757,14.89620512,-2.01997476
298,1788665594.00002885,-42.57577826,-8.80595625,2.12005193,map,37.28871400,127.10676360,2,-42.57597094,-8.80570956,0.00019596,0.00019596,-0.34690000,0.00000000,0.00250541,0.17592919,-0.12748645,1.28467115,2.08136643,-8.24728238,15.30096584,-1.98839810
299,1788665595.02642608,-43.01142085,-7.92933490,1.96677608,map,37.28872140,127.10675770,2,-43.01335640,-7.92225087,0.02659822,0.02660537,-0.28130000,0.00000000,0.00793219,-0.05044002,0.00980665,-0.36284605,2.25582748,-8.12422807,15.60784320,-1.92246344
300,1788665596.00125861,-43.40293311,-7.00347091,1.82947111,map,37.28872960,127.10675300,2,-43.40296026,-7.00285573,0.00142557,0.00142559,-0.27780000,0.00000000,0.00767910,-0.09215338,-0.23535960,5.21713780,2.39932533,-8.02658971,15.89594550,-1.88476923
301,1788665597.00002909,-43.65092936,-6.02229934,1.73441840,map,37.28873840,127.10675000,2,-43.65099077,-6.02204328,0.00019596,0.00019596,-0.35830000,0.00000000,0.00960562,-0.20594885,1.66713050,0.58839900,2.50797027,-7.92388700,16.22470661,-1.84829135
302,1788665598.00078869,-43.77560747,-5.05436876,1.63194553,map,37.28874710,127.10674840,2,-43.77568046,-5.05390516,0.00095536,0.00095537,-0.31740000,0.00000000,0.11618616,-0.11938052,-1.74558370,-7.18827445,2.59367286,-7.84671580,16.50028045,-1.82167839
303,1788665599.02633595,-43.81165339,-4.07433367,1.51200865,map,37.28875600,127.10674760,2,-43.81112208,-4.06488666,0.02650415,0.02651309,-0.35920000,0.00000000,0.00224502,-0.05811946,0.26477955,-1.40235095,2.69405515,-7.77141832,16.80817320,-1.80678154
304,1788665600.01206541,-43.81442127,-3.08111014,1.44197748,map,37.28876490,127.10674740,2,-43.81409492,-3.07825743,0.01223277,0.01223450,-0.21700000,0.00000000,0.12877736,-0.45064401,-0.13729310,-0.04903325,2.81454875,-7.71131406,17.06534394,-1.76159548
305,1788665601.00002933,-43.71816918,-2.47415088,1.31380780,map,37.28877040,127.10674810,2,-43.71814938,-2.47402314,0.00019596,0.00019596,0.08570000,0.00000000,-0.00152364,0.00331613,-4.59931885,2.28494945,2.94245456,-7.70389255,17.10483608,-1.74688943
306,1788665602.00506544,-43.56124732,-1.83188005,1.27189694,map,37.28877620,127.10674980,2,-43.56150759,-1.83197365,0.00523290,0.00523321,0.08220000,0.00000000,-0.00156418,-0.04852015,0.57859235,6.64890870,2.97154423,-7.71958419,17.01705160,-1.74869840
307,1788665603.00002956,-43.33370544,-1.13787632,1.24017464,map,37.28878250,127.10675220,2,-43.33365435,-1.13772422,0.00025593,0.00025593,0.07870000,0.00000000,-0.00177090,-0.10925761,1.12776475,2.33398270,3.01819203,-7.73899888,16.91246826,-1.75905971
308,1788665604.00714111,-43.08771249,-0.47436515,0.99726982,map,37.28878860,127.10675460,2,-43.08895337,-0.47523003,0.00730895,0.00730925,0.15370000,0.00000000,-0.01717876,-0.08080874,0.66685220,-0.85317855,-3.05437071,-7.76974017,16.77070579,-1.81421063
309,1788665605.00002980,-42.72276019,0.12238450,0.95460853,map,37.28879410,127.10675850,2,-42.72269802,0.12248742,0.00019596,0.00019596,0.05400000,0.00000000,0.00003000,-0.06475172,1.11795810,-0.20593965,-3.00592080,-7.78761066,16.69889971,-1.81500146
310,1788665606.01820970,-42.30072615,0.72556742,0.81162623,map,37.28879960,127.10676310,2,-42.30240135,0.72361075,0.01838300,0.01838330,0.14630000,0.00000000,-0.10552710,-0.32532937,0.11767980,0.52955910,-2.87388570,-7.81309853,16.59931413,-1.84770843
311,1788665607.00002980,-41.79554576,1.17372536,0.59346729,map,37.28880410,127.10676830,2,-41.79546652,1.17379774,0.00019596,0.00019596,0.05080000,0.00000000,-0.00131248,-0.04468043,0.06864655,0.45110590,-2.72040933,-7.84624487,16.49232873,-1.88266832
312,1788665608.01922226,-41.20167507,1.58744469,0.55953501,map,37.28880790,127.10677490,2,-41.20406914,1.58605299,0.01939385,0.01939158,0.13130000,0.00000000,-0.03361767,-0.18221237,0.18632635,-0.77472535,-2.70937718,-7.86706181,16.42795784,-1.88825317
313,1788665609.01168656,-40.58524936,1.91555805,0.29503839,map,37.28881130,127.10678160,2,-40.58732144,1.91495649,0.01185486,0.01185351,0.18790000,0.00000000,-0.00469801,-0.07103490,-0.06864655,-0.13729310,-2.47941156,-7.91413561,16.29944253,-1.94809077
314,1788665610.02456832,-39.91279166,2.11816786,0.19236632,map,37.28881330,127.10678910,2,-39.91675075,2.11739862,0.02474302,0.02473582,0.16430000,0.00000000,-0.12066301,-0.32742377,0.51975245,0.05883990,-2.35092240,-7.95094438,16.20846603,-1.98207390
315,1788665611.00003028,-39.20150003,2.19617177,-0.00127670,map,37.28881440,127.10679710,2,-39.20138752,2.19618481,0.00019596,0.00019596,0.05420000,0.00000000,-0.00033875,-0.06248279,0.08825985,-0.34323275,-2.20597457,-7.99679787,16.10765977,-2.00383391
316,1788665612.00003028,-38.49424002,2.18714786,-0.18595194,map,37.28881470,127.10680510,2,-38.49412892,2.18714835,0.00019596,0.00019596,0.16460000,0.00000000,-0.06236026,-0.23212879,0.19613300,0.41187930,-2.01013190,-8.05214831,15.99343425,-2.05654959
317,1788665613.00698853,-37.78882159,2.04070435,-0.23538685,map,37.28881360,127.10681310,2,-37.78951650,2.04106144,0.00715601,0.00715539,0.06160000,0.00000000,-0.00083847,-0.05113815,-0.34323275,0.24516625,-1.93379796,-8.09073412,15.92097596,-2.06176848
318,1788665614.00003052,-37.08227110,1.85622279,-0.28724929,map,37.28881200,127.10682110,2,-37.08214338,1.85618973,0.00019596,0.00019596,0.05140000,0.00000000,-0.00094239,-0.05427974,0.29419950,0.58839900,-1.88251868,-8.11223444,15.88079017,-2.06248173
319,1788665615.01133513,-36.38050186,1.64217097,-0.26141147,map,37.28881010,127.10682900,2,-36.38239406,1.64283312,0.01150415,0.01150257,0.17200000,0.00000000,0.06252749,0.16772614,-0.02941995,-1.13757140,-1.92219070,-8.15337627,15.80242485,-2.03422840
320,1788665616.00003076,-35.67183001,1.45878998,-0.25578165,map,37.28880840,127.10683700,2,-35.67171144,1.45875965,0.00019596,0.00019596,0.14660000,0.00000000,0.06558163,0.12828170,0.52955910,0.43149260,-1.93483360,-8.19682140,15.71442606,-2.01486462
321,1788665617.01203442,-34.95909598,1.31015144,-0.22812478,map,37.28880700,127.10684500,2,-34.96051989,1.31041925,0.01220233,0.01220048,0.10130000,0.00000000,0.03146201,0.10786135,0.07845320,-0.76491870,-1.97164483,-8.24382089,15.61404009,-1.99582972
322,1788665618.01182652,-34.25866693,1.15854235,-0.22577326,map,37.28880560,127.10685290,2,-34.25918118,1.15865910,0.01199406,0.01199255,0.01490000,0.00000000,0.00021937,-0.00942478,-0.76491870,-0.26477955,-1.96340083,-8.27130469,15.55296268,-1.99249471
323,1788665619.01193833,-33.53282308,1.00926778,-0.23550218,map,37.28880430,127.10686110,2,-33.53327428,1.00945599,0.01210574,0.01210419,0.02500000,0.00000000,0.00025695,-0.06370452,0.49033250,0.45110590,-1.93688789,-8.28344219,15.52589227,-1.99202100
324,1788665620.00003099,-32.82364001,0.83356506,-0.21197242,map,37.28880270,127.10686910,2,-32.82351540,0.83353338,0.00019596,0.00019596,0.14920000,0.00000000,0.06542062,0.10140363,0.26477955,-1.05911820,-1.96128483,-8.30766344,15.47113833,-1.97308856
325,1788665621.01180387,-32.11248905,0.67279986,-0.22655662,map,37.28880120,127.10687710,2,-32.11272805,0.67334559,0.01197546,0.01197366,0.01390000,0.00000000,-0.00010039,-0.00401426,0.40207265,0.51975245,-1.96001750,-8.33315229,15.41069181,-1.96898838
326,1788665622.00003123,-31.38870716,0.50590750,-0.27003057,map,37.28879980,127.10688530,2,-31.38857130,0.50587670,0.00019596,0.00019596,0.00870000,0.00000000,-0.00005800,-0.08621927,1.01008495,0.11767980,-1.96724520,-8.34154665,15.39073896,-1.96908901
327,1788665623.01805735,-30.68096601,0.30995448,-0.29858267,map,37.28879810,127.10689330,2,-30.68125134,0.31016023,0.01823448,0.01823062,0.00330000,0.00000000,-0.00002658,0.02268928,0.50994580,-1.29447780,-1.95549842,-8.34905892,15.37288721,-1.96918735
328,1788665624.00003123,-29.96509366,0.10443497,-0.32937667,map,37.28879630,127.10690140,2,-29.96495639,0.10439606,0.00019596,0.00019596,-0.00450000,0.00000000,0.00003375,-0.02652900,0.09806650,-0.32361945,-1.93465921,-8.35155933,15.36694686,-1.96923931
329,1788665625.00003123,-29.27357402,-0.14004524,-0.29394868,map,37.28879410,127.10690920,2,-29.27344990,-0.14008978,0.00019596,0.00019596,0.11810000,0.00000000,0.01693828,0.01413717,0.03922660,-0.69627215,-1.97281506,-8.37262669,15.31608284,-1.95483889
330,1788665626.00444794,-28.55366102,-0.33515963,-0.30287287,map,37.28879230,127.10691730,2,-28.55370517,-0.33516830,0.00461279,0.00461256,0.03570000,0.00000000,0.00018346,-0.03822271,0.23535960,1.04931155,-1.94891411,-8.38155699,15.29397743,-1.95462855
331,1788665627.00003147,-27.85420391,-0.55973562,-0.30957474,map,37.28879030,127.10692520,2,-27.85406990,-0.55977890,0.00019596,0.00019596,0.01300000,0.00000000,0.00021126,-0.04677482,0.43149260,-0.86298520,-1.92951270,-8.38358646,15.28895233,-1.95460840
332,1788665628.01174903,-27.15103706,-0.78932962,-0.27082578,map,37.28878820,127.10693310,2,-27.15234883,-0.78894178,0.01191563,0.01191418,0.13340000,0.00000000,0.05153654,0.15376351,0.80414530,0.43149260,-1.99184903,-8.40389469,15.23753701,-1.93262068
333,1788665629.01178432,-26.43171541,-0.98004689,-0.27098231,map,37.28878640,127.10694120,2,-26.43166118,-0.98008842,0.01195115,0.01194972,-0.01430000,0.00000000,-0.00026218,-0.05201081,0.49033250,0.23535960,-1.97873852,-8.41761793,15.20105938,-1.92931920
334,1788665630.01578617,-25.71560782,-1.19933369,-0.29886364,map,37.28878450,127.10694930,2,-25.71562551,-1.19863310,0.01596229,0.01595934,0.00540000,0.00000000,0.00005400,-0.04991642,0.13729310,-0.77472535,-1.95380135,-8.41734479,15.20178857,-1.92934438
335,1788665631.00003171,-25.00906863,-1.40656729,-0.33422686,map,37.28878270,127.10695730,2,-25.00893094,-1.40660771,0.00019596,0.00019596,0.00630000,0.00000000,0.00010238,-0.04886922,0.71588545,-0.09806650,-1.93464372,-8.41555434,15.20656604,-1.92941907
336,1788665632.01702213,-24.30954547,-1.65581227,-0.33192006,map,37.28878050,127.10696520,2,-24.31023224,-1.65575906,0.01719713,0.01719386,-0.00080000,0.00000000,-0.00001222,-0.11170107,-0.88259850,-0.41187930,-1.91274765,-8.41416929,15.21026106,-1.92946235
337,1788665633.00003195,-23.61959958,-1.90213471,-0.34373085,map,37.28877830,127.10697300,2,-23.61946814,-1.90218130,0.00019596,0.00019596,0.06160000,0.00000000,0.02386252,0.15481070,0.18632635,0.25497290,-1.93630630,-8.41890133,15.19755297,-1.92338409
338,1788665634.02061963,-22.91651648,-2.14069620,-0.35127077,map,37.28877610,127.10698090,2,-22.91676081,-2.14027409,0.02079552,0.02079087,-0.00720000,0.00000000,0.00000400,-0.01780236,-0.20593965,-2.24572285,-1.92574984,-8.42625013,15.17750519,-1.92128722
339,1788665635.00003195,-22.21307099,-2.37411334,-0.28665266,map,37.28877390,127.10698880,2,-22.21294094,-2.37415615,0.00019596,0.00019596,0.03270000,0.00000000,0.00017713,-0.04118977,-0.20593965,-0.10787315,-1.97834866,-8.43849230,15.14341663,-1.91058537
340,1788665636.02251101,-21.49560555,-2.56761026,-0.31441442,map,37.28877220,127.10699690,2,-21.49616224,-2.56746269,0.02268408,0.02267822,0.00020000,0.00000000,0.00000097,-0.02548181,0.50994580,-1.11795810,-1.94880844,-8.44110992,15.13601161,-1.91057667
341,1788665637.01276565,-20.79797040,-2.81854729,-0.34889407,map,37.28877000,127.10700480,2,-20.79804841,-2.81859520,0.01293221,0.01293064,0.00130000,0.00000000,0.00000072,-0.00314159,0.40207265,-0.99047165,-1.92663283,-8.43994572,15.13930497,-1.91061875
342,1788665638.02349186,-20.18025751,-3.03416608,-0.37513784,map,37.28876810,127.10701180,2,-20.17926200,-3.03456483,0.02366314,0.02365785,-0.04570000,0.00000000,0.00016503,-0.03193953,-0.00000000,0.70607880,-1.91131496,-8.42795824,15.17321439,-1.91059283
343,1788665657.01552701,-19.13761444,-3.44461274,-0.42092915,map,37.28876450,127.10702360,2,-19.13744035,-3.44488553,0.01569393,0.01569164,-0.03320000,0.00000000,0.00060870,-0.07487462,-0.09806650,0.42168595,-1.88317847,-8.40735575,15.23152152,-1.91000053
344,1788665658.00003338,-18.46580842,-3.71640282,-0.30944948,map,37.28876190,127.10703110,2,-18.46567451,-3.71645807,0.00019596,0.00019596,-0.02410000,0.00000000,-0.00522329,0.08080874,-0.00980665,-0.93163175,-1.97832354,-8.39884860,15.25547716,-1.91680157
345,1788665659.02314663,-17.76355611,-3.95418468,-0.36124418,map,37.28875970,127.10703900,2,-17.76305570,-3.95426343,0.02331667,0.02331142,-0.02840000,0.00000000,-0.00041813,-0.00331613,-0.13729310,0.22555295,-1.96661621,-8.38911604,15.28246703,-1.91701402
346,1788665660.00003338,-17.06775500,-4.20142848,-0.38805864,map,37.28875760,127.10704690,2,-17.06761534,-4.20147762,0.00019596,0.00019596,-0.02120000,0.00000000,0.00316263,-0.05986479,0.76491870,0.48052585,-1.95670986,-8.38089080,15.30526298,-1.91653470
347,1788665661.02446604,-16.38866671,-4.47779304,-0.43093625,map,37.28875520,127.10705460,2,-16.38869185,-4.47696848,0.02465661,0.02465102,-0.02840000,0.00000000,0.00020511,-0.07487462,0.42168595,0.02941995,-1.93170799,-8.37177735,15.33057477,-1.91623260
348,1788665662.00150061,-15.71082791,-4.77549129,-0.46488015,map,37.28875260,127.10706230,2,-15.71069179,-4.77554667,0.00166324,0.00166322,-0.02970000,0.00000000,0.00013200,-0.01064651,0.71588545,-0.48052585,-1.89453919,-8.36268709,15.35584393,-1.91600500
349,1788665663.02503610,-15.03194074,-5.11490596,-0.49686240,map,37.28874960,127.10707000,2,-15.03059182,-5.11358808,0.02522115,0.02521631,-0.02250000,0.00000000,-0.00920641,0.08360127,0.31381280,0.71588545,-1.88371094,-8.35493855,15.37739097,-1.91751412
350,1788665664.00212359,-14.36251750,-5.42914796,-0.46285062,map,37.28874670,127.10707750,2,-14.36237171,-5.42921686,0.00228609,0.00228605,-0.02610000,0.00000000,-0.00039877,0.00418879,0.50013915,0.89240515,-1.91392525,-8.34703369,15.39914198,-1.91981920
351,1788665665.02573943,-13.67573885,-5.72058243,-0.41860609,map,37.28874400,127.10708520,2,-13.67571598,-5.72059113,0.02591971,0.02591336,-0.02590000,0.00000000,-0.00052163,-0.01518436,0.36284605,-0.83356525,-1.95350235,-8.33872017,15.42182402,-1.92370860
352,1788665666.00675273,-12.99378704,-6.01035070,-0.44239509,map,37.28874140,127.10709290,2,-12.99356602,-6.01046648,0.00691582,0.00691541,-0.02630000,0.00000000,-0.00050777,-0.02356194,0.75511205,0.80414530,-1.94024801,-8.32927004,15.44746042,-1.92429919
353,1788665667.00003362,-12.32041333,-6.30025235,-0.42870234,map,37.28873880,127.10710050,2,-12.32027876,-6.30031057,0.00019596,0.00019596,-0.03280000,0.00000000,-0.01276004,0.09145525,0.53936575,0.02941995,-1.91776525,-8.32046157,15.47130494,-1.92678965
354,1788665668.01171112,-11.63932711,-6.56006688,-0.33611760,map,37.28873630,127.10710810,2,-11.63910331,-6.56014419,0.01187541,0.01187407,-0.02070000,0.00000000,-0.00041690,-0.03403392,0.43149260,-0.90221180,-1.94909463,-8.31126637,15.49575292,-1.93202645
355,1788665669.01182938,-10.95630450,-6.79232569,-0.35262296,map,37.28873420,127.10711580,2,-10.95604638,-6.79236198,0.01199391,0.01199263,-0.02620000,0.00000000,-0.00051312,0.00418879,-0.25497290,0.56878570,-1.93267698,-8.30273180,15.51832729,-1.93253116
356,1788665670.01227450,-10.25633485,-7.05124805,-0.38519190,map,37.28873190,127.10712370,2,-10.25700707,-7.05150093,0.01244378,0.01244224,-0.02670000,0.00000000,-0.00070467,0.04555309,0.80414530,-0.82375860,-1.92270080,-8.29355335,15.54256365,-1.93315623
357,1788665671.00003386,-9.57528481,-7.30900152,-0.37794801,map,37.28872960,127.10713140,2,-9.57514888,-7.30905226,0.00019596,0.00019596,-0.03090000,0.00000000,-0.00069531,-0.06108652,0.25497290,1.02969825,-1.90728943,-8.28411743,15.56743256,-1.93382798
358,1788665672.01424646,-8.89327816,-7.57869004,-0.42074368,map,37.28872720,127.10713910,2,-8.89393967,-7.57920923,0.01441609,0.01441415,-0.02660000,0.00000000,-0.00060594,0.01029744,-0.08825985,-0.68646550,-1.89202120,-8.27431717,15.59320489,-1.93458536
359,1788665673.00003386,-8.24251759,-7.88913104,-0.44704750,map,37.28872450,127.10714650,2,-8.24238733,-7.88919211,0.00019596,0.00019596,-0.02130000,0.00000000,-0.00062134,-0.05881760,0.84337190,0.45110590,-1.87529294,-8.26535689,15.61671482,-1.93534095
360,1788665674.01494980,-7.56555809,-8.18185576,-0.40932939,map,37.28872180,127.10715410,2,-7.56543896,-8.18210034,0.01511801,0.01511582,-0.03400000,0.00000000,0.00035890,-0.05777040,0.65704555,0.54917240,-1.90247570,-8.25708234,15.63829862,-1.93791740
361,1788665675.00003386,-6.90251106,-8.46386024,-0.43736879,map,37.28871930,127.10716160,2,-6.90237937,-8.46391663,0.00019596,0.00019596,-0.02740000,0.00000000,0.00057849,-0.03857178,0.40207265,-1.10815145,-1.87580377,-8.24812448,15.66160568,-1.93748778
362,1788665676.01747131,-6.22269412,-8.75979224,-0.38436201,map,37.28871650,127.10716920,2,-6.22230442,-8.75988896,0.01763855,0.01763541,-0.02380000,0.00000000,-0.00012231,-0.02565634,0.85317855,0.70607880,-1.94200028,-8.24199269,15.67747723,-1.94113612
363,1788665677.00003409,-5.54971719,-9.00700488,-0.38037738,map,37.28871430,127.10717680,2,-5.54958433,-9.00705364,0.00019596,0.00019596,-0.01700000,0.00000000,-0.00001417,-0.02984513,0.45110590,0.06864655,-1.91937105,-8.23454491,15.69665788,-1.94119395
364,1788665678.02281451,-4.87724329,-9.29967007,-0.37622784,map,37.28871170,127.10718440,2,-4.87734558,-9.29965251,0.02298344,0.02297850,-0.00560000,0.00000000,-0.00265887,0.16074482,0.26477955,-0.84337190,-1.92164060,-8.22748411,15.71483604,-1.94236933
365,1788665679.01188993,-4.20056761,-9.54695288,-0.37094360,map,37.28870940,127.10719200,2,-4.20029624,-9.54690030,0.01205423,0.01205298,-0.02720000,0.00000000,0.00032867,0.02862340,0.42168595,0.84337190,-1.92231850,-8.21923894,15.73595182,-1.94303439
366,1788665680.02666688,-3.52669710,-9.82937499,-0.39715690,map,37.28870690,127.10719960,2,-3.52862034,-9.83002491,0.02686229,0.02685515,-0.02880000,0.00000000,0.00017200,-0.07068583,-0.24516625,-0.89240515,-1.89652342,-8.21097782,15.75711529,-1.94285943
367,1788665681.00364232,-2.85244149,-10.09035893,-0.38230623,map,37.28870450,127.10720720,2,-2.85234318,-10.09020536,0.00380491,0.00380477,-0.02190000,0.00000000,-0.00049888,-0.06108652,0.14709975,-0.76491870,-1.92760047,-8.20516475,15.77195565,-1.94478219
368,1788665682.02682400,-2.15516796,-10.35384416,-0.39371793,map,37.28870220,127.10721510,2,-2.15546641,-10.35457492,0.02701273,0.02700546,-0.02610000,0.00000000,-0.00054742,-0.02897247,0.50013915,1.28467115,-1.90687563,-8.19686642,15.79308932,-1.94518085
369,1788665683.00413179,-1.47375908,-10.63428793,-0.39698832,map,37.28869970,127.10722280,2,-1.47373202,-10.63440263,0.00429413,0.00429396,-0.02900000,0.00000000,-0.00045516,0.05218534,0.19613300,-1.33370440,-1.89068437,-8.18802730,15.81557209,-1.94563667
370,1788665684.00003409,-0.79134315,-10.92341076,-0.45743574,map,37.28869710,127.10723050,2,-0.79120715,-10.92346833,0.00019596,0.00019596,-0.01760000,0.00000000,-0.00030313,-0.02460914,0.00000000,0.07845320,-1.87727609,-8.17879311,15.83902695,-1.94614546
371,1788665685.00601745,-0.11789083,-11.21305699,-0.41914128,map,37.28869450,127.10723810,2,-0.11780771,-11.21311590,0.00617968,0.00617932,-0.01760000,0.00000000,0.00001467,-0.04520403,0.25497290,-0.87279185,-1.91272798,-8.17262677,15.85461598,-1.94878314
372,1788665686.00003433,0.54702049,-11.51957233,-0.50726133,map,37.28869190,127.10724570,2,0.54715267,-11.51963297,0.00019596,0.00019596,-0.01760000,0.00000000,-0.00120364,-0.07819075,-0.15690640,-1.39254430,-1.88864554,-8.16438300,15.87537923,-1.94881668
373,1788665687.01182318,1.22262394,-11.77112218,-0.50560681,map,37.28868960,127.10725330,2,1.22300542,-11.77124312,0.01198690,0.01198598,-0.02390000,0.00000000,-0.00093301,0.01064651,1.71616375,1.18660465,-1.90090504,-8.15793757,15.89156433,-1.95028725
374,1788665688.01171875,1.91644895,-12.05601661,-0.44423590,map,37.28868700,127.10726110,2,1.91652427,-12.05611577,0.01188257,0.01188153,-0.01630000,0.00000000,-0.00042566,-0.03647738,0.15690640,0.19613300,-1.88641572,-8.15035668,15.91055703,-1.95088376
375,1788665689.01237845,2.42311238,-12.26076226,-0.44280455,map,37.28868510,127.10726680,2,2.42446260,-12.26182967,0.01254721,0.01254583,-0.00190000,0.00000000,-0.00002639,0.35133478,-0.66685220,-1.77500365,-1.88746402,-8.14155347,15.93257570,-1.95144745
376,1788665729.01188588,3.06829379,-12.57237930,-0.51142289,map,37.28868250,127.10727420,2,3.06853294,-12.57255856,0.01204845,0.01204758,-0.03340000,0.00000000,-0.01348007,0.28082348,1.37293100,-1.16699135,-1.93565883,-8.12438983,15.97504415,-1.96187294
377,1788665730.01251411,3.72829914,-12.79014610,-0.48557433,map,37.28868040,127.10728160,2,3.73217487,-12.79255714,0.01277462,0.01277337,-0.00490000,0.00000000,0.00009733,-0.19390608,3.35387430,0.44129925,-1.93197445,-8.11800949,15.99049788,-1.96233017
378,1788665732.01542044,4.67397555,-13.12569593,-0.55908911,map,37.28867750,127.10729230,2,4.67450350,-13.12571849,0.01558907,0.01558758,-0.02920000,0.00000000,-0.00025550,0.15306538,0.64723890,-0.16671305,-1.93708517,-8.10111052,16.03130440,-1.96464431
379,1788665739.00716090,5.71022543,-13.46034864,-0.40001126,map,37.28867420,127.10730380,2,5.71009799,-13.46050208,0.00732319,0.00732268,-0.03220000,0.00000000,-0.00101537,-0.04729842,0.62762560,-0.18632635,-1.90346900,-8.03112394,16.19935135,-1.96677404
380,1788665740.00003600,6.37260165,-13.71011823,-0.45170959,map,37.28867200,127.10731130,2,6.37275297,-13.71017526,0.00022495,0.00022495,-0.02260000,0.00000000,-0.00065926,-0.00663225,-0.00980665,-0.81395195,-1.89067387,-8.02017170,16.22552354,-1.96756214
381,1788665741.01074910,7.03100122,-13.97899191,-0.48959063,map,37.28866970,127.10731880,2,7.03119596,-13.97902226,0.01104118,0.01104026,-0.02650000,0.00000000,-0.00065521,0.01710423,0.50994580,0.23535960,-1.87261384,-8.00939701,16.25121614,-1.96830067
382,1788665742.00003624,7.70304684,-14.29285526,-0.47433666,map,37.28866690,127.10732640,2,7.70334974,-14.29299736,0.00044081,0.00044081,-0.02430000,0.00000000,-0.00067847,0.01797689,0.90221180,-0.43149260,-1.86332326,-7.99802291,16.27827820,-1.96909791
383,1788665743.01920724,8.35226469,-14.55672978,-0.48327512,map,37.28866450,127.10733370,2,8.35254755,-14.55576216,0.01937677,0.01937377,-0.02440000,0.00000000,-0.00068126,-0.09616764,-0.36284605,-1.76519700,-1.84762213,-7.98763434,16.30294548,-1.96978383
384,1788665744.00003624,9.03300916,-14.85247562,-0.50698113,map,37.28866170,127.10734130,2,9.03314427,-14.85253459,0.00019596,0.00019596,-0.03530000,0.00000000,0.00009315,0.03857178,0.50994580,-0.46091255,-1.91596716,-7.97828694,16.32494072,-1.97496098
385,1788665745.02393317,9.70149194,-15.15741987,-0.55419481,map,37.28865920,127.10734900,2,9.70158070,-15.15737674,0.02410175,0.02409809,-0.02470000,0.00000000,0.00003088,-0.02478368,0.38245935,-0.22555295,-1.88718654,-7.96672625,16.35197250,-1.97488144
386,1788665746.00229740,10.40029264,-15.42620120,-0.55770483,map,37.28865680,127.10735690,2,10.40047850,-15.42628405,0.00245715,0.00245712,-0.04040000,0.00000000,-0.00036473,-0.02565634,0.15690640,-0.05883990,-1.87109649,-7.95595750,16.37715648,-1.97491718
387,1788665747.01189566,11.09474204,-15.72142514,-0.54436812,map,37.28865410,127.10736470,2,11.09481129,-15.72150500,0.01205740,0.01205657,-0.01220000,0.00000000,-0.00009489,-0.02042035,-0.52955910,-0.14709975,-1.85316434,-7.94652692,16.39920717,-1.97493766
388,1788665748.00655055,11.74909903,-16.04580828,-0.53778737,map,37.28865120,127.10737210,2,11.74939086,-16.04592857,0.00671086,0.00671058,-0.02620000,0.00000000,0.00001456,-0.05672320,-0.21574630,-0.47071920,-1.83700849,-7.93495931,16.42625143,-1.97502577
389,1788665749.01201797,12.41773638,-16.37560603,-0.60835845,map,37.28864830,127.10737970,2,12.41807454,-16.37581962,0.01217942,0.01217882,-0.03210000,0.00000000,-0.00004013,0.00000000,0.42168595,1.15718470,-1.81808763,-7.92394859,16.45198486,-1.97517388
390,1788665750.01235580,13.08304471,-16.74290127,-0.66809225,map,37.28864510,127.10738730,2,13.08321700,-16.74302384,0.01251735,0.01251692,-0.02220000,0.00000000,0.00005858,-0.03735005,-0.51975245,-0.27458620,-1.80438610,-7.91243032,16.47889337,-1.97532920
391,1788665751.00003648,13.71747535,-17.09204202,-0.61546901,map,37.28864200,127.10739450,2,13.71760171,-17.09211225,0.00019596,0.00019596,-0.02480000,0.00000000,-0.00019978,-0.05777040,0.25497290,0.42168595,-1.78875001,-7.90326796,16.50029082,-1.97544563
392,1788665752.01738763,14.35920531,-17.46473992,-0.59774336,map,37.28863850,127.10740160,2,14.35933581,-17.46427497,0.01756055,0.01755897,-0.02800000,0.00000000,-0.00006611,-0.04066617,0.15690640,-0.97085835,-1.77818810,-7.89221373,16.52609857,-1.97552207
393,1788665753.00003672,14.96811499,-17.83460028,-0.71871312,map,37.28863520,127.10740850,2,14.96823702,-17.83467384,0.00019596,0.00019596,-0.02950000,0.00000000,-0.00004507,-0.01099557,0.85317855,-0.19613300,-1.76626255,-7.88159846,16.55087719,-1.97558723
394,1788665754.02146864,15.57543811,-18.27283442,-0.70566255,map,37.28863140,127.10741550,2,15.57698521,-18.27166662,0.02164326,0.02164221,-0.01920000,0.00000000,-0.00008000,-0.09389871,0.58839900,-1.38273765,-1.75861829,-7.87174071,16.57388472,-1.97559361
395,1788665755.00003672,16.18563771,-18.67460756,-0.67265701,map,37.28862780,127.10742240,2,16.18575865,-18.67468799,0.00019596,0.00019596,-0.01840000,0.00000000,0.00001022,-0.03106686,1.02969825,0.57859235,-1.74653188,-7.86270032,16.59498411,-1.97561253
396,1788665756.02476716,16.78925566,-19.10731402,-0.73354321,map,37.28862390,127.10742920,2,16.78881749,-19.10737776,0.02493436,0.02493341,-0.02490000,0.00000000,0.00235530,-0.08988446,0.26477955,-0.50013915,-1.73133748,-7.85147578,16.62117744,-1.97541165
397,1788665757.00131559,17.33212424,-19.57465607,-0.93389670,map,37.28861990,127.10743560,2,17.33223959,-19.57474935,0.00147473,0.00147474,-0.02170000,0.00000000,0.00011151,-0.07906342,0.27458620,-0.79433865,-1.61794637,-7.84288001,16.64143140,-1.97021483
398,1788665758.01197863,17.83852905,-20.09129246,-0.92306680,map,37.28861530,127.10744140,2,17.83865816,-20.09157362,0.01213933,0.01213980,-0.02720000,0.00000000,0.00268674,-0.03874631,0.34323275,-0.43149260,-1.59796237,-7.83217737,16.66678463,-1.96990685
399,1788665759.01200509,18.24786092,-20.65002832,-1.18079394,map,37.28861050,127.10744650,2,18.24804556,-20.65031943,0.01216505,0.01216634,-0.02220000,0.00000000,0.00317465,-0.08237954,0.60801230,0.05883990,-1.37677411,-7.82380779,16.68690536,-1.95959304
400,1788665760.00003695,18.56975495,-21.31458284,-1.29669228,map,37.28860460,127.10745040,2,18.56981906,-21.31471447,0.00019596,0.00019596,-0.02550000,0.00000000,0.01755156,-0.39269908,-0.13729310,-1.07873150,-1.26510062,-7.81516209,16.70805252,-1.95470722
401,1788665761.01072335,18.76858155,-21.98712556,-1.35350647,map,37.28859860,127.10745290,2,18.76859886,-21.98698769,0.01088646,0.01088795,-0.01430000,0.00000000,0.00560379,-0.18797196,0.33342610,-0.84337190,-1.08535260,-7.80792038,16.72615164,-1.94907376
402,1788665762.00003695,18.85788634,-22.70217563,-1.47714400,map,37.28859220,127.10745430,2,18.85790405,-22.70231729,0.00019596,0.00019596,-0.02750000,0.00000000,0.00015660,-0.05986479,-0.14709975,0.10787315,-0.92800693,-7.80090073,16.74396111,-1.94543819
403,1788665763.01545620,18.86343994,-23.43500703,-1.52984033,map,37.28858560,127.10745440,2,18.86302666,-23.43499125,0.01562111,0.01562452,-0.02930000,0.00000000,0.00033370,-0.04712389,0.01961330,-0.76491870,-0.88350166,-7.79156416,16.76771187,-1.94521633
404,1788665764.00003719,18.78434190,-24.16650521,-1.72028756,map,37.28857900,127.10745390,2,18.78432630,-24.16664956,0.00019596,0.00019596,-0.02300000,0.00000000,0.00066454,-0.04590216,1.07873150,0.24516625,-0.73132061,-7.78567645,16.78277912,-1.94213452
405,1788665765.02309179,18.62742705,-24.86276495,-1.78388008,map,37.28857270,127.10745240,2,18.62774808,-24.86225081,0.02325879,0.02326574,-0.01600000,0.00000000,0.00038004,-0.03630285,0.14709975,-0.89240515,-0.67849330,-7.77666287,16.80594527,-1.94150465
406,1788665766.00003719,18.43201480,-25.55670389,-1.81338788,map,37.28856640,127.10745040,2,18.43197645,-25.55684093,0.00019596,0.00019596,-0.01770000,0.00000000,0.00062947,-0.08761553,0.57859235,0.37265270,-0.59295464,-7.77024319,16.82249780,-1.93994167
407,1788665767.02486920,18.19845636,-26.24384515,-1.87774961,map,37.28856020,127.10744780,2,18.19858335,-26.24404619,0.02503171,0.02503896,-0.02070000,0.00000000,0.00020413,-0.05672320,0.66685220,-0.99047165,-0.53379367,-7.76279956,16.84176238,-1.93924353
408,1788665768.01205444,17.91247314,-26.92812673,-1.90753810,map,37.28855400,127.10744470,2,17.91244968,-26.92833762,0.01221404,0.01221542,-0.01380000,0.00000000,-0.00655221,0.15254178,0.27458620,0.40207265,-0.51594073,-7.75412368,16.86422886,-1.94117020
409,1788665769.01183605,17.63930046,-27.59463256,-1.91590197,map,37.28854800,127.10744160,2,17.63924694,-27.59480133,0.01199561,0.01199690,-0.01440000,0.00000000,-0.00045408,0.02548181,0.20593965,0.65704555,-0.53508496,-7.74690387,16.88277966,-1.94233307
410,1788665770.00306892,17.36580670,-28.27216338,-1.89595705,map,37.28854190,127.10743850,2,17.36580033,-28.27226366,0.00322777,0.00322787,-0.02250000,0.00000000,-0.00229159,0.00191986,0.31381280,-0.56878570,-0.51481252,-7.73893436,16.90321670,-1.94311119
411,1788665771.00003743,17.11037992,-28.95488838,-1.82074988,map,37.28853580,127.10743540,2,17.11032984,-28.95502270,0.00019596,0.00019596,-0.02060000,0.00000000,0.00017453,-0.04293510,0.37265270,0.70607880,-0.58315145,-7.73387611,16.91609808,-1.94585744
412,1788665772.00757098,16.86492011,-29.66381965,-1.85098534,map,37.28852940,127.10743270,2,16.86493000,-29.66368369,0.00773100,0.00773169,-0.01610000,0.00000000,0.00015877,0.04782202,0.28439285,-0.80414530,-0.59029308,-7.72607581,16.93591475,-1.94571984
413,1788665773.00003767,16.57556070,-30.37212443,-1.88238852,map,37.28852300,127.10742950,2,16.57550345,-30.37226499,0.00019596,0.00019596,-0.01520000,0.00000000,0.00009078,-0.09913470,-0.62762560,-1.55925735,-0.58661411,-7.71821633,16.95588840,-1.94560476
414,1788665774.01504993,16.27425110,-31.06863537,-1.91426425,map,37.28851670,127.10742620,2,16.27458337,-31.06868469,0.01521194,0.01521444,-0.01280000,0.00000000,0.00008889,-0.04171337,0.04903325,0.08825985,-0.56828909,-7.70936105,16.97840427,-1.94540604
415,1788665775.00003767,15.96885504,-31.79143809,-1.87146067,map,37.28851020,127.10742270,2,15.96879476,-31.79157934,0.00019596,0.00019596,-0.01870000,0.00000000,-0.00023635,0.01378810,0.22555295,0.65704555,-0.61345952,-7.70502708,16.98943006,-1.94692882
416,1788665776.01507139,15.65307181,-32.52188261,-1.92646565,map,37.28850360,127.10741920,2,15.65295255,-32.52215220,0.01523116,0.01523363,-0.03570000,0.00000000,-0.00044130,-0.02897247,-0.12748645,0.19613300,-0.58839913,-7.69650186,17.01100872,-1.94720419
417,1788665777.00003767,15.31644872,-33.27343875,-1.93817905,map,37.28849680,127.10741550,2,15.31638192,-33.27358809,0.00019596,0.00019596,-0.02450000,0.00000000,-0.00059555,0.00628319,0.10787315,-0.18632635,-0.56752984,-7.68810643,17.03224138,-1.94752066
418,1788665778.01966143,14.96912324,-34.03853322,-1.96374895,map,37.28848990,127.10741160,2,14.96907340,-34.03872459,0.01982142,0.01982494,-0.01570000,0.00000000,-0.00183599,-0.04066617,-0.37265270,0.30400615,-0.55000539,-7.67894868,17.05537841,-1.94805107
419,1788665779.00003791,14.61232503,-34.79584945,-1.93618418,map,37.28848310,127.10740750,2,14.61225594,-34.79599645,0.00019596,0.00019596,-0.00920000,0.00000000,-0.00030417,-0.04939282,0.66685220,0.22555295,-0.61556844,-7.67811510,17.05748759,-1.94861286
420,1788665780.02239990,14.25370933,-35.57952944,-1.94394106,map,37.28847600,127.10740360,2,14.25346504,-35.57864319,0.02257660,0.02258179,0.02430000,0.00000000,0.01572012,0.33597588,0.25497290,-0.12748645,-0.67465442,-7.67258643,17.07141604,-1.94931580
421,1788665781.00003791,14.00878387,-36.41901109,-1.90355346,map,37.28846850,127.10740060,2,14.00873634,-36.41917540,0.00019596,0.00019596,-0.03800000,0.00000000,-0.00077589,0.00942478,0.62762560,-0.40207265,-0.69986722,-7.66770889,17.08372971,-1.94836808
422,1788665782.02703762,13.71072066,-37.27177220,-1.91735590,map,37.28846080,127.10739730,2,13.71129555,-37.27204747,0.02721508,0.02722315,-0.04740000,0.00000000,-0.00098099,-0.01099557,0.20593965,0.50994580,-0.67080332,-7.64993846,17.12847867,-1.94940657
423,1788665783.00514174,13.41373957,-38.15756265,-1.93882241,map,37.28845280,127.10739400,2,13.41355491,-38.15797726,0.00530012,0.00530040,-0.08460000,0.00000000,-0.00152759,-0.03438299,-0.18632635,-0.07845320,-0.64353976,-7.61573972,17.21423104,-1.95124389
424,1788665784.00003815,13.05664372,-39.04469963,-1.95176189,map,37.28844480,127.10739000,2,13.05656411,-39.04489818,0.00019596,0.00019596,-0.17490000,0.00000000,-0.00284225,-0.02460914,0.92182510,-0.48052585,-0.61431520,-7.55762291,17.35894789,-1.95449226
425,1788665785.00768280,12.68072078,-39.95118794,-1.95819649,map,37.28843660,127.10738580,2,12.67993743,-39.95320287,0.00784114,0.00784170,-0.26290000,0.00000000,-0.00562358,-0.07365289,0.29419950,-0.49033250,-0.58045463,-7.46606373,17.58442130,-1.95923742
426,1788665786.00003815,12.25891473,-40.89438732,-1.99240409,map,37.28842810,127.10738110,2,12.25880765,-40.89462827,0.00019596,0.00019596,-0.38670000,0.00000000,-0.00676761,-0.10890855,-0.75511205,-0.47071920,-0.55339349,-7.33893565,17.89257694,-1.96554715
427,1788665787.01356697,11.76626411,-41.83497672,-2.07895063,map,37.28841950,127.10737570,2,11.76313972,-41.84075600,0.01372639,0.01372746,-0.52090000,0.00000000,-0.01143181,-0.05899213,1.25525120,0.76491870,-0.52549774,-7.16989281,18.29396360,-1.97436386
428,1788665788.01210618,11.21589656,-42.81622139,-2.12867768,map,37.28841060,127.10736960,2,11.21197795,-42.82252571,0.01226538,0.01226600,-0.62680000,0.00000000,0.07364985,-0.07278023,-0.64723890,-0.82375860,-0.49355750,-6.95848487,18.78156178,-1.97809591
429,1788665788.91366982,11.51822927,-42.38735438,-2.25862305,map,37.28840230,127.10736240,2,10.54832879,-43.72577123,0.91594165,0.91592626,-0.49630000,0.00000000,0.01296047,-0.06632251,0.52955910,0.15690640,-0.33986238,-6.79340895,19.23813891,-1.88226493
430,1788665789.01680923,10.55274702,-43.72070288,-2.26523477,map,37.28840230,127.10736240,2,10.54832879,-43.72577123,0.01697857,0.01697926,-0.38270000,0.00000000,0.00930269,-0.13683381,-0.41187930,-0.08825985,-0.33678052,-6.78182920,19.27410673,-1.88134643
431,1788665790.00003839,9.82806778,-44.49519634,-2.44648649,map,37.28839520,127.10735450,2,9.82788108,-44.49540022,0.00019596,0.00019596,-0.29980000,0.00000000,0.16587664,-0.37559486,0.82375860,0.47071920,-0.15714873,-6.67701900,19.61970230,-1.79609428
432,1788665791.02094102,9.01582696,-45.00163174,-2.58230143,map,37.28839030,127.10734560,2,9.01051279,-45.00363585,0.02111415,0.02111165,-0.29450000,0.00000000,0.00531766,-0.11554080,-0.11767980,-0.11767980,-0.07886648,-6.61664215,19.90844221,-1.77167281
433,1788665792.00003839,8.08857363,-45.45461642,-2.72790925,map,37.28838610,127.10733530,2,8.08834180,-45.45473272,0.00019596,0.00019596,-0.37410000,0.00000000,0.18807448,-0.38781216,0.57859235,-1.41215760,0.01337105,-6.55631931,20.21270921,-1.72986677
434,1788665793.02613878,7.14582296,-45.70865437,-2.86225757,map,37.28838340,127.10732480,2,7.13938615,-45.71132021,0.02631556,0.02630762,-0.29730000,0.00000000,0.00028904,-0.09616764,1.00027830,-0.82375860,0.11448275,-6.51597801,20.50371750,-1.70376646
435,1788665794.00391412,6.20377202,-45.83228683,-2.98723937,map,37.28838210,127.10731430,2,6.20266328,-45.83244696,0.00407207,0.00407186,-0.27400000,0.00000000,0.00262588,-0.05026548,0.36284605,0.83356525,0.16010547,-6.47996007,20.77448371,-1.70200151
436,1788665795.00003862,5.25939826,-45.97043492,3.13879674,map,37.28838060,127.10730370,2,5.25913564,-45.97047235,0.00022495,0.00022495,-0.18090000,0.00000000,0.06813092,-0.27628562,0.46091255,-0.55897905,0.31091257,-6.45054206,21.01584259,-1.65035169
437,1788665796.00763369,4.27765416,-45.91833552,3.00271639,map,37.28838070,127.10729260,2,4.27594812,-45.91809827,0.00779208,0.00779129,-0.21080000,0.00000000,0.00811202,-0.10035643,0.28439285,-0.35303940,0.41926770,-6.43421176,21.24161921,-1.63805465
438,1788665797.00003862,3.30805631,-45.73755781,2.85129206,map,37.28838200,127.10728160,2,3.30778591,-45.73750627,0.00022495,0.00022495,-0.23130000,0.00000000,0.00327686,-0.08325221,-0.06864655,-0.79433865,0.53791462,-6.42188137,21.49818883,-1.60705660
439,1788665798.01222587,2.36544588,-45.44904180,2.80488960,map,37.28838450,127.10727090,2,2.36276578,-45.44810964,0.01251341,0.01251199,-0.21840000,0.00000000,-0.00461102,-0.10349802,-0.31381280,0.44129925,0.54593188,-6.41152005,21.75135322,-1.61830013
440,1788665799.01186562,1.41965563,-45.13105641,2.70899826,map,37.28838730,127.10726020,2,1.41676670,-45.12975938,0.01205380,0.01205279,-0.28290000,0.00000000,-0.00597279,-0.00959931,0.83356525,-1.24544455,0.57205608,-6.39843312,22.01141694,-1.62435583
441,1788665800.01635718,0.50743429,-44.81950584,2.65846926,map,37.28838990,127.10724980,2,0.50486828,-44.81827685,0.01652918,0.01652702,-0.23140000,0.00000000,-0.00591422,-0.01396263,-0.38245935,-0.41187930,0.60579771,-6.38639046,22.22681724,-1.62962824
442,1788665801.00003886,0.01925611,-44.60372805,2.64769694,map,37.28839180,127.10724430,2,0.01915350,-44.60368167,0.00019596,0.00019596,0.04960000,0.00000000,0.00089561,0.13212142,2.46146915,-1.16699135,0.60363628,-6.38285819,22.28632632,-1.63121696
443,1788665802.02167797,-0.49371273,-44.38391384,2.60698451,map,37.28839370,127.10723850,2,-0.49132727,-44.38603715,0.02185642,0.02185318,0.06600000,0.00000000,0.00088919,-0.05253441,-0.10787315,-0.81395195,0.64395572,-6.38742759,22.20995672,-1.62978183
444,1788665803.00003910,-1.15679022,-44.11545258,2.60611595,map,37.28839630,127.10723110,2,-1.15689418,-44.11541632,0.00019596,0.00019596,0.13460000,0.00000000,0.00379549,0.01588250,0.51975245,1.35331770,0.54051979,-6.39246681,22.06140942,-1.58041042
445,1788665804.02615476,-1.83958387,-43.87051756,2.58751566,map,37.28839830,127.10722330,2,-1.83658491,-43.87132048,0.02632909,0.02632459,0.07890000,0.00000000,0.00209330,0.05183628,0.00980665,-1.06892485,0.55656001,-6.39298395,22.00346266,-1.57885123
446,1788665805.00352979,-2.51556788,-43.63557790,2.66963388,map,37.28840050,127.10721570,2,-2.51547855,-43.63576325,0.00368694,0.00368683,0.04430000,0.00000000,0.00118763,-0.03420845,0.20593965,-1.50041745,0.57506576,-6.39333587,21.95697561,-1.57776948
447,1788665806.00003934,-3.21786534,-43.38430150,2.65176389,map,37.28840280,127.10720780,2,-3.21799563,-43.38425693,0.00019596,0.00019596,0.00620000,0.00000000,0.00018258,-0.05340708,0.37265270,0.22555295,0.60371400,-6.39352913,21.92803495,-1.57710322
448,1788665807.00660634,-3.89140142,-43.10568576,2.66860856,map,37.28840530,127.10720020,2,-3.89132207,-43.10575850,0.00676364,0.00676327,0.00180000,0.00000000,0.00004275,0.04869469,-0.79433865,-1.34351105,0.63129773,-6.39366491,21.90558724,-1.57653727
449,1788665808.01199055,-4.56616003,-42.82950269,2.65383404,map,37.28840780,127.10719260,2,-4.56594513,-42.82969445,0.01214928,0.01214831,0.00820000,0.00000000,0.00017540,-0.03647738,-0.30400615,-0.04903325,0.66214160,-6.39378255,21.88442954,-1.57610013
450,1788665809.01177263,-5.24697313,-42.51326189,2.62452988,map,37.28841060,127.10718490,2,-5.24591097,-42.51383079,0.01193088,0.01193000,0.09880000,0.00000000,0.02563714,0.03298672,-0.44129925,-0.84337190,0.69255282,-6.39392196,21.85506848,-1.57215485
451,1788665810.00003958,-5.91928045,-42.21977902,2.70871197,map,37.28841340,127.10717740,2,-5.91939360,-42.21973086,0.00019596,0.00019596,0.02450000,0.00000000,-0.00022118,-0.01623156,-0.46091255,-0.76491870,0.61000875,-6.39255544,21.76637192,-1.54566709
452,1788665811.01254725,-6.63257356,-41.92027548,2.64501043,map,37.28841600,127.10716930,2,-6.63225087,-41.92025833,0.01271082,0.01270959,0.00440000,0.00000000,-0.00002506,-0.02984513,0.27458620,-0.34323275,0.64818169,-6.39204288,21.74589203,-1.54591470
453,1788665812.00003982,-7.30058452,-41.58871765,2.62333922,map,37.28841890,127.10716170,2,-7.30071180,-41.58865459,0.00019596,0.00019596,0.04460000,0.00000000,0.00943803,0.04572763,-0.00980665,-0.32361945,0.68037989,-6.39164028,21.72972487,-1.54480307
454,1788665813.01852465,-8.00192984,-41.26109422,2.68589401,map,37.28842200,127.10715390,2,-8.00096913,-41.26074838,0.01869345,0.01869044,0.01440000,0.00000000,-0.00006400,-0.02705260,0.71588545,0.20593965,0.61513364,-6.38904361,21.65861524,-1.52809982
455,1788665814.00003982,-8.68586494,-40.98814759,2.67904060,map,37.28842450,127.10714620,2,-8.68598493,-40.98810085,0.00019596,0.00019596,0.01880000,0.00000000,-0.00018800,-0.01186824,-0.33342610,-1.47099750,0.58017141,-6.38529940,21.58418193,-1.51465279
456,1788665815.01962233,-9.36265005,-40.68183495,2.61203807,map,37.28842710,127.10713850,2,-9.36070508,-40.68364615,0.01978824,0.01978551,0.12890000,0.00000000,-0.04912362,-0.21886429,-0.06864655,-0.81395195,0.63439527,-6.38312413,21.54478291,-1.52216847
457,1788665816.00004005,-10.00691529,-40.30031723,2.43360147,map,37.28843020,127.10713090,2,-10.00702376,-40.30025596,0.00019596,0.00019596,0.06500000,0.00000000,-0.00185999,-0.10803588,0.04903325,0.33342610,0.84654818,-6.38034202,21.43612537,-1.55843350
458,1788665817.02165008,-10.58101857,-39.84314742,2.21027287,map,37.28843410,127.10712420,2,-10.57937669,-39.84559531,0.02181095,0.02181279,0.13350000,0.00000000,-0.07719360,-0.27646015,0.00980665,-2.20649625,2.00579004,-6.38061710,21.34014010,-1.60544091
459,1788665818.01161599,-11.00585417,-39.29162445,2.13145067,map,37.28843890,127.10711910,2,-11.00510385,-39.29282318,0.01177304,0.01177374,0.12900000,0.00000000,-0.04875739,-0.13142329,-0.03922660,-0.49033250,2.13566718,-6.38504405,21.23966859,-1.62519614
460,1788665819.02447701,-11.31307739,-38.64649880,1.90181508,map,37.28844450,127.10711510,2,-11.31251827,-38.64785302,0.02463494,0.02464114,0.03510000,0.00000000,-0.00039001,-0.12618730,1.51022410,0.08825985,2.37883072,-6.39527876,21.11645186,-1.67045751
461,1788665820.00004029,-11.51502796,-37.97215820,1.70882600,map,37.28845050,127.10711240,2,-11.51506038,-37.97205319,0.00019596,0.00019596,0.15770000,0.00000000,-0.03847758,-0.07086037,0.77472535,-1.03950490,2.56195639,-6.41008919,20.99311838,-1.72016061
462,1788665821.00004029,-11.61233452,-37.27046791,1.64994496,map,37.28845680,127.10711110,2,-11.61235131,-37.27035052,0.00019596,0.00019596,0.17830000,0.00000000,-0.05994560,-0.23911011,0.22555295,-0.09806650,2.63442955,-6.42318443,20.90748567,-1.73114196
463,1788665822.00517607,-11.59832732,-36.55990093,1.44993203,map,37.28846320,127.10711070,2,-11.59845934,-36.56040732,0.00533239,0.00533276,0.05470000,0.00000000,-0.00069137,-0.10157816,0.22555295,-1.62790390,2.85045882,-6.44806535,20.77819132,-1.78016946
464,1788665823.00004053,-11.47255663,-35.84065641,1.41838388,map,37.28846970,127.10711200,2,-11.47253328,-35.84052691,0.00019596,0.00019596,0.03630000,0.00000000,-0.00031763,-0.02897247,0.09806650,0.96105170,2.89991897,-6.45720604,20.73520741,-1.78053283
465,1788665824.00980067,-11.33460335,-35.13072660,1.38339521,map,37.28847610,127.10711350,2,-11.33469816,-35.13110848,0.00995756,0.00995884,0.01740000,0.00000000,-0.00020542,-0.00767945,0.29419950,-1.24544455,2.94281965,-6.46454376,20.70077393,-1.78106021
466,1788665825.00004053,-11.14977515,-34.44471196,1.34038834,map,37.28848230,127.10711550,2,-11.14974089,-34.44458476,0.00019596,0.00019596,0.00680000,0.00000000,-0.00014073,-0.06736971,-0.12748645,-0.00000000,2.98226294,-6.46957829,20.67719767,-1.78135595
467,1788665826.01034307,-10.93560835,-33.74980663,1.25000433,map,37.28848860,127.10711770,2,-10.93578801,-33.75041339,0.01049908,0.01050031,0.03480000,0.00000000,-0.00066221,-0.04817109,0.16671305,-0.43149260,3.06048063,-6.48129417,20.62323026,-1.78803041
468,1788665827.01164651,-10.67335954,-33.08833017,1.19908495,map,37.28849460,127.10712050,2,-10.67363521,-33.08934307,0.01180276,0.01180401,0.08070000,0.00000000,0.03391147,0.09337511,0.01961330,0.05883990,3.09797921,-6.48792258,20.59311378,-1.78208783
469,1788665828.01624966,-10.40303085,-32.41016078,1.22150641,map,37.28850070,127.10712360,2,-10.40330132,-32.41070449,0.01640601,0.01640856,0.03950000,0.00000000,0.00055960,-0.06527531,0.55897905,1.12776475,3.07338213,-6.49708308,20.54954324,-1.77598173
470,1788665829.00004101,-10.16077761,-31.74028410,1.30199208,map,37.28850670,127.10712650,2,-10.16073568,-31.74017094,0.00019596,0.00019596,0.07100000,0.00000000,0.00108477,-0.05899213,0.23535960,-0.79433865,2.98593464,-6.51260750,20.46936683,-1.74754069
471,1788665830.02052712,-9.94875234,-31.05049570,1.29800463,map,37.28851290,127.10712890,2,-9.94988088,-31.05156730,0.02069717,0.02070232,0.00310000,0.00000000,0.00003272,-0.01169371,-0.20593965,-0.00980665,3.01427513,-6.51554981,20.45288491,-1.74734713
472,1788665831.00004101,-9.72981764,-30.36577393,1.25604455,map,37.28851910,127.10713130,2,-9.72977541,-30.36564357,0.00019596,0.00019596,-0.01550000,0.00000000,-0.00009688,0.01815142,-0.07845320,0.04903325,3.08376620,-6.51619640,20.44926075,-1.74733783
473,1788665832.02244306,-9.48508790,-29.68967394,1.24414371,map,37.28852520,127.10713400,2,-9.48534169,-29.69030704,0.02261116,0.02261688,-0.01970000,0.00000000,-0.00013681,-0.01082104,0.23535960,-1.82403690,3.11600583,-6.51425763,20.46012633,-1.74741122
474,1788665833.00004125,-9.21370681,-29.01547202,1.20452371,map,37.28853130,127.10713700,2,-9.21365281,-29.01533733,0.00019596,0.00019596,-0.01520000,0.00000000,-0.00004222,-0.04188790,-0.31381280,-0.22555295,-3.13376884,-6.50952098,20.48665138,-1.74759765
475,1788665834.02537823,-8.93126202,-28.34086890,1.18327970,map,37.28853740,127.10714010,2,-8.93088200,-28.34142624,0.02554378,0.02555034,-0.02040000,0.00000000,-0.00528177,0.05427974,0.89240515,0.80414530,-3.11147676,-6.50600811,20.50630611,-1.74841296
476,1788665835.00272536,-8.66868550,-27.65984846,1.24081378,map,37.28854350,127.10714320,2,-8.66863359,-27.65974621,0.00288002,0.00288010,-0.02350000,0.00000000,-0.00035251,0.04014257,0.66685220,0.47071920,3.12469073,-6.50536394,20.50995248,-1.74714995
477,1788665836.00004148,-8.39667461,-26.98505661,1.23737119,map,37.28854960,127.10714620,2,-8.39662103,-26.98492452,0.00019596,0.00019596,-0.01030000,0.00000000,-0.00618705,0.21205750,-0.06864655,1.00027830,3.10916886,-6.50305931,20.52286779,-1.74901904
478,1788665837.01170182,-8.18763103,-26.29282258,1.26813749,map,37.28855580,127.10714870,2,-8.18751984,-26.29259889,0.01185699,0.01185840,-0.02550000,0.00000000,-0.00084308,-0.04625123,0.83356525,0.54917240,3.05732710,-6.49964356,20.54173434,-1.75032373
479,1788665838.01230907,-7.96410278,-25.60531626,1.26083306,map,37.28856200,127.10715120,2,-7.96400504,-25.60511520,0.01246445,0.01246592,-0.02540000,0.00000000,-0.00070212,-0.03124139,0.06864655,0.58839900,3.06514975,-6.49548434,20.56460956,-1.75105102
480,1788665839.00190973,-7.69154800,-24.93748379,1.13087690,map,37.28856810,127.10715400,2,-7.69149098,-24.93736501,0.00206420,0.00206423,-0.02430000,0.00000000,0.00030038,-0.05340708,0.96105170,0.35303940,-3.13586533,-6.49419825,20.57166228,-1.75102104
481,1788665840.00004172,-7.39970170,-24.26896101,1.06764101,map,37.28857420,127.10715710,2,-7.39964343,-24.26882857,0.00019596,0.00019596,-0.00850000,0.00000000,-0.00198156,0.07120943,0.16671305,-0.09806650,-3.10265368,-6.49008079,20.59428516,-1.75095875
482,1788665841.00790524,-7.12774410,-23.60388352,1.16826563,map,37.28858010,127.10716040,2,-7.12794335,-23.60392720,0.00806114,0.00806175,-0.01600000,0.00000000,-0.00008667,-0.01832596,0.19613300,-0.75511205,3.06907830,-6.48702121,20.61079644,-1.75562924
483,1788665842.00004196,-6.84229821,-22.92092576,1.10046611,map,37.28858630,127.10716350,2,-6.84224227,-22.92079072,0.00019596,0.00019596,-0.02380000,0.00000000,-0.00004958,-0.04799655,0.82375860,0.50013915,3.09189755,-6.48365658,20.62884397,-1.75492723
484,1788665843.00961995,-6.54380466,-22.22464606,1.07871219,map,37.28859260,127.10716680,2,-6.54379378,-22.22457719,0.00977566,0.00977639,-0.01080000,0.00000000,-0.00145958,-0.03543018,0.19613300,0.15690640,3.09452787,-6.48006656,20.64800758,-1.75644646
485,1788665844.00004196,-6.24450199,-21.52111125,1.14559480,map,37.28859890,127.10717030,2,-6.24411310,-21.52020232,0.00129432,0.00129433,-0.00270000,0.00000000,0.00003150,-0.02042035,0.34323275,0.40207265,3.03715519,-6.47808442,20.65855398,-1.75672580
486,1788665845.01022601,-5.87570156,-20.84027594,1.10980901,map,37.28860520,127.10717450,0,-5.86660079,-20.82345784,0.03424211,0.03424397,-0.02070000,0.00000000,0.00014375,-0.07819075,-0.09806650,0.22555295,3.07136023,-6.47435282,20.67839625,-1.75663404
487,1788665846.00004220,-5.54486765,-20.06186663,1.07712199,map,37.28861220,127.10717810,0,-5.53997203,-20.05040503,0.01467094,0.01467115,-0.03130000,0.00000000,0.00022606,-0.04712389,0.22555295,-0.14709975,3.10396129,-6.46991977,20.70197550,-1.75661663
488,1788665847.01425290,-5.24546737,-19.28941188,1.26445837,map,37.28861900,127.10718190,0,-5.24159545,-19.27949991,0.02749196,0.02749441,-0.01120000,0.00000000,-0.00038741,-0.02600541,0.42168595,0.84337190,3.02973923,-6.46958398,20.70376699,-1.75553386
489,1788665848.01186562,-4.95171344,-18.52108346,1.29477081,map,37.28862590,127.10718530,0,-4.94794786,-18.51142047,0.02443459,0.02443645,-0.02070000,0.00000000,-0.00046579,0.01692969,-0.11767980,-0.68646550,3.04871791,-6.46698322,20.71767003,-1.75595663
490,1788665849.01673508,-4.65177692,-17.73364247,1.30137639,map,37.28863300,127.10718870,0,-4.64800995,-17.72305891,0.03113566,0.03114016,-0.01770000,0.00000000,-0.00053108,-0.05148721,0.81395195,0.22555295,3.07064401,-6.46386838,20.73427873,-1.75649354
491,1788665850.00004244,-4.31954605,-16.94705408,1.28816780,map,37.28864010,127.10719240,0,-4.31510453,-16.93649055,0.01327995,0.01328022,-0.04320000,0.00000000,-0.00111613,-0.01413717,0.71588545,-0.13729310,3.09578750,-6.45914863,20.75935602,-1.75722136
492,1788665851.01950216,-3.95196030,-16.11658248,1.25866739,map,37.28864760,127.10719650,0,-3.94743498,-16.10542275,0.03164288,0.03164831,-0.06120000,0.00000000,-0.00564377,0.00401426,-0.02941995,0.61781895,3.13264751,-6.45009986,20.80715713,-1.75914769
493,1788665852.00004268,-3.69557568,-15.24217399,1.50828887,map,37.28865530,127.10719980,2,-3.69552334,-15.24199828,0.00019596,0.00019596,-0.04280000,0.00000000,-0.01022852,0.07330383,0.69627215,0.38245935,-2.12283183,-6.44105159,20.85211176,-1.78337846
494,1788665853.01898718,-3.46294678,-14.33658586,1.35279120,map,37.28866350,127.10720220,2,-3.46286786,-14.33536024,0.01914959,0.01915426,-0.08770000,0.00000000,-0.00029233,-0.00541052,0.38245935,-1.29447780,-2.13441882,-6.42721189,20.91608587,-1.78408552
495,1788665854.00004292,-3.26232202,-13.40461778,1.31222011,map,37.28867190,127.10720440,2,-3.26227707,-13.40441218,0.00019596,0.00019596,-0.16090000,0.00000000,-0.06430880,0.13316862,-0.23535960,0.25497290,-2.13560808,-6.39775424,21.05113492,-1.79801318
496,1788665855.01789021,-3.13493292,-12.48116539,1.46584450,map,37.28868020,127.10720620,2,-3.13421651,-12.47797810,0.01875123,0.01875573,-0.16870000,0.00000000,-0.00173389,-0.05567600,0.04903325,-0.67665885,-2.33092489,-6.35437763,21.21132640,-1.85362595
497,1788665856.00004292,-3.03283873,-11.50977404,1.44232224,map,37.28868930,127.10720730,0,-3.02843307,-11.46904399,0.03344091,0.03344268,-0.26410000,0.00000000,-0.08980232,0.13840461,-0.19613300,-1.22583125,-2.33513701,-6.28669099,21.44151365,-1.87625057
498,1788665857.01921892,-3.03823413,-10.50081505,1.58729045,map,37.28869840,127.10720760,0,-3.03828742,-10.45717259,0.04729556,0.04729961,-0.40170000,0.00000000,-0.00758813,-0.09930923,0.75511205,-0.80414530,-2.49534596,-6.17153339,21.74189183,-1.96254396
499,1788665858.01177049,-3.14883344,-9.39997184,1.77298795,map,37.28870800,127.10720670,2,-3.14988311,-9.39481159,0.01205243,0.01205365,-0.42320000,0.00000000,-0.02811720,0.04886922,0.67665885,0.18632635,-2.66709373,-5.98730036,22.12183830,-2.10662959
500,1788665859.02473593,-3.38980431,-8.38445642,1.88925613,map,37.28871720,127.10720420,2,-3.39181728,-8.37812375,0.02505569,0.02506205,-0.27790000,0.00000000,-0.10936004,0.23038346,0.26477955,0.05883990,-2.77568106,-5.83963128,22.36023117,-2.18271543
501,1788665860.00019002,-3.72193665,-7.45569543,2.03331200,map,37.28872560,127.10720080,2,-3.72202037,-7.45543908,0.00034268,0.00034268,-0.20820000,0.00000000,-0.15368136,0.33684855,0.17651970,0.50013915,-2.91295356,-5.70706934,22.54226442,-2.25532666
502,1788665861.00004339,-4.22830787,-6.60359990,2.20732307,map,37.28873350,127.10719560,2,-4.22843476,-6.60339097,0.00019596,0.00019596,-0.30740000,0.00000000,-0.16148347,0.22811453,0.63743225,-0.97085835,-3.07263471,-5.52760999,22.74118980,-2.35126265
503,1788665862.00507021,-4.88287447,-5.88915390,2.44498516,map,37.28874030,127.10718870,2,-4.88383783,-5.88849738,0.00522347,0.00522341,-0.25470000,0.00000000,-0.00566048,-0.08045968,-0.13729310,-0.53936575,2.92772136,-5.34183843,22.90325866,-2.47852955
504,1788665863.00004363,-5.69279385,-5.33249495,2.71141860,map,37.28874570,127.10717990,2,-5.69299210,-5.33235925,0.00019596,0.00019596,-0.30870000,0.00000000,-0.09673255,0.11187561,-1.30428445,-1.29447780,2.71459421,-5.13243086,23.05262315,-2.59341059
505,1788665864.00587344,-6.58077664,-4.89522720,2.71225046,map,37.28874970,127.10716990,2,-6.58266442,-4.89443380,0.00602666,0.00602635,-0.33110000,0.00000000,-0.07322161,0.10245083,-0.46091255,-1.17679800,2.70547401,-4.88413032,23.20201376,-2.62287116
506,1788665865.00004363,-7.46565733,-4.41712348,2.57664730,map,37.28875380,127.10715980,2,-7.46587897,-4.41700314,0.00019596,0.00019596,-0.30520000,0.00000000,-0.01026011,-0.06492625,0.35303940,0.51975245,2.72721158,-4.62947976,23.34611319,-2.63066296
507,1788665866.00905156,-8.36850586,-3.96430565,2.56473620,map,37.28875790,127.10714960,2,-8.37084022,-3.96285645,0.00920487,0.00920440,-0.28960000,0.00000000,-0.00329830,-0.01413717,0.43149260,-0.07845320,2.68823581,-4.35518290,23.49171361,-2.68135378
508,1788665867.00004387,-9.27462179,-3.55167482,2.62300400,map,37.28876160,127.10713940,2,-9.27484590,-3.55156453,0.00019596,0.00019596,-0.22760000,0.00000000,-0.00433099,-0.00767945,0.86298520,-0.21574630,2.64719591,-4.09186675,23.61699870,-2.73045306
509,1788665868.01481581,-10.19785660,-3.18336282,2.61461530,map,37.28876500,127.10712900,2,-10.20132246,-3.18144819,0.01497084,0.01496951,-0.26530000,0.00000000,-0.01651861,-0.01518436,0.27458620,-0.37265270,2.67708894,-3.83456065,23.72821617,-2.73838046
510,1788665869.01187778,-11.10590757,-2.78514747,2.55634825,map,37.28876850,127.10711870,2,-11.10868461,-2.78327250,0.01203174,0.01203108,-0.28770000,0.00000000,-0.00459541,-0.02792527,-0.17651970,-0.04903325,2.65923166,-3.57710792,23.83110578,-2.77144961
511,1788665870.88616800,-11.56300001,-2.57743642,2.50628850,map,37.28877230,127.10710700,2,-12.13947882,-2.35179133,0.88774796,0.88720587,0.06430000,0.00000000,0.00008038,-0.05148721,0.27458620,0.47071920,2.70750397,-3.64791275,23.80364382,-2.77160921
512,1788665871.00004435,-12.13936688,-2.35183490,2.50132102,map,37.28877230,127.10710700,2,-12.13947882,-2.35179133,0.00019596,0.00019596,0.02630000,0.00000000,-0.00010228,-0.05881760,0.12748645,0.55897905,2.71252986,-3.65034382,23.80270094,-2.77161935
513,1788665872.01664543,-12.79184513,-2.03282885,2.57382645,map,37.28877520,127.10709970,2,-12.78966068,-2.03408909,0.01680679,0.01680516,0.13820000,0.00000000,0.08694021,0.23980824,0.36284605,-0.13729310,2.68617936,-3.73712340,23.76862711,-2.74693059
514,1788665873.00004435,-13.45784456,-1.76539206,2.68665645,map,37.28877780,127.10709230,2,-13.45795282,-1.76535148,0.00019596,0.00019596,0.06040000,0.00000000,0.00045300,-0.01623156,0.09806650,-0.33342610,2.62715726,-3.84633727,23.72052677,-2.71803971
515,1788665874.01351810,-14.14542686,-1.54470822,2.76407204,map,37.28878000,127.10708470,2,-14.14327171,-1.54541200,0.01367457,0.01367268,0.12480000,0.00000000,-0.00022533,-0.02478368,0.02941995,-0.17651970,2.50883195,-3.97201675,23.66064530,-2.67603443
516,1788665875.00004458,-14.84233637,-1.32032693,2.72156727,map,37.28878200,127.10707680,2,-14.84245516,-1.32029044,0.00019596,0.00019596,0.16600000,0.00000000,-0.03848548,-0.15481070,0.71588545,-0.52955910,2.54874912,-4.05303827,23.62015330,-2.68789630
517,1788665876.01650977,-15.50708961,-1.06445211,2.63027111,map,37.28878410,127.10706920,2,-15.50574092,-1.06533609,0.01666543,0.01666340,0.09380000,0.00000000,0.00009119,-0.06614798,-0.02941995,0.84337190,2.61114899,-4.12456741,23.58539860,-2.68996795
518,1788665877.01184583,-16.18228526,-0.79129235,2.72156665,map,37.28878660,127.10706160,2,-16.18163280,-0.79161353,0.01199935,0.01199823,0.06550000,0.00000000,0.00096434,-0.06946410,0.15690640,1.01989160,2.59192420,-4.22389435,23.53584685,-2.67199506
519,1788665878.02326274,-16.86099261,-0.51275481,2.70096385,map,37.28878920,127.10705400,2,-16.86046959,-0.51303817,0.02342100,0.02341651,0.01470000,0.00000000,0.00030423,0.05532694,0.80414530,-0.39226600,2.61631219,-4.26297541,23.51599752,-2.67118870
520,1788665879.00004482,-17.53203551,-0.23107313,2.66557925,map,37.28879170,127.10704640,2,-17.53215825,-0.23102232,0.00019596,0.00019596,0.06620000,0.00000000,0.00075396,-0.00541052,0.39226600,1.09834480,2.64895794,-4.29654527,23.49891419,-2.67045219
521,1788665880.02647424,-18.19610441,0.07708649,2.63539902,map,37.28879440,127.10703890,2,-18.19279093,0.07704937,0.02665747,0.02665219,0.04160000,0.00000000,0.00094764,0.00314159,0.06864655,-0.86298520,2.67862739,-4.32761850,23.48307381,-2.66976358
522,1788665881.00167847,-18.84767674,0.40107975,2.62969445,map,37.28879730,127.10703150,2,-18.84773087,0.40107210,0.00182939,0.00182937,0.02080000,0.00000000,0.00047671,-0.00645772,-0.45110590,0.00980665,2.70855039,-4.34547665,23.47395798,-2.66940197
523,1788665882.00004506,-19.49209886,0.71129941,2.68230716,map,37.28880020,127.10702430,2,-19.49220562,0.71135066,0.00019596,0.00019596,0.03130000,0.00000000,-0.00028257,-0.00663225,0.04903325,0.08825985,2.65689092,-4.43440931,23.42692834,-2.64484914
524,1788665883.00300527,-20.15219692,1.00322830,2.72258209,map,37.28880290,127.10701690,2,-20.15200829,1.00314488,0.00315637,0.00315629,0.06740000,0.00000000,-0.00017786,0.05201081,0.51975245,-0.77472535,2.60443561,-4.53081840,23.37312611,-2.62029595
525,1788665884.00004530,-20.82312117,1.28632128,2.71467328,map,37.28880540,127.10700930,2,-20.82323800,1.28636998,0.00019596,0.00019596,0.11810000,0.00000000,0.05909529,0.10646508,0.00980665,0.04903325,2.60069012,-4.59291946,23.33729489,-2.60617832
526,1788665885.00535631,-21.52132892,1.51586269,2.77410515,map,37.28880760,127.10700150,2,-21.52122156,1.51586560,0.00550743,0.00550713,0.01770000,0.00000000,0.00011800,-0.06754424,0.40207265,0.72569210,2.56956051,-4.66747175,23.29199094,-2.59126302
527,1788665886.00004554,-22.19418120,1.76198153,2.74589330,map,37.28880980,127.10699390,2,-22.19430484,1.76202651,0.00019596,0.00019596,0.03410000,0.00000000,0.00011367,-0.02391101,0.26477955,-0.99047165,2.59394625,-4.69528235,23.27492622,-2.59116307
528,1788665887.01168323,-22.87883346,2.02667543,2.76059587,map,37.28881220,127.10698620,2,-22.87789735,2.02626537,0.01183563,0.01183440,0.07300000,0.00000000,-0.00019264,0.02652900,-0.92182510,-0.25497290,2.57381053,-4.77080920,23.22766157,-2.57569037
529,1788665888.01209521,-23.54983857,2.27646826,2.73295135,map,37.28881440,127.10697860,2,-23.54941565,2.27620601,0.01224799,0.01224679,0.04540000,0.00000000,0.00029006,0.04677482,0.02941995,1.05911820,2.60397323,-4.79630015,23.21147129,-2.57575041
530,1788665889.01249814,-24.22838759,2.55278160,2.68705871,map,37.28881680,127.10697090,2,-24.22775141,2.55231126,0.01265574,0.01265437,0.00410000,0.00000000,-0.00000513,-0.07173303,-0.11767980,-0.38245935,2.64492371,-4.81172314,23.20167604,-2.57575812
531,1788665890.00004578,-24.90123392,2.85249171,2.72943294,map,37.28881950,127.10696330,2,-24.90135062,2.85254315,0.00019596,0.00019596,0.11960000,0.00000000,0.03530115,0.05096361,-0.63743225,-0.00980665,2.60198984,-4.87339416,23.16183229,-2.55166811
532,1788665891.01269770,-25.60506623,3.10293030,2.70814870,map,37.28882180,127.10695540,2,-25.60415000,3.10286882,0.01285361,0.01285212,0.04470000,0.00000000,0.00039113,-0.02652900,-0.17651970,-0.36284605,2.61982641,-4.91421226,23.13442527,-2.54972302
533,1788665892.00004601,-26.27563881,3.37534955,2.78347572,map,37.28882440,127.10694790,2,-26.27574831,3.37539380,0.00019596,0.00019596,0.09670000,0.00000000,-0.00005372,-0.12391838,-0.56878570,-0.73549875,2.53595917,-5.00725368,23.06943517,-2.51707403
534,1788665893.01263928,-26.99248336,3.61336973,2.76036768,map,37.28882650,127.10693980,2,-26.99207363,3.61342384,0.01279349,0.01279184,0.02240000,0.00000000,0.00013378,-0.04153884,0.68646550,0.61781895,2.56648431,-5.02548031,23.05629889,-2.51707757
535,1788665894.00004601,-27.68975786,3.85291403,2.72003994,map,37.28882860,127.10693190,2,-27.68989089,3.85295952,0.00019596,0.00019596,0.03810000,0.00000000,-0.00300359,0.01151917,0.25497290,-1.19641130,2.59732150,-5.03517843,23.04930911,-2.51739169
536,1788665895.01366591,-28.38306292,4.14573526,2.65321375,map,37.28883110,127.10692400,2,-28.38310195,4.14574868,0.01381882,0.01381732,-0.00670000,0.00000000,0.00005863,-0.03630285,0.61781895,-0.25497290,2.68216553,-5.07474652,23.02098130,-2.52176747
537,1788665896.00004625,-29.05228279,4.48698522,2.59935010,map,37.28883410,127.10691640,2,-29.05241110,4.48705025,0.00019596,0.00019596,-0.00150000,0.00000000,0.00001479,-0.04380776,0.47071920,-0.40207265,2.72825676,-5.08303919,23.01506400,-2.52190642
538,1788665897.02041698,-29.70373943,4.83960387,2.56977816,map,37.28883720,127.10690900,2,-29.70352169,4.83944544,0.02057157,0.02056934,0.00380000,0.00000000,-0.00005700,-0.04921828,0.14709975,-0.84337190,2.77166541,-5.09056403,23.00969605,-2.52204054
539,1788665898.00004649,-30.31164239,5.19683329,2.65848030,map,37.28884050,127.10690220,2,-30.31174754,5.19689442,0.00019596,0.00019596,0.13350000,0.00000000,0.05764064,0.12374384,0.22555295,0.28439285,2.65606832,-5.14817029,22.96754484,-2.48865468
540,1788665899.02346921,-30.90651769,5.48966318,2.79978967,map,37.28884340,127.10689560,0,-30.91013980,5.49170031,0.04135057,0.04134338,0.14490000,0.00000000,0.07577405,0.16423548,0.58839900,-0.12748645,2.48870430,-5.24866407,22.88789677,-2.43475627
541,1788665900.00004649,-31.57830537,5.67497793,2.83473785,map,37.28884520,127.10688800,0,-31.58911365,5.67779506,0.01950092,0.01950050,0.12540000,0.00000000,0.04157074,0.05619960,0.30400615,-0.02941995,2.44747425,-5.33650161,22.81156992,-2.41201137
542,1788665901.02262330,-32.28439314,5.83935628,2.82859154,map,37.28884670,127.10688010,0,-32.29093109,5.84018180,0.03521347,0.03520688,0.01530000,0.00000000,-0.00002763,-0.06614798,0.54917240,1.00027830,2.46060602,-5.38327803,22.76955043,-2.40863682
543,1788665902.00004673,-32.98361076,5.90156536,2.79848801,map,37.28884720,127.10687200,0,-33.00658536,5.90332155,0.03415436,0.03415290,0.01910000,0.00000000,-0.00001857,-0.08534660,1.28467115,-0.12748645,2.48869673,-5.40659903,22.74855335,-2.40850523
544,1788665903.02475810,-33.65334749,6.04541197,2.76582231,map,37.28884850,127.10686420,0,-33.69594318,6.05368771,0.09097312,0.09095838,0.01480000,0.00000000,-0.00000411,-0.00244346,0.37265270,-0.31381280,2.52451094,-5.41779382,22.73847208,-2.40844920
545,1788665904.00186658,-34.34652373,6.27226177,2.73791709,map,37.28885050,127.10685650,0,-34.37618947,6.28184523,0.04692102,0.04691874,0.02050000,0.00000000,0.00006833,-0.00541052,0.62762560,0.97085835,2.55473583,-5.42473480,22.73222093,-2.40843938
546,1788665905.00004697,-34.92663586,6.49435958,2.70841465,map,37.28885250,127.10684980,0,-34.96754508,6.51001980,0.07053072,0.07052563,-0.00470000,0.00000000,0.00002938,-0.04712389,0.46091255,0.85317855,2.58475820,-5.42839476,22.72892466,-2.40841239
547,1788665906.00796628,-35.59167053,6.73805454,2.67816831,map,37.28885460,127.10684240,0,-35.62100119,6.74877236,0.05342832,0.05342538,-0.00870000,0.00000000,0.00002658,-0.01832596,0.17651970,-0.40207265,2.62060150,-5.42323718,22.73356995,-2.40839948
548,1788665907.00004721,-36.26616168,7.02215466,2.64289711,map,37.28885710,127.10683480,0,-36.29153203,7.03279548,0.03815826,0.03815692,-0.01660000,0.00000000,-0.00007378,-0.03543018,-0.23535960,-0.21574630,2.65063547,-5.42081644,22.73575018,-2.40841845
549,1788665908.01325941,-36.93220942,7.28720115,2.65599930,map,37.28885950,127.10682730,0,-36.95744842,7.29743038,0.05099532,0.05099246,-0.01600000,0.00000000,-0.00000444,-0.03124139,0.14709975,-1.04931155,2.69067979,-5.40951932,22.74592521,-2.40838680
550,1788665909.01206350,-37.50297077,7.70073949,2.61842773,map,37.28886330,127.10682070,0,-37.53875685,7.72634833,0.07231601,0.07231126,-0.02280000,0.00000000,-0.00004750,-0.04171337,0.64723890,-0.70607880,2.73189420,-5.39821864,22.75610403,-2.40837908
551,1788665910.01808906,-38.07571080,8.08704864,2.69714452,map,37.28886690,127.10681410,0,-38.12605843,8.12209636,0.11199320,0.11198064,0.08900000,0.00000000,0.04477169,0.19495328,0.08825985,1.20621795,2.64556565,-5.41432017,22.74147668,-2.39691395
552,1788665911.00004768,-38.74286113,8.39018853,2.71288705,map,37.28886960,127.10680680,0,-38.78050054,8.40732452,0.06092921,0.06092590,-0.01190000,0.00000000,-0.00000661,-0.04084070,0.74530540,0.03922660,2.63446240,-5.42797740,22.72884767,-2.39439876
553,1788665912.02210331,-39.59553294,8.65241815,2.93411878,map,37.28887220,127.10679780,2,-39.59347331,8.65128940,0.02227040,0.02226419,0.04780000,0.00000000,0.00243092,-0.02687807,1.16699135,-1.59848395,2.56242706,-5.45469683,22.70381355,-2.38275809
554,1788665913.00004792,-40.28430318,8.90933118,2.74819952,map,37.28887450,127.10679000,2,-40.28443389,8.90937833,0.00019596,0.00019596,-0.00200000,0.00000000,0.00001806,0.00104720,0.92182510,0.47071920,2.59121331,-5.46247575,22.69643725,-2.38275927
555,1788665914.02544713,-40.98111248,9.18504284,2.81358213,map,37.28887680,127.10678210,2,-40.97920281,9.18458019,0.02561297,0.02560563,0.01280000,0.00000000,0.00012267,0.01361357,0.32361945,-0.21574630,2.55113712,-5.49420808,22.66606220,-2.37409587
556,1788665915.00252247,-41.72249443,9.39116268,2.99675293,map,37.28887890,127.10677380,2,-41.72232777,9.39114920,0.00267058,0.00267049,0.08160000,0.00000000,0.03945373,0.21118484,0.84337190,-0.36284605,2.35354373,-5.54462628,22.61605786,-2.33699001
557,1788665916.02687478,-42.45679665,9.47404196,3.04368048,map,37.28887980,127.10676560,2,-42.45229708,9.47393529,0.02703647,0.02702641,0.12800000,0.00000000,0.08644725,0.28221974,0.17651970,0.45110590,2.30488327,-5.60541650,22.55201490,-2.30990256
558,1788665917.00677443,-43.23544274,9.47405151,-3.11337251,map,37.28888010,127.10675680,2,-43.23448138,9.47413757,0.00692308,0.00692243,0.14120000,0.00000000,0.07626740,0.20874138,0.65704555,0.26477955,2.17357082,-5.67376147,22.47399771,-2.27083095
559,1788665918.01183057,-43.99686157,9.38666829,-3.04329623,map,37.28887950,127.10674820,2,-43.99577744,9.38670975,0.01198082,0.01197919,0.07620000,0.00000000,-0.00011642,-0.05253441,0.67665885,-1.19641130,2.10915816,-5.72674048,22.40935978,-2.25276163
560,1788665919.01178241,-44.80099660,9.24666912,-2.92434791,map,37.28887840,127.10673910,2,-44.80007069,9.24683897,0.01193222,0.01193067,0.07520000,0.00000000,0.00924649,0.00733038,1.46119085,-0.13729310,2.00984947,-5.77965619,22.34244602,-2.22105246
561,1788665920.00004840,-45.62241909,9.03696357,-2.84565672,map,37.28887660,127.10672980,2,-45.62256623,9.03692608,0.00019596,0.00019596,0.04960000,0.00000000,0.03617132,0.34121187,-0.11767980,0.58839900,1.95277049,-5.80808794,22.30489204,-2.20787934
562,1788665921.01100755,-46.41051010,8.67342708,-2.67361956,map,37.28887380,127.10672070,2,-46.41020580,8.67363066,0.01116053,0.01115951,-0.01440000,0.00000000,-0.00091063,-0.12601277,-0.74530540,0.15690640,1.83815132,-5.82205007,22.28579356,-2.19379944
563,1788665922.00004864,-47.18869223,8.20954504,-2.47827069,map,37.28886990,127.10671170,2,-47.18885189,8.20945105,0.00019596,0.00019596,-0.04100000,0.00000000,-0.00833275,0.09250245,0.66685220,-0.41187930,1.65664013,-5.79009852,22.32924785,-2.22131019
564,1788665923.01584888,-47.91793138,7.59734937,-2.44729913,map,37.28886440,127.10670340,2,-47.92139213,7.59454767,0.01600205,0.01600135,-0.30010000,0.00000000,-0.20401992,0.34452799,-0.14709975,0.04903325,1.60888024,-5.68585203,22.46416936,-2.26817443
565,1788665924.00004888,-48.55642640,6.87484578,-2.30191429,map,37.28885820,127.10669590,2,-48.55658029,6.87467354,0.00019596,0.00019596,-0.32100000,0.00000000,-0.00280879,-0.01186824,1.87307015,0.00980665,1.48041661,-5.52986043,22.63627281,-2.31737512
566,1788665925.02240658,-49.21414621,6.09049632,-2.19954769,map,37.28885110,127.10668840,2,-49.21873893,6.08425552,0.02255848,0.02256062,-0.36920000,0.00000000,-0.08754678,0.11815879,0.22555295,-0.01961330,1.38199229,-5.26704792,22.90493621,-2.41778276
567,1788665926.00004911,-49.78253581,5.23118331,-2.18989388,map,37.28884350,127.10668190,2,-49.78268218,5.23096596,0.00019596,0.00019596,-0.26340000,0.00000000,-0.11432899,0.20996311,-0.86298520,0.75511205,1.37176884,-5.02533614,23.11561929,-2.45353723
568,1788665927.02199960,-50.31166239,4.37705050,-2.17825946,map,37.28883580,127.10667580,2,-50.31592865,4.37102689,0.02214967,0.02215184,-0.32820000,0.00000000,-0.10485684,0.02967060,-0.36284605,0.11767980,1.35724570,-4.77263485,23.31794635,-2.48594767
569,1788665928.01164246,-50.83556617,3.50799798,-2.17043208,map,37.28882800,127.10666990,2,-50.83780537,3.50454758,0.01179045,0.01179102,-0.33740000,0.00000000,-0.00538927,-0.05340708,0.30400615,1.34351105,1.34668641,-4.50645376,23.51598561,-2.50725206
570,1788665929.02568007,-51.33608796,2.65921780,-2.10080947,map,37.28882040,127.10666410,2,-51.33969616,2.65338732,0.02585230,0.02585688,-0.31920000,0.00000000,0.00057633,-0.03001966,0.82375860,-1.64751720,1.28050534,-4.27022822,23.67753730,-2.56915641
571,1788665930.00276780,-51.81496971,1.76999729,-2.13843634,map,37.28881240,127.10665880,2,-51.81554830,1.76911904,0.00291448,0.00291452,-0.31140000,0.00000000,-0.00419538,-0.04066617,0.53936575,-1.00027830,1.32353826,-4.00904639,23.84587613,-2.56945560
572,1788665931.00004959,-52.30564585,0.91641817,-2.13882083,map,37.28880470,127.10665330,2,-52.30577378,0.91619956,0.00019596,0.00019596,-0.29080000,0.00000000,-0.00315040,-0.03857178,0.08825985,-1.50041745,1.33108800,-3.72935279,24.01890127,-2.59390439
573,1788665932.00446749,-52.79483433,0.04986944,-2.10502094,map,37.28879690,127.10664770,2,-52.79625964,0.04682993,0.00461427,0.00461439,-0.07600000,0.00000000,0.00308310,-0.02391101,3.21658120,-0.69627215,1.30560474,-3.52481245,24.13912194,-2.62534985
574,1788665933.47172713,-53.05308955,-0.38316660,-2.04617064,map,37.28879390,127.10664540,2,-52.99997650,-0.28623411,0.47234854,0.47269058,0.24770000,0.00000000,0.08670959,0.20559979,-0.20593965,0.41187930,1.22974364,-3.74851629,24.00580999,-2.54359075
575,1788665934.00779724,-53.32063520,-0.92919746,-2.03436751,map,37.28878820,127.10664160,2,-53.32000327,-0.92794129,0.00794453,0.00794504,0.16480000,0.00000000,0.00073245,0.04886922,0.23535960,0.55897905,1.21771220,-3.82563895,23.95284792,-2.53820438
576,1788665935.00005007,-53.63753985,-1.59000986,-2.04648486,map,37.28878220,127.10663810,2,-53.63758959,-1.59011484,0.00019596,0.00019596,0.21770000,0.00000000,0.04879487,0.17488199,2.29475610,-1.21602460,1.25337918,-3.93746036,23.87574951,-2.53224897
577,1788665936.00696754,-53.93256505,-2.26076850,-2.03463327,map,37.28877620,127.10663470,2,-53.93185521,-2.25965093,0.00711389,0.00711430,0.19550000,0.00000000,0.03433953,-0.00872665,-0.34323275,-1.50041745,1.24790828,-4.08290605,23.77076856,-2.50733979
578,1788665937.01168752,-54.19914947,-2.93444157,-1.95527698,map,37.28877020,127.10663150,2,-54.19853840,-2.93298995,0.01183433,0.01183550,0.11740000,0.00000000,0.00194045,-0.03647738,0.31381280,0.99047165,1.17675384,-4.24631207,23.64124659,-2.44969827
579,1788665938.01385236,-54.45123027,-3.60966268,-1.96614633,map,37.28876410,127.10662870,2,-54.45068179,-3.60839822,0.01399929,0.01400094,0.08590000,0.00000000,0.00144367,-0.01518436,0.78453200,0.01961330,1.22272156,-4.33976012,23.56365679,-2.44751205
580,1788665939.00005031,-54.72182317,-4.28304940,-1.99572219,map,37.28875800,127.10662570,2,-54.72186370,-4.28315408,0.00019596,0.00019596,0.23930000,0.00000000,0.07379910,0.11938052,-0.49033250,0.39226600,1.24212048,-4.44079290,23.47929953,-2.43511110
581,1788665940.01995182,-54.98884633,-4.97478060,-1.99115091,map,37.28875180,127.10662270,2,-54.98849268,-4.97093799,0.02011221,0.02011597,0.11240000,0.00000000,0.00090545,0.04136430,0.35303940,-0.14709975,1.23869397,-4.55051031,23.38416762,-2.42488923
582,1788665941.00005054,-55.26830855,-5.62729232,-1.94747021,map,37.28874590,127.10661950,2,-55.26834813,-5.62738681,0.00019596,0.00019596,0.23500000,0.00000000,0.03103469,-0.00017453,0.08825985,-0.83356525,1.18267011,-4.68514086,23.26376467,-2.38493200
583,1788665942.02612376,-55.53679055,-6.33014835,-1.98677506,map,37.28873960,127.10661650,2,-55.53389067,-6.32673908,0.02628795,0.02629452,0.09470000,0.00000000,-0.00002631,-0.09721484,-1.00027830,-0.36284605,1.20351317,-4.77846755,23.17567466,-2.38509398
584,1788665943.00030875,-55.79742109,-7.00085834,-1.98461280,map,37.28873350,127.10661360,2,-55.79742981,-7.00089997,0.00045408,0.00045408,0.19590000,0.00000000,0.00146926,-0.00017453,1.04931155,-0.62762560,1.17993968,-4.89430977,23.06471044,-2.36353025
585,1788665944.00005078,-56.02070752,-7.55496180,-1.99624182,map,37.28872850,127.10661110,2,-56.02073534,-7.55503430,0.00019596,0.00019596,0.19470000,0.00000000,0.00175773,-0.02984513,0.82375860,-0.59820565,1.18600205,-5.01305257,22.94749676,-2.36163605
586,1788665945.00360298,-56.22491714,-8.05955120,-1.96536180,map,37.28872400,127.10660870,2,-56.22444652,-8.05842685,0.00374820,0.00374832,0.21930000,0.00000000,0.00085284,-0.03595378,0.88259850,-0.39226600,1.15049283,-5.19180007,22.76276292,-2.31993162
587,1788665946.01177669,-56.48600281,-8.78162953,-1.97383991,map,37.28871750,127.10660580,2,-56.48452526,-8.77853948,0.01192303,0.01192424,0.23390000,0.00000000,-0.00851331,0.24923302,6.29586930,-1.30428445,1.16692141,-5.35372104,22.58530735,-2.30322054
588,1788665947.01185513,-56.75533469,-9.39280012,-1.98106146,map,37.28871200,127.10660270,2,-56.75473272,-9.39086040,0.01200105,0.01200221,0.18670000,0.00000000,-0.00466800,-0.05131268,-0.67665885,-1.51022410,1.22087329,-5.45909514,22.46837350,-2.30571374
589,1788665948.00005102,-57.04743721,-10.03777230,-1.94701315,map,37.28870620,127.10659930,2,-57.04747569,-10.03785258,0.00019596,0.00019596,0.23340000,0.00000000,-0.00019450,0.39880773,6.32528925,-6.85484835,1.16108603,-5.60208315,22.29862303,-2.23661983
590,1788665949.01306295,-57.28188547,-10.59762949,-1.99538947,map,37.28870120,127.10659680,2,-57.28254158,-10.58747054,0.01324334,0.01324465,0.13880000,0.00000000,-0.00096390,0.16336282,-1.39254430,-3.72652700,1.23761055,-5.71699082,22.15283884,-2.23940718
591,1788665950.00005126,-57.59343501,-11.32652822,-2.05893631,map,37.28869450,127.10659340,2,-57.59349390,-11.32668685,0.00028892,0.00028892,0.21790000,0.00000000,0.07287504,0.09110619,-2.32417605,-6.25664270,1.28395682,-5.83562660,22.00293908,-2.22925964
592,1788665951.01443887,-57.97786492,-12.14341019,-1.95547018,map,37.28868720,127.10658890,2,-57.97785860,-12.14329932,0.01458911,0.01459125,0.04760000,0.00000000,0.00027106,0.07051130,-1.65732385,-1.91229675,1.26469799,-5.87935842,21.94488278,-2.19849899
593,1788665952.00005126,-58.20262719,-12.76688827,-1.94610039,map,37.28868160,127.10658630,2,-58.20266187,-12.76698531,0.00019596,0.00019596,0.17930000,0.00000000,0.00231603,0.01989675,0.66685220,-1.19641130,1.27209290,-5.96137974,21.82872506,-2.17974481
594,1788665953.01163340,-58.43822371,-13.42591820,-1.91030457,map,37.28867570,127.10658360,2,-58.43721710,-13.42348703,0.01178018,0.01178167,0.18190000,0.00000000,0.00080845,-0.03228859,0.85317855,-0.76491870,1.25771009,-6.08278609,21.64501608,-2.13400621
595,1788665954.00005150,-58.67419894,-14.09800266,-1.95540848,map,37.28866960,127.10658100,2,-58.67423352,-14.09810286,0.00019596,0.00019596,0.13450000,0.00000000,0.00007472,-0.09826204,0.06864655,0.07845320,1.29542257,-6.16311423,21.51776160,-2.13380522
596,1788665955.01891017,-58.91473225,-14.77446330,-1.99407338,map,37.28866350,127.10657840,2,-58.91354252,-14.77153184,0.01906073,0.01906410,0.11340000,0.00000000,-0.00058275,0.05637413,-0.85317855,-0.45110590,1.31596419,-6.23985704,21.39617795,-2.13380350
597,1788665956.00005174,-59.18806320,-15.42632563,-1.93046875,map,37.28865760,127.10657530,2,-59.18810652,-15.42642971,0.00022495,0.00022495,0.23450000,0.00000000,0.04649552,0.01256637,1.18660465,0.37265270,1.24814131,-6.34674425,21.21927492,-2.07366487
598,1788665957.02346587,-59.42157037,-16.12381500,-1.87350834,map,37.28865140,127.10657260,2,-59.41979163,-16.11760744,0.02364266,0.02364902,0.24350000,0.00000000,0.13008494,0.14817845,0.20593965,0.22555295,1.23543747,-6.44426750,21.03977071,-2.03943583
599,1788665958.01208854,-59.61267120,-16.85054060,-1.80910175,map,37.28864490,127.10657010,2,-59.61212490,-16.84800093,0.01232656,0.01232809,0.23310000,0.00000000,0.02980402,-0.04415683,0.84337190,-0.13729310,1.18223525,-6.54043551,20.83268052,-1.99209631
600,1788665959.02655363,-59.77808823,-17.59042626,-1.68752016,map,37.28863830,127.10656800,2,-59.77736496,-17.58438932,0.02675915,0.02676812,0.20590000,0.00000000,0.00105810,0.00855211,0.41187930,-0.78453200,1.08970869,-6.63238127,20.59823702,-1.91075343
601,1788665960.00120258,-59.85918747,-18.27481084,-1.56379049,map,37.28863210,127.10656680,2,-59.85910770,-18.27456072,0.00134670,0.00134672,0.25450000,0.00000000,0.07889481,0.09913470,0.43149260,-0.00980665,0.97727858,-6.70066360,20.37993417,-1.81025159
602,1788665961.00005198,-59.84052685,-18.99592213,-1.55470462,map,37.28862560,127.10656690,2,-59.84052264,-18.99601455,0.00019596,0.00019596,0.25770000,0.00000000,0.15765131,0.23753931,0.14709975,0.99047165,0.96124241,-6.75398155,20.15227008,-1.76382939
603,1788665962.00499535,-59.76325936,-19.70689820,-1.49747846,map,37.28861920,127.10656760,2,-59.76357880,-19.70562834,0.00513993,0.00514028,0.25010000,0.00000000,0.06002034,-0.00226893,0.91201845,1.79461695,0.90432272,-6.79240911,19.89839262,-1.69867505
604,1788665963.00005221,-59.64019261,-20.45825358,-1.39753737,map,37.28861240,127.10656880,2,-59.64017587,-20.45835069,0.00019596,0.00019596,0.25070000,0.00000000,0.04279777,0.00191986,0.96105170,1.24544455,0.85626403,-6.81375942,19.65248633,-1.63399368
605,1788665964.00670815,-59.52090420,-21.03108558,-1.31570772,map,37.28860720,127.10656990,2,-59.52084155,-21.03105425,0.00685257,0.00685313,0.00030000,0.00000000,0.00000954,0.17243853,0.50994580,-0.92182510,0.81097621,-6.81936139,19.51501787,-1.58684876
606,1788665974.00574064,-59.34971117,-21.69810767,-1.28184183,map,37.28860120,127.10657190,2,-59.34960668,-21.69836551,0.00588419,0.00588458,-0.02320000,0.00000000,-0.01689419,0.34976398,0.05883990,0.02941995,0.76513316,-6.81887521,19.54394966,-1.59303181
607,1788665975.00005293,-59.05446592,-22.38145481,-1.07657791,map,37.28859490,127.10657470,2,-59.05440619,-22.38159262,0.00019596,0.00019596,-0.02760000,0.00000000,-0.01708184,0.23771384,0.01961330,0.04903325,0.63016461,-6.81803430,19.57284806,-1.60659820
608,1788665976.00705862,-58.66008568,-23.02985935,-0.94044414,map,37.28858890,127.10657880,2,-58.65995484,-23.03007121,0.00720217,0.00720239,-0.02080000,0.00000000,-0.00655118,0.08726646,0.50013915,-0.17651970,0.57883683,-6.81699105,19.59926267,-1.61245380
609,1788665977.01185107,-58.13249639,-23.59493434,-0.73922132,map,37.28858350,127.10658430,2,-58.13217462,-23.59528532,0.01199563,0.01199548,-0.02810000,0.00000000,-0.00420777,0.12252211,0.58839900,-0.50013915,0.39561096,-6.81540546,19.63064226,-1.63004675
610,1788665978.01194429,-57.59315444,-24.11953566,-0.65043634,map,37.28857870,127.10659030,2,-57.59284160,-24.11976779,0.01208872,0.01208825,-0.01860000,0.00000000,-0.01064309,0.26354472,0.25497290,0.42168595,0.34117622,-6.81407474,19.65251364,-1.63692913
611,1788665979.00005317,-57.00215783,-24.54467805,-0.55306507,map,37.28857470,127.10659680,2,-57.00204089,-24.54476214,0.00019596,0.00019596,-0.01330000,0.00000000,-0.00671778,0.15865043,-0.15690640,0.67665885,0.32325934,-6.81300805,19.66831233,-1.64038414
612,1788665980.00164318,-56.34786398,-24.93575038,-0.62442812,map,37.28857120,127.10660420,2,-56.34775214,-24.93586495,0.00178607,0.00178606,-0.02190000,0.00000000,0.00020379,-0.06003933,-0.22555295,-0.24516625,0.33538395,-6.81161924,19.68790612,-1.64166221
613,1788665981.02700424,-55.72228184,-25.31960753,-0.67487067,map,37.28856780,127.10661130,2,-55.72281697,-25.31949855,0.02720056,0.02719826,-0.01870000,0.00000000,0.00015324,0.00523599,0.21574630,0.11767980,0.39046815,-6.80977986,19.71388226,-1.64131989
614,1788665982.00238895,-55.09202679,-25.70622921,-0.70806577,map,37.28856440,127.10661850,2,-55.09197234,-25.70628466,0.00253177,0.00253176,-0.03340000,0.00000000,0.00045463,-0.04188790,-0.19613300,-0.26477955,0.43232201,-6.80800788,19.73902388,-1.64097037
615,1788665983.00005341,-54.47596080,-26.11076837,-0.73690915,map,37.28856080,127.10662550,2,-54.47573561,-26.11091619,0.00036087,0.00036087,-0.02290000,0.00000000,0.00035306,-0.03298672,-0.07845320,0.52955910,0.46729881,-6.80646837,19.76096944,-1.64065604
616,1788665984.00463772,-53.87359958,-26.54424999,-0.68292642,map,37.28855690,127.10663230,2,-53.87344378,-26.54446165,0.00498450,0.00498444,-0.01450000,0.00000000,-0.00710348,0.14800392,0.65704555,0.44129925,0.41319098,-6.80529770,19.77759505,-1.64387560
617,1788665985.00005364,-53.24982825,-26.92952679,-0.66952452,map,37.28855330,127.10663920,2,-53.24966734,-26.92962585,0.00025593,0.00025593,-0.01770000,0.00000000,-0.00011800,-0.05986479,0.25497290,-1.12776475,0.41026182,-6.80392809,19.79613277,-1.64464883
618,1788665986.00353932,-52.61536174,-27.27862270,-0.65167665,map,37.28855020,127.10664640,2,-52.61522311,-27.27869725,0.00374186,0.00374182,-0.01100000,0.00000000,-0.00676956,0.20472712,-0.61781895,0.73549875,0.38604011,-6.80220595,19.81935689,-1.64667734
619,1788665987.01186967,-51.94588357,-27.59339454,-0.57688207,map,37.28854720,127.10665380,2,-51.94576980,-27.59350033,0.01217880,0.01217813,-0.01370000,0.00000000,-0.00596530,0.09354965,-0.10787315,0.60801230,0.32858187,-6.80115042,19.83302124,-1.64913011
620,1788665988.01198530,-51.30037292,-27.90366338,-0.52879571,map,37.28854430,127.10666100,2,-51.30017350,-27.90374368,0.01222231,0.01222141,-0.02440000,0.00000000,-0.00016267,-0.03630285,-0.37265270,-0.18632635,0.28412821,-6.80117075,19.83296099,-1.64675215
621,1788665989.00005388,-50.63763079,-28.16286505,-0.67361561,map,37.28854200,127.10666850,2,-50.63747954,-28.16292287,0.00022495,0.00022495,-0.02540000,0.00000000,-0.00020461,0.01047198,0.00980665,0.72569210,0.28889874,-6.79969931,19.85228322,-1.64687540
622,1788665990.01136756,-49.97967958,-28.45306839,-0.59923132,map,37.28853950,127.10667600,2,-49.98065521,-28.45295536,0.01160825,0.01160758,0.00250000,0.00000000,0.00007883,-0.04293510,0.11767980,0.10787315,0.18661199,-6.79914526,19.85954211,-1.64813843
623,1788665991.00005412,-49.31607801,-28.75224683,-0.61271258,map,37.28853680,127.10668350,2,-49.31555289,-28.75247898,0.00078339,0.00078339,-0.01730000,0.00000000,-0.00042534,0.02757620,0.09806650,-1.18660465,0.17988393,-6.79774212,19.87759659,-1.64863441
624,1788665992.01257706,-48.65318007,-29.00058577,-0.63011749,map,37.28853460,127.10669100,2,-48.65288826,-28.99994525,0.01281740,0.01281670,-0.01910000,0.00000000,-0.00041917,-0.04398230,0.24516625,0.25497290,0.16426624,-6.79602709,19.89951619,-1.64916957
625,1788665993.00005412,-47.96377841,-29.25829192,-0.65140059,map,37.28853230,127.10669880,2,-47.96359934,-29.25835853,0.00025593,0.00025593,-0.02070000,0.00000000,-0.00038527,-0.01099557,0.40207265,0.41187930,0.13976258,-6.79410276,19.92392730,-1.64977797
626,1788665994.01570082,-47.30184780,-29.55099845,-0.63388895,map,37.28852970,127.10670630,2,-47.30156115,-29.55078752,0.01584624,0.01584516,-0.02750000,0.00000000,-0.00056914,-0.04799655,-0.06864655,-1.10815145,0.15507156,-6.79227223,19.94698656,-1.65029948
627,1788665995.00005436,-46.62496513,-29.83557364,-0.58349307,map,37.28852710,127.10671390,2,-46.62483022,-29.83562988,0.00019596,0.00019596,-0.02900000,0.00000000,-0.00060018,0.00191986,0.26477955,0.40207265,0.17444154,-6.79025727,19.97219713,-1.65087284
628,1788665996.02316451,-45.96197864,-30.13679818,-0.55818989,map,37.28852430,127.10672130,2,-45.96192557,-30.13690556,0.02337240,0.02336933,-0.01350000,0.00000000,-0.00034504,0.01047198,0.58839900,-0.43149260,0.19150027,-6.78847591,19.99433064,-1.65143561
629,1788665997.01185369,-45.29403392,-30.40957035,-0.56762619,map,37.28852180,127.10672880,2,-45.29378556,-30.40961118,0.01205715,0.01205642,-0.02490000,0.00000000,-0.00072636,0.00418879,0.41187930,-0.01961330,0.20764666,-6.78657619,20.01776578,-1.65202729
630,1788665998.00005460,-44.62121809,-30.71102579,-0.51065817,map,37.28851910,127.10673640,2,-44.62108498,-30.71108556,0.00019596,0.00019596,-0.02080000,0.00000000,-0.00039580,-0.04502949,0.45110590,0.49033250,0.22338579,-6.78488251,20.03850046,-1.65261433
631,1788665999.00268960,-43.97245684,-31.00867552,-0.53170620,map,37.28851640,127.10674370,2,-43.97246414,-31.00866234,0.00283128,0.00283123,0.00750000,0.00000000,0.00471315,0.20996311,0.54917240,-0.27458620,0.17824189,-6.78379813,20.05170757,-1.65248123
632,1788666000.02703643,-43.30766730,-31.30605076,-0.53712163,map,37.28851360,127.10675110,2,-43.30782957,-31.30499826,0.02720360,0.02719869,-0.00330000,0.00000000,-0.00164557,0.12793263,0.45110590,0.54917240,0.11118339,-6.78422158,20.04648927,-1.64913534
633,1788666001.00242543,-42.64411935,-31.58820124,-0.58823239,map,37.28851120,127.10675870,2,-42.64400648,-31.58819273,0.00256675,0.00256671,-0.01680000,0.00000000,0.00006067,-0.05009095,0.87279185,0.63743225,0.11635546,-6.78444122,20.04368439,-1.64871708
634,1788666002.00005484,-41.94711874,-31.81515316,-0.58380984,map,37.28850920,127.10676660,2,-41.94693973,-31.81521146,0.00025593,0.00025593,-0.01310000,0.00000000,0.00009461,-0.02042035,0.39226600,-0.32361945,0.14393374,-6.78299955,20.06215722,-1.64863543
635,1788666003.00726151,-41.28194356,-32.08128028,-0.55028499,map,37.28850680,127.10677410,2,-41.28173324,-32.08129166,0.00749687,0.00749653,-0.03050000,0.00000000,0.00020333,-0.00750492,0.40207265,0.94143840,0.17191589,-6.78101889,20.08757110,-1.64847380
636,1788666004.00005507,-40.60339898,-32.36287431,-0.61291946,map,37.28850420,127.10678170,2,-40.60324500,-32.36293828,0.00022495,0.00022495,-0.00140000,0.00000000,-0.00065799,0.07243116,0.62762560,0.72569210,0.18086106,-6.77951735,20.10686767,-1.64914615
637,1788666005.00642991,-39.94483781,-32.62555762,-0.60087011,map,37.28850180,127.10678910,2,-39.94474119,-32.62554304,0.00657136,0.00657115,-0.01130000,0.00000000,-0.00022131,-0.05672320,-0.18632635,-1.15718470,0.12327501,-6.77893222,20.11424849,-1.65019989
638,1788666006.01277089,-39.27018201,-32.88180967,-0.57243524,map,37.28849960,127.10679680,2,-39.26997617,-32.88182053,0.01291410,0.01291325,-0.02340000,0.00000000,-0.00048429,-0.02460914,0.11767980,0.20593965,0.16264058,-6.77704006,20.13795735,-1.65071674
639,1788666007.01421618,-38.60149849,-33.13237648,-0.56848339,map,37.28849730,127.10680430,2,-38.60165764,-33.13226598,0.01435956,0.01435852,-0.00340000,0.00000000,0.00024767,-0.14643312,1.02969825,0.35303940,0.24220647,-6.77617859,20.14871721,-1.65236217
640,1788666008.01198220,-37.94835351,-33.43649563,-0.53216505,map,37.28849460,127.10681170,2,-37.94856889,-33.43638043,0.01212487,0.01212405,0.00230000,0.00000000,0.00030729,0.06579891,0.55897905,-0.44129925,0.26331022,-6.77590671,20.15200749,-1.65066259
641,1788666009.01479006,-37.28506617,-33.71453135,-0.56066144,map,37.28849200,127.10681910,2,-37.28534993,-33.71424708,0.01493333,0.01493215,0.02210000,0.00000000,0.00453859,-0.00663225,0.51975245,1.46119085,0.28826493,-6.77597180,20.15119579,-1.65025486
642,1788666010.00005555,-36.62463326,-33.99486743,-0.55273555,map,37.28848940,127.10682650,2,-36.62451106,-33.99491785,0.00019596,0.00019596,-0.00620000,0.00000000,-0.00002239,-0.08447394,0.58839900,0.66685220,0.26873000,-6.77796895,20.12503820,-1.64483827
643,1788666011.02256227,-35.94798709,-34.27064574,-0.48295948,map,37.28848690,127.10683410,2,-35.94928689,-34.26997936,0.02272597,0.02272184,0.00510000,0.00000000,0.00006729,0.00296706,0.40207265,-1.35331770,0.24044467,-6.78076820,20.08446216,-1.63656349
644,1788666012.00005579,-35.25720854,-34.52410794,-0.46176628,map,37.28848460,127.10684190,2,-35.25707552,-34.52415597,0.00019596,0.00019596,-0.01780000,0.00000000,-0.00025218,0.03630285,0.05883990,0.74530540,0.26210114,-6.78091023,20.08230716,-1.63655744
645,1788666013.02165866,-34.52707416,-34.79883740,-0.51417412,map,37.28848210,127.10685010,2,-34.52798985,-34.79786349,0.02181544,0.02181198,-0.00770000,0.00000000,-0.00004171,-0.00331613,-0.22555295,-0.17651970,0.27755351,-6.78101973,20.08064491,-1.63653034
646,1788666014.00005579,-33.84426101,-35.11751594,-0.33230516,map,37.28847920,127.10685780,2,-33.84413907,-35.11757365,0.00019596,0.00019596,0.06230000,0.00000000,0.00474647,-0.02251475,1.29447780,0.74530540,0.20400997,-6.78429981,20.02492368,-1.61991591
647,1788666015.02463531,-33.09546944,-35.33573704,-0.38040773,map,37.28847700,127.10686610,2,-33.09667704,-35.33509243,0.02479199,0.02478572,0.01350000,0.00000000,-0.00000375,0.02007129,-0.40207265,0.00980665,0.22963404,-6.78536201,20.00332403,-1.61994661
648,1788666016.00506854,-32.33890789,-35.62463921,-0.40093053,map,37.28847450,127.10687470,2,-32.33886337,-35.62466130,0.00523793,0.00523768,-0.00840000,0.00000000,0.00000467,-0.04817109,0.07845320,0.01961330,0.24487606,-6.78582431,19.99392532,-1.61994045
649,1788666017.01191497,-31.57853866,-35.91808934,-0.48335127,map,37.28847190,127.10688330,2,-31.57845398,-35.91810743,0.01205711,0.01205609,-0.00790000,0.00000000,0.00000658,-0.04712389,0.62762560,0.42168595,0.25003999,-6.78589970,19.99239355,-1.61997515
650,1788666018.01185489,-30.78912800,-36.26785892,-0.54265221,map,37.28846890,127.10689230,2,-30.78895442,-36.26800038,0.01199670,0.01199591,-0.02340000,0.00000000,0.00002925,-0.05585054,0.31381280,-0.36284605,0.25263837,-6.78521279,20.00634511,-1.62001591
651,1788666019.00005627,-30.02102507,-36.66217501,-0.52535267,map,37.28846540,127.10690100,2,-30.02087956,-36.66224940,0.00019596,0.00019596,0.03090000,0.00000000,0.00340612,-0.00767945,1.09834480,0.48052585,0.15877678,-6.78601101,19.98848652,-1.61238913
652,1788666020.01763582,-29.19713838,-36.96479168,-0.59656846,map,37.28846270,127.10691030,2,-29.19781809,-36.96448360,0.01778935,0.01778772,-0.03600000,0.00000000,-0.00007500,-0.05777040,0.14709975,-0.35303940,0.19984811,-6.78576418,19.99440167,-1.61247537
653,1788666021.00005651,-28.38295524,-37.31172265,-0.60407493,map,37.28845970,127.10691960,2,-28.38276467,-37.31180609,0.00022495,0.00022495,-0.09100000,0.00000000,-0.00021486,-0.00453786,0.10787315,0.29419950,0.24390367,-6.78331335,20.05294612,-1.61276526
654,1788666022.02294970,-27.53148734,-37.71533826,-0.38403845,map,37.28845590,127.10692910,2,-27.52886518,-37.71586071,0.02313769,0.02313233,-0.14800000,0.00000000,-0.00516053,-0.06841691,-0.19613300,0.24516625,0.21857704,-6.77765789,20.17008716,-1.63189903
655,1788666023.00361800,-26.63222787,-38.00500530,-0.44715185,map,37.28845310,127.10693910,2,-26.63117012,-38.00553132,0.00381761,0.00381750,-0.29320000,0.00000000,-0.09719731,0.14695672,0.69627215,1.28467115,0.23858648,-6.76330817,20.39345196,-1.65129195
656,1788666024.00005674,-25.69537940,-38.41300323,-0.49068110,map,37.28844950,127.10694970,2,-25.69515295,-38.41310469,0.00019596,0.00019596,-0.28980000,0.00000000,-0.00664185,0.00715585,-0.98066500,0.84337190,0.23485700,-6.73918374,20.65371717,-1.66775862
657,1788666025.00517106,-24.80338494,-38.80944887,-0.57266208,map,37.28844610,127.10695990,2,-24.80203013,-38.81026694,0.00531064,0.00531049,-0.29540000,0.00000000,-0.00791934,-0.02583087,-0.09806650,-0.24516625,0.25865729,-6.70948138,20.94966088,-1.67481283
658,1788666026.00005698,-23.87194473,-39.26620585,-0.52347788,map,37.28844200,127.10697040,2,-23.87168459,-39.26634200,0.00022495,0.00022495,-0.25200000,0.00000000,-0.12669011,0.31241394,-0.70607880,1.11795810,0.19746250,-6.67644776,21.23122913,-1.74129089
659,1788666027.01198602,-22.95143721,-39.62400483,-0.65065497,map,37.28843860,127.10698070,2,-22.94816288,-39.62617932,0.01289096,0.01289049,-0.24900000,0.00000000,-0.00359680,-0.08237954,-0.79433865,0.06864655,0.19168211,-6.62459909,21.51036000,-1.75802957
660,1788666028.01191139,-22.06855563,-40.07586411,-0.66077423,map,37.28843480,127.10699090,2,-22.06361124,-40.07919653,0.01361722,0.01361685,-0.32100000,0.00000000,0.01226351,-0.24434610,0.99047165,0.47071920,0.25480773,-6.56867721,21.80523660,-1.74991086
661,1788666029.00750089,-21.11569365,-40.39653438,-0.61805405,map,37.28843200,127.10700170,2,-21.11275490,-40.39848288,0.00846923,0.00846897,-0.33640000,0.00000000,0.00009344,-0.06213372,0.82375860,1.38273765,0.29782910,-6.51684439,22.08983258,-1.75603431
662,1788666030.00005722,-20.21197075,-40.80840534,-0.58074289,map,37.28842810,127.10701170,2,-20.20995113,-40.80942425,0.00176090,0.00176090,-0.28500000,0.00000000,-0.00661103,-0.03124139,0.30400615,1.48080415,0.26683647,-6.45081443,22.39321764,-1.80432134
663,1788666031.01145434,-19.26949155,-41.14586153,-0.64208213,map,37.28842510,127.10702240,2,-19.26524268,-41.14839507,0.01299894,0.01299843,-0.29490000,0.00000000,-0.02958224,0.05427974,1.22583125,-1.55925735,0.26732904,-6.37892562,22.68810749,-1.83004595
664,1788666032.00005746,-18.35338074,-41.54856287,-0.59777921,map,37.28842150,127.10703270,2,-18.35265128,-41.54892322,0.00062461,0.00062461,-0.31950000,0.00000000,-0.10086319,0.07347836,-0.83356525,0.43149260,0.27154649,-6.29468492,23.00106266,-1.85234685
665,1788666033.01662803,-17.42691815,-41.89053099,-0.57813650,map,37.28841830,127.10704310,2,-17.42296825,-41.89264934,0.01683336,0.01683186,-0.28580000,0.00000000,-0.00500176,-0.09093165,0.60801230,-0.67665885,0.21816771,-6.19434409,23.30609570,-1.90129332
666,1788666034.00005746,-16.48078126,-42.23519525,-0.61142336,map,37.28841530,127.10705380,2,-16.48054714,-42.23529574,0.00019596,0.00019596,-0.32430000,0.00000000,-0.00711718,-0.04276057,0.34323275,-0.20593965,0.24105023,-6.08908123,23.60932489,-1.90909911
667,1788666035.01462507,-15.56160040,-42.57534934,-0.60829718,map,37.28841220,127.10706420,2,-15.55749455,-42.57802798,0.01479552,0.01479453,-0.36190000,0.00000000,-0.00346826,-0.06527531,-0.89240515,0.03922660,0.20783780,-5.96565873,23.92738535,-1.96271918
668,1788666036.00005770,-14.61866607,-42.95731805,-0.67702231,map,37.28840890,127.10707490,2,-14.61839828,-42.95744588,0.00022495,0.00022495,-0.36610000,0.00000000,-0.00218644,-0.04066617,1.26505785,-0.40207265,0.25147295,-5.84067694,24.22896849,-1.96463215
669,1788666037.01406145,-13.70735868,-43.39390883,-0.65782004,map,37.28840500,127.10708530,2,-13.70226533,-43.39758505,0.01502914,0.01502854,-0.38080000,0.00000000,-0.12746765,0.03089233,0.35303940,0.86298520,0.27431750,-5.70743906,24.54782571,-1.98669817
670,1788666038.01181221,-12.79292165,-43.84801950,-0.57504990,map,37.28840070,127.10709540,2,-12.78862236,-43.85069406,0.01253981,0.01253917,-0.35790000,0.00000000,-0.12159191,0.14154620,-0.10787315,0.76491870,0.25095258,-5.56215273,24.85704149,-2.03331854
671,1788666039.01380134,-11.84843652,-44.20715212,-0.52135368,map,37.28839740,127.10710600,2,-11.84393065,-44.20924898,0.01423589,0.01423461,-0.34330000,0.00000000,-0.00071521,-0.04276057,0.79433865,-0.97085835,0.22536906,-5.41694327,25.13075278,-2.06525682
672,1788666040.00005794,-10.89328737,-44.52692979,-0.52518182,map,37.28839450,127.10711670,2,-10.89283914,-44.52710264,0.00036087,0.00036087,-0.36670000,0.00000000,-0.00310680,-0.11205014,-0.15690640,0.00000000,0.23823966,-5.25373999,25.43268965,-2.06773862
673,1788666041.01393533,-9.97946854,-44.94284891,-0.58835494,map,37.28839080,127.10712710,2,-9.97550215,-44.94578487,0.01417300,0.01417199,-0.38660000,0.00000000,-0.11046611,0.10646508,-0.42168595,0.87279185,0.26768107,-5.08292819,25.74664135,-2.08512452
674,1788666042.00005817,-9.05567357,-45.29983033,-0.51399150,map,37.28838750,127.10713740,2,-9.05519679,-45.30003696,0.00039984,0.00039984,-0.33190000,0.00000000,-0.00737619,-0.00017453,1.02969825,-2.17707630,0.16374834,-4.90205811,26.02595634,-2.17306734
675,1788666043.02129722,-8.15050183,-45.70363882,-0.54036900,map,37.28838390,127.10714770,2,-8.14580439,-45.70642981,0.02161159,0.02160864,-0.25660000,0.00000000,-0.00495412,0.01902409,0.50013915,0.51975245,0.20128027,-4.73499644,26.26788397,-2.17779618
676,1788666044.00005841,-7.21236989,-46.00133887,-0.53436972,map,37.28838120,127.10715820,2,-7.21210689,-46.00143519,0.00022495,0.00022495,-0.27150000,0.00000000,-0.00169689,-0.04415683,0.53936575,-0.51975245,0.27552977,-4.56650600,26.50998418,-2.17439593
677,1788666045.02479982,-6.31472741,-46.33503629,-0.60093947,map,37.28837830,127.10716850,2,-6.30880891,-46.33950649,0.02494667,0.02494365,-0.30330000,0.00000000,-0.07708994,0.07033677,0.22555295,0.19613300,0.32471450,-4.39938864,26.75188771,-2.18662764
678,1788666046.01172161,-5.45501903,-46.78427230,-0.61794930,map,37.28837420,127.10717810,2,-5.45218876,-46.78613479,0.01188987,0.01188943,-0.23090000,0.00000000,0.00352778,-0.18640116,1.64751720,-0.14709975,0.29014410,-4.24011308,26.96231766,-2.22910069
679,1788666047.01194930,-4.90951692,-47.19822507,-0.67391627,map,37.28837070,127.10718440,2,-4.90994436,-47.19787779,0.01373830,0.01373794,0.15810000,0.00000000,0.00423848,-0.17627825,-1.11795810,1.31409110,0.30333971,-4.22638001,26.98006641,-2.22788269
680,1788666048.36299753,-4.46081910,-47.43560026,-0.65379997,map,37.28836910,127.10718870,2,-4.53181488,-47.37929773,0.36477728,0.36466739,0.23050000,0.00000000,0.00035215,-0.03560472,0.83356525,-0.44129925,0.24994285,-4.38539184,26.76595637,-2.17470298
681,1788666049.00005865,-3.86634060,-47.61150942,-0.70983986,map,37.28836700,127.10719620,2,-3.86613109,-47.61155446,0.00039984,0.00039984,0.09330000,0.00000000,0.00014254,0.04468043,1.25525120,-0.58839900,0.26500494,-4.42865197,26.70324409,-2.17460263
682,1788666050.00537944,-3.20110047,-47.93436573,-0.67461586,map,37.28836410,127.10720370,2,-3.20143303,-47.93377964,0.00572137,0.00572127,0.11970000,0.00000000,0.00011638,-0.00331613,0.43149260,0.26477955,0.25386245,-4.52637864,26.55868346,-2.15562994
683,1788666051.00005889,-2.55225062,-48.20872263,-0.70549315,map,37.28836160,127.10721100,2,-2.55212433,-48.20875779,0.00025593,0.00025593,0.16140000,0.00000000,-0.00073975,0.04468043,0.57859235,1.50041745,0.23151191,-4.63127363,26.39465234,-2.12547654
684,1788666052.00858212,-1.89199268,-48.49601715,-0.63557079,map,37.28835900,127.10721840,2,-1.89394685,-48.49475985,0.00881398,0.00881370,0.24700000,0.00000000,0.02350166,0.02949606,0.25497290,0.00980665,0.17538091,-4.73636291,26.21709788,-2.07022763
685,1788666053.00005913,-1.21881234,-48.73586729,-0.58160598,map,37.28835670,127.10722590,2,-1.21869075,-48.73590126,0.00022495,0.00022495,0.14780000,0.00000000,0.00102640,-0.07173303,0.16671305,-0.99047165,0.20867853,-4.80304929,26.09482523,-2.06986319
686,1788666054.00943446,-0.52038681,-48.99376483,-0.55039507,map,37.28835430,127.10723370,2,-0.52130467,-48.99318390,0.00957264,0.00957207,0.10730000,0.00000000,0.00047689,-0.03106686,0.12748645,0.47071920,0.23706966,-4.85734448,25.99518643,-2.06956821
687,1788666055.00005913,0.15091802,-49.23533937,-0.48048507,map,37.28835200,127.10724120,2,0.15102896,-49.23537609,0.00019596,0.00019596,0.16620000,0.00000000,0.03050728,0.04782202,0.75511205,-0.02941995,0.26562781,-4.90986088,25.89872893,-2.06573555
688,1788666056.01415420,0.82344421,-49.47856236,-0.36551147,map,37.28834970,127.10724870,2,0.82210569,-49.47801157,0.01435393,0.01435214,0.08530000,0.00000000,-0.00007108,-0.03124139,0.64723890,-0.44129925,0.22201477,-4.98970927,25.74111717,-2.02640685
689,1788666057.01168513,1.49161260,-49.69199975,-0.38231169,map,37.28834770,127.10725620,2,1.49064168,-49.69159529,0.01182384,0.01182274,0.07480000,0.00000000,0.00011428,-0.03979351,0.50994580,0.84337190,0.25423869,-5.03558852,25.64747658,-2.02649138
690,1788666058.01508117,2.15468129,-49.93098281,-0.41043727,map,37.28834560,127.10726370,2,2.15328821,-49.93040848,0.01522084,0.01521922,0.06870000,0.00000000,0.00018129,-0.00977384,-0.41187930,-1.26505785,0.27801730,-5.07532789,25.56641739,-2.02668711
691,1788666059.00005960,2.83621292,-50.26253718,-0.37600398,map,37.28834260,127.10727140,2,2.83635681,-50.26260854,0.00025593,0.00025593,0.17210000,0.00000000,0.06628157,0.05201081,0.73549875,-0.48052585,0.25735692,-5.12307399,25.46831233,-2.00774256
692,1788666060.01387548,3.50556273,-50.51166744,-0.36201869,map,37.28834030,127.10727890,2,3.50398642,-50.51144599,0.01450046,0.01449857,0.07540000,0.00000000,0.00147668,-0.03525565,0.08825985,0.39226600,0.26288871,-5.17392536,25.35790710,-1.99990841
693,1788666061.00005960,4.16426058,-50.79891391,-0.28891345,map,37.28833760,127.10728630,2,4.16445994,-50.79900626,0.00039984,0.00039984,0.18640000,0.00000000,0.03040273,0.03281219,0.93163175,-0.87279185,0.19526207,-5.23683672,25.21411623,-1.95395482
694,1788666062.01700640,4.82579371,-51.06828993,-0.22128561,map,37.28833510,127.10729370,2,4.82343820,-51.06713700,0.01724676,0.01724329,0.11640000,0.00000000,0.08515422,0.32724923,0.74530540,0.21574630,0.12632585,-5.30025550,25.05108150,-1.89531744
695,1788666063.00005984,5.53824937,-51.17462730,-0.16369353,map,37.28833390,127.10730170,2,5.53842579,-51.17465060,0.00032390,0.00032390,0.12050000,0.00000000,0.00120502,-0.05131268,-0.06864655,0.09806650,0.08839941,-5.34733189,24.89684610,-1.85616333
696,1788666064.01898313,6.26685545,-51.33692364,-0.19523871,map,37.28833250,127.10730990,2,6.26432299,-51.33681962,0.01925746,0.01925305,0.11880000,0.00000000,0.00113852,-0.01850049,1.32389775,0.56878570,0.12550079,-5.37512034,24.80199611,-1.85525344
697,1788666065.00006008,6.97667235,-51.45864341,-0.03358875,map,37.28833120,127.10731790,2,6.97683190,-51.45867170,0.00028892,0.00028892,0.13850000,0.00000000,0.10416506,0.31642819,0.00980665,-0.32361945,-0.03605682,-5.41444599,24.65165244,-1.77038870
698,1788666066.02236819,7.68121784,-51.41015058,0.06876179,map,37.28833130,127.10732580,2,7.67764225,-51.40993219,0.02260661,0.02260023,0.15320000,0.00000000,0.00248961,0.00191986,0.21574630,-0.47071920,-0.08538115,-5.44179088,24.49489256,-1.73360972
699,1788666067.01167631,8.42105550,-51.36158481,0.24697213,map,37.28833150,127.10733420,2,8.41912745,-51.36211284,0.01194242,0.01194116,0.19600000,0.00000000,0.09887556,0.21519910,-0.21574630,-0.79433865,-0.22916660,-5.46396843,24.31975530,-1.63694432
700,1788666068.02226043,9.10952316,-51.15013426,0.31241590,map,37.28833320,127.10734200,2,9.10545310,-51.15134918,0.02260708,0.02260322,0.18580000,0.00000000,0.11775679,0.22392574,0.31381280,0.09806650,-0.24456704,-5.47341857,24.14135811,-1.59230971
701,1788666069.00006032,9.76587716,-50.82827907,0.44247919,map,37.28833580,127.10734960,2,9.76609027,-50.82816932,0.00044081,0.00044081,0.13920000,0.00000000,0.00293889,-0.05235988,0.42168595,-0.34323275,-0.32124143,-5.47083966,23.97644603,-1.53724556
702,1788666070.02518320,10.42590507,-50.53295893,0.51986275,map,37.28833840,127.10735700,2,10.42073881,-50.53653669,0.02559368,0.02559024,0.20510000,0.00000000,0.14541719,0.29618237,0.56878570,0.74530540,-0.37986970,-5.46302860,23.81174209,-1.47738603
703,1788666071.00191569,11.01121355,-50.13694475,0.56913713,map,37.28834180,127.10736380,2,11.01111782,-50.13707021,0.00229610,0.00229608,0.17420000,0.00000000,0.00927101,-0.02373648,-0.15690640,0.13729310,-0.38564018,-5.44360510,23.64307567,-1.44776621
704,1788666072.02698302,11.57560633,-49.68704567,0.75551320,map,37.28834560,127.10737030,2,11.57030857,-49.69205415,0.02720476,0.02720410,0.18830000,0.00000000,0.07773004,0.13107423,0.25497290,-1.02969825,-0.54858269,-5.41388065,23.46234263,-1.34857568
705,1788666073.00330758,12.06392678,-49.17716157,0.72669028,map,37.28835020,127.10737590,2,12.06343888,-49.17757380,0.00368810,0.00368809,0.20780000,0.00000000,0.14555321,0.23125613,0.57859235,0.07845320,-0.58237837,-5.36564707,23.26212306,-1.29233716
706,1788666074.00006080,12.50710805,-48.69172779,0.75371663,map,37.28835450,127.10738100,2,12.50736051,-48.69141774,0.00089919,0.00089919,0.11420000,0.00000000,0.00415656,-0.02478368,0.11767980,-0.39226600,-0.65392694,-5.30716505,23.08134009,-1.24404600
707,1788666075.00478435,12.92494057,-48.11613206,0.85301941,map,37.28835960,127.10738580,2,12.92418371,-48.11690112,0.00508475,0.00508479,0.23030000,0.00000000,0.01449963,0.01797689,0.55897905,-0.51975245,-0.79120589,-5.22320877,22.86820578,-1.14476873
708,1788666076.00006080,13.25996487,-47.51409680,0.78075728,map,37.28836510,127.10738950,2,13.26000948,-47.51399951,0.00019596,0.00019596,0.12430000,0.00000000,0.00243437,-0.02478368,0.37265270,-0.55897905,-0.77548634,-5.17079619,22.75306487,-1.14220902
709,1788666077.01171279,13.65311638,-46.88267694,0.70385275,map,37.28837080,127.10739390,2,13.65207806,-46.88339610,0.01184942,0.01184923,0.12520000,0.00000000,0.00245200,0.01919862,0.94143840,0.78453200,-0.76139326,-5.12844250,22.66057360,-1.14026485
710,1788666078.01170731,14.00739688,-46.27991590,0.72263152,map,37.28837630,127.10739780,2,14.00564032,-46.28145564,0.01184424,0.01184391,0.18330000,0.00000000,-0.00104380,-0.02478368,0.39226600,0.35303940,-0.81540691,-5.05035966,22.49975778,-1.09839002
711,1788666079.00953126,14.32835924,-45.63908916,0.65017257,map,37.28838210,127.10740140,2,14.32679702,-45.64004448,0.00967026,0.00966997,0.14200000,0.00000000,0.02260122,0.06178466,0.32361945,-0.77472535,-0.78962194,-5.00564346,22.41224711,-1.09604889
712,1788666080.00006104,14.70554600,-45.02651306,0.65367659,map,37.28838770,127.10740560,2,14.70559323,-45.02641282,0.00019596,0.00019596,0.09200000,0.00000000,0.00090724,-0.07574729,0.32361945,-0.42168595,-0.81573269,-4.93097905,22.27351265,-1.06793152
713,1788666081.01529670,15.00857918,-44.36961409,0.69565577,map,37.28839350,127.10740910,2,15.00650536,-44.37139943,0.01543943,0.01543890,0.13760000,0.00000000,-0.00028667,-0.06300639,0.11767980,1.37293100,-0.87700379,-4.83529884,22.11035410,-1.01683379
714,1788666082.00006127,15.29982770,-43.71724173,0.65736985,map,37.28839950,127.10741230,2,15.29986815,-43.71712694,0.00019596,0.00019596,0.11410000,0.00000000,-0.00072898,0.00733038,-0.38245935,-0.18632635,-0.84104559,-4.78568232,22.03010995,-1.01729613
715,1788666083.01752090,15.61720052,-43.07970289,0.61271499,map,37.28840530,127.10741580,2,15.61545360,-43.08048624,0.01766306,0.01766169,0.09900000,0.00000000,-0.00059125,-0.01937315,0.35303940,0.26477955,-0.80466425,-4.73963484,21.95557097,-1.01763198
716,1788666084.00006151,15.93017549,-42.42133730,0.58280564,map,37.28841130,127.10741930,2,15.93026929,-42.42109417,0.00039984,0.00039984,0.07300000,0.00000000,0.00019264,-0.05899213,0.49033250,1.16699135,-0.78042514,-4.69642976,21.88558748,-1.01772830
717,1788666085.01902747,16.28838660,-41.79066788,0.56719126,map,37.28841700,127.10742330,2,16.28675598,-41.79128232,0.01922745,0.01922533,0.07170000,0.00000000,-0.00008963,-0.04066617,0.14709975,-1.88287680,-0.76854299,-4.65313881,21.81544778,-1.01795870
718,1788666086.00006151,16.62865596,-41.15317599,0.65362364,map,37.28842270,127.10742720,2,16.62873772,-41.15297392,0.00036087,0.00036087,0.14850000,0.00000000,0.09639392,0.21956242,0.09806650,0.50994580,-0.88686576,-4.58195194,21.70329499,-0.96596572
719,1788666087.02266431,16.89831353,-40.52117702,0.71298299,map,37.28842820,127.10743040,0,16.89674972,-40.52229963,0.02339133,0.02339033,0.07130000,0.00000000,-0.00019806,0.02635447,0.31381280,0.93163175,-0.92689236,-4.49848013,21.58661192,-0.94433939
720,1788666088.00148225,17.14021217,-39.87172998,0.68042535,map,37.28843440,127.10743320,0,17.14945296,-39.83949865,0.05376292,0.05376228,0.08840000,0.00000000,-0.00055250,0.02635447,-0.06864655,0.04903325,-0.89855100,-4.45411773,21.52529733,-0.94464925
721,1788666089.00006175,17.43565111,-39.19530523,0.65618390,map,37.28844050,127.10743650,0,17.44566239,-39.16705860,0.04547385,0.04547359,0.07530000,0.00000000,-0.00060659,-0.04398230,-0.99047165,-1.01989160,-0.87153227,-4.40805587,21.46159575,-0.94487983
722,1788666090.00299692,17.76718718,-38.56926184,0.68519314,map,37.28844610,127.10744020,0,17.77565188,-38.54808612,0.04220983,0.04220990,0.14840000,0.00000000,0.09928354,0.24836035,-0.20593965,1.41215760,-0.90479349,-4.33815066,21.36598162,-0.91286167
723,1788666091.00006199,18.02550848,-37.89323168,0.79422885,map,37.28845200,127.10744330,0,18.03149912,-37.87117848,0.03852043,0.03852068,0.04950000,0.00000000,0.00017875,-0.06126106,0.20593965,1.03950490,-0.94497572,-4.25666103,21.26426097,-0.88880629
724,1788666092.00385976,18.23550371,-37.21072727,0.90024829,map,37.28845810,127.10744570,0,18.23922114,-37.18917013,0.04194721,0.04194759,0.16320000,0.00000000,0.05178301,0.12147492,-0.13729310,-1.57887065,-1.01001695,-4.16905951,21.15887892,-0.84793327
725,1788666093.00006223,18.50698059,-36.50885975,0.90455670,map,37.28846430,127.10744900,0,18.51414451,-36.48574667,0.03777955,0.03778021,0.08640000,0.00000000,0.00184815,-0.01082104,0.07845320,-1.63771055,-1.00321363,-4.10121611,21.08242543,-0.84332167
726,1788666094.00552130,18.72842224,-35.83340359,0.90886913,map,37.28847040,127.10745150,0,18.73483189,-35.80801859,0.04776448,0.04776556,0.09430000,0.00000000,0.00204333,-0.06213372,0.71588545,1.11795810,-0.98769285,-4.04942367,21.02436323,-0.84133733
727,1788666095.00006223,18.92120723,-35.12547102,0.92163689,map,37.28847680,127.10745370,0,18.92747138,-35.09590697,0.04585390,0.04585485,0.09430000,0.00000000,0.00323567,0.02862340,-0.11767980,-0.65704555,-0.96353463,-4.00196887,20.97136050,-0.83951186
728,1788666096.01175570,19.17110644,-34.42562246,0.92948293,map,37.28848310,127.10745650,0,19.17886961,-34.39914691,0.05440060,0.05440211,0.07470000,0.00000000,0.00246972,-0.03228859,0.52955910,-0.02941995,-0.90809792,-3.95911879,20.92368229,-0.83763990
729,1788666097.01176500,19.47067726,-33.67994130,0.91084495,map,37.28848980,127.10745990,0,19.47943696,-33.65489484,0.04912253,0.04912396,0.04290000,0.00000000,0.00119779,-0.04293510,-0.42168595,-0.35303940,-0.87558219,-3.91967094,20.87994831,-0.83591356
730,1788666098.00828791,19.73209088,-32.93138015,0.87438566,map,37.28849660,127.10746280,0,19.74048739,-32.90333894,0.04899978,0.04900075,0.04700000,0.00000000,0.00139716,0.01797689,0.26477955,-0.80414530,-0.83907027,-3.88847125,20.84546978,-0.83448439
731,1788666099.00006270,20.19016421,-32.17673462,0.85290023,map,37.28850320,127.10746780,2,20.19037524,-32.17637661,0.00052873,0.00052873,0.09330000,0.00000000,0.02343299,-0.02164208,0.03922660,0.33342610,-0.82253058,-3.85317173,20.80657848,-0.83065973
732,1788666100.01204371,20.48395961,-31.40716163,0.94352511,map,37.28851000,127.10747130,2,20.48329608,-31.40797828,0.01246922,0.01246985,0.06200000,0.00000000,0.00073196,0.01500983,0.42168595,0.77472535,-0.90867109,-3.78834107,20.73806175,-0.80285758
733,1788666101.00006270,20.81838922,-30.59245438,0.90336286,map,37.28851740,127.10747500,2,20.81853714,-30.59207571,0.00048377,0.00048377,0.00140000,0.00000000,0.00000642,-0.02775074,-0.51975245,0.24516625,-0.89110656,-3.77017552,20.71925211,-0.80277774
734,1788666102.01528406,21.11791283,-29.79868228,0.86434058,map,37.28852460,127.10747830,2,21.11769838,-29.79830847,0.01575489,0.01575543,-0.01760000,0.00000000,-0.00000489,-0.02024582,1.28467115,0.72569210,-0.86532133,-3.76831813,20.71732899,-0.80276195
735,1788666103.00006294,21.49089751,-29.00836030,0.80807559,map,37.28853180,127.10748240,2,21.49108200,-29.00797259,0.00048377,0.00048377,-0.05830000,0.00000000,-0.00022672,-0.02042035,0.88259850,0.89240515,-0.83349755,-3.79165890,20.74149658,-0.80285724
736,1788666104.01102090,21.86527618,-28.17322782,0.95390137,map,37.28853920,127.10748680,0,21.86532960,-28.17315870,0.01124789,0.01124846,-0.02190000,0.00000000,-0.00422125,0.10314896,0.72569210,0.15690640,-0.98600276,-3.80746513,20.75789400,-0.80932022
737,1788666105.00006318,22.12390191,-27.29115252,0.93829504,map,37.28854710,127.10748980,0,22.12397186,-27.29093746,0.00022495,0.00022495,-0.19680000,0.00000000,-0.00366289,-0.07592182,1.43177090,-0.60801230,-0.98417788,-3.88766775,20.84221766,-0.81180227
738,1788666106.01204038,22.43015750,-26.37783267,0.92008007,map,37.28855540,127.10749320,0,22.43225665,-26.37489855,0.01223476,0.01223493,-0.29580000,0.00000000,-0.00402630,0.01378810,0.00000000,-0.92182510,-0.95432452,-4.05523091,21.01976503,-0.81732827
739,1788666107.01186848,22.75768840,-25.42224544,0.91004741,map,37.28856400,127.10749690,0,22.75943183,-25.41980204,0.01206262,0.01206297,-0.25560000,0.00000000,-0.04919483,-0.00034907,-0.51975245,1.12776475,-0.93100711,-4.25168137,21.23053537,-0.82915279
740,1788666108.01096344,23.11054189,-24.48794192,0.95121745,map,37.28857240,127.10750090,0,23.11229608,-24.48622020,0.01116091,0.01116150,-0.23330000,0.00000000,-0.00482837,0.02321288,1.45138420,-0.39226600,-0.94532023,-4.41933819,21.41923226,-0.85051399
741,1788666109.00006342,23.45945060,-23.56007629,0.96847473,map,37.28858070,127.10750490,0,23.45957587,-23.55978537,0.00025593,0.00025593,-0.25930000,0.00000000,-0.00482615,0.02652900,-1.17679800,-1.10815145,-0.92545069,-4.59819844,21.62430666,-0.85706554
742,1788666110.01053667,23.79123286,-22.69884559,1.17774827,map,37.28858840,127.10750880,2,23.79218177,-22.69679768,0.01067219,0.01067321,-0.23140000,0.00000000,-0.04169068,0.02967060,0.83356525,-0.01961330,-1.05175895,-4.77080735,21.83455036,-0.93835688
743,1788666111.00006366,24.04025159,-21.73336286,1.30693189,map,37.28859690,127.10751210,2,24.04031593,-21.73312801,0.00019596,0.00019596,-0.22220000,0.00000000,-0.15513677,0.29408798,-0.02941995,-0.11767980,-1.12391083,-4.92507017,22.04872739,-0.99400955
744,1788666112.01187944,24.17458127,-20.78451620,1.39785854,map,37.28860540,127.10751400,2,24.17496904,-20.78129614,0.01201406,0.01201575,-0.30500000,0.00000000,-0.06853600,0.12025319,0.50013915,-0.96105170,-1.23465223,-5.04768400,22.24970511,-1.03910004
745,1788666113.00006390,24.23961919,-19.82384303,1.53729916,map,37.28861400,127.10751510,2,24.23963412,-19.82362054,0.00019596,0.00019596,-0.22090000,0.00000000,-0.00285337,-0.06108652,0.80414530,0.29419950,-1.38875172,-5.14190320,22.42473946,-1.09857405
746,1788666114.01699185,24.21024709,-18.86995706,1.67851976,map,37.28862260,127.10751490,2,24.21047605,-18.86918841,0.01712831,0.01713234,-0.07190000,0.00000000,-0.03587607,0.22060962,0.15690640,-0.41187930,-1.53030459,-5.22417676,22.59243108,-1.16481584
747,1788666115.00006390,24.04536154,-17.91799115,1.78528449,map,37.28863120,127.10751340,2,24.04532325,-17.91776913,0.00019596,0.00019596,-0.19600000,0.00000000,-0.14597029,0.39985493,-0.51975245,0.25497290,-1.63574656,-5.30523741,22.78969925,-1.22815002
748,1788666116.02039170,23.70706101,-17.02831084,1.98706228,map,37.28863940,127.10751020,2,23.70533696,-17.02458746,0.02052694,0.02053071,-0.20650000,0.00000000,-0.06029140,0.11170107,0.04903325,-0.62762560,-1.84275367,-5.36364038,22.98078679,-1.30141017
749,1788666117.01183867,23.21537624,-16.20478110,2.30246685,map,37.28864700,127.10750510,2,23.21413257,-16.20329732,0.01197218,0.01197235,-0.16780000,0.00000000,-0.12436895,0.35395277,0.97085835,0.94143840,-2.15306920,-5.40729246,23.18628257,-1.44613261
750,1788666118.02636862,22.46553520,-15.61782783,2.60193877,map,37.28865290,127.10749730,2,22.45996806,-15.61464384,0.02650859,0.02650504,-0.24620000,0.00000000,-0.00253044,0.03385939,0.03922660,-0.11767980,-2.41505423,-5.42130015,23.40667323,-1.53957318
751,1788666119.00138807,21.61238328,-15.08054492,2.76971807,map,37.28865780,127.10748780,2,21.61194154,-15.08043376,0.00151969,0.00151968,-0.22090000,0.00000000,-0.09655579,0.19495328,1.19641130,-0.95124505,-2.53587508,-5.42329299,23.66583691,-1.63022191
752,1788666120.00006437,20.68921751,-14.71271122,2.86469766,map,37.28866150,127.10747760,2,20.68898248,-14.71262391,0.00019596,0.00019596,-0.26700000,0.00000000,-0.00626768,-0.17278760,-1.04931155,-1.18660465,-2.56622929,-5.40108311,23.96590394,-1.66537005
753,1788666121.00753474,20.01020889,-14.43678941,2.87017880,map,37.28866390,127.10746990,2,20.00935336,-14.43709866,0.00766836,0.00766770,0.00220000,0.00000000,-0.00008466,0.15184364,-0.21574630,0.12748645,-2.50604482,-5.39045780,24.08509131,-1.64949508
754,1788666123.00614095,19.01467981,-14.01545398,2.92155591,map,37.28866800,127.10745880,2,19.01569876,-14.01573285,0.00627328,0.00627285,0.17520000,0.00000000,-0.10578919,-0.40020400,-0.46091255,-1.06892485,-2.33193351,-5.40926239,23.86250124,-1.68955468
755,1788666124.00006485,18.42574917,-13.58828749,2.86884320,map,37.28867170,127.10745210,2,18.42566068,-13.58821037,0.00019596,0.00019596,0.11250000,0.00000000,-0.00357875,-0.01082104,1.24544455,0.68646550,-2.21664468,-5.42646799,23.73341153,-1.70911367
756,1788666125.00777578,17.86642723,-13.10867862,2.85089741,map,37.28867600,127.10744580,2,17.86761401,-13.10900341,0.00790786,0.00790723,0.16950000,0.00000000,0.03842633,0.08517207,-0.63743225,-0.65704555,-2.17300210,-5.43959389,23.63978838,-1.70624985
757,1788666126.00006485,17.33746380,-12.65448171,3.02709981,map,37.28868040,127.10743990,2,17.33739132,-12.65439891,0.00019596,0.00019596,0.15230000,0.00000000,0.00129034,0.04886922,0.51975245,-0.31381280,-2.34338033,-5.45471418,23.48506113,-1.63667969
758,1788666127.01194501,16.73105217,-12.26053610,3.09351687,map,37.28868410,127.10743310,2,16.73283497,-12.26055668,0.01207845,0.01207710,0.13030000,0.00000000,0.01781055,0.00383972,0.58839900,0.98066500,-2.43395651,-5.46231738,23.31990423,-1.59681672
759,1788666128.01191068,16.12141278,-11.93766046,-3.03960834,map,37.28868730,127.10742620,2,16.12137355,-11.93753705,0.01204397,0.01204256,0.04940000,0.00000000,0.00437645,-0.07923795,-7.95319315,0.45110590,-2.62448640,-5.46140016,23.17536213,-1.52248052
760,1788666138.00006604,15.02289715,-11.48033774,-2.99059348,map,37.28869150,127.10741380,2,15.02276437,-11.48028603,0.00019596,0.00019596,-0.02180000,0.00000000,-0.00688843,0.12671090,-0.36284605,-0.84337190,-2.67441421,-5.46326426,23.21398986,-1.52548754
761,1788666139.02068901,14.33979790,-11.20672763,-3.01038954,map,37.28869400,127.10740610,2,14.34066836,-11.20785251,0.02083975,0.02083381,-0.02240000,0.00000000,0.00005911,-0.01500983,-0.09806650,1.30428445,-2.67789656,-5.46446025,23.24056959,-1.52589396
762,1788666140.00006628,13.64796256,-10.94245026,-3.04929747,map,37.28869630,127.10739830,2,13.64782406,-10.94239856,0.00019596,0.00019596,-0.02230000,0.00000000,0.00005265,0.00733038,-0.39226600,-0.86298520,-2.66536925,-5.46576426,23.26963895,-1.52605364
763,1788666141.02340436,12.99744496,-10.66065045,-3.01166097,map,37.28869890,127.10739090,2,12.99269451,-10.66263382,0.02355543,0.02354818,-0.02980000,0.00000000,-0.00214586,-0.00925025,-6.45277570,-0.93163175,-2.76661343,-5.46684480,23.29534706,-1.53305826
764,1788666152.01001334,13.76036884,-10.59506054,-2.66997993,map,37.28870000,127.10739940,2,13.76073178,-10.59494767,0.01014464,0.01014380,-0.00960000,0.00000000,0.00705372,0.39880773,-0.21574630,0.76491870,2.92912600,-5.48138620,23.67886635,-1.49941968
765,1788666153.00006747,14.45616109,-10.34909227,-2.38867182,map,37.28870280,127.10740680,2,14.45629794,-10.34904445,0.00019596,0.00019596,-0.00710000,0.00000000,0.00097846,0.12025319,-0.77472535,-0.17651970,2.62568474,-5.48214436,23.68907561,-1.49409813
766,1788666154.01224589,15.05180076,-9.87275485,-2.29988235,map,37.28870720,127.10741340,2,15.05219611,-9.87229916,0.01237592,0.01237614,-0.01130000,0.00000000,0.00824665,0.44244097,0.24516625,-0.16671305,2.49864100,-5.48299157,23.70003188,-1.49104089
767,1788666155.00006771,15.55999594,-9.32018306,-2.18573183,map,37.28871240,127.10741880,2,15.56009594,-9.32007506,0.00019596,0.00019596,-0.00420000,0.00000000,0.00004958,0.03839724,0.67665885,0.09806650,2.32244854,-5.48409203,23.71333622,-1.48693255
768,1788666156.01207852,15.98466240,-8.67101609,-2.19052555,map,37.28871830,127.10742350,2,15.98509753,-8.67098382,0.01220820,0.01220915,-0.01980000,0.00000000,0.00019800,0.03944444,-0.20593965,-0.69627215,2.28113697,-5.48479719,23.72172158,-1.48685967
769,1788666157.01211810,16.36503917,-8.09792534,-2.23970231,map,37.28872340,127.10742790,2,16.36512640,-8.09797375,0.01224778,0.01224821,-0.02000000,0.00000000,-0.00880008,-0.22410028,-1.28467115,-2.59876225,2.30433513,-5.48578202,23.73351123,-1.48980060
770,1788666158.01337934,16.79574816,-7.52209881,-2.31113986,map,37.28872850,127.10743290,2,16.79617687,-7.52229033,0.01351485,0.01351509,-0.00670000,0.00000000,-0.00371460,-0.31904619,0.19613300,-2.50069575,2.37191896,-5.48651917,23.74263926,-1.49164131
771,1788666159.00006795,17.25736719,-6.99675680,-2.50483654,map,37.28873290,127.10743850,2,17.25745502,-6.99665402,0.00019596,0.00019596,-0.00770000,0.00000000,-0.00084447,-0.07243116,-0.53936575,-1.95152335,2.58052419,-5.48756938,23.75659381,-1.49891040
772,1788666160.02022338,17.79677269,-6.57706805,-2.72547179,map,37.28873640,127.10744480,2,17.79638255,-6.57717833,0.02036630,0.02036243,-0.00770000,0.00000000,-0.00584518,-0.32428218,0.02941995,-0.70607880,2.79856090,-5.48830757,23.76719495,-1.50539516
773,1788666161.00006819,18.43257101,-6.29200095,-2.96303893,map,37.28873850,127.10745220,2,18.43269370,-6.29194470,0.00019596,0.00019596,-0.01660000,0.00000000,-0.01254147,-0.40648718,0.68646550,-0.49033250,3.09097735,-5.48899539,23.77829461,-1.51366555
774,1788666162.02216673,19.13578475,-6.21994034,3.04066084,map,37.28873860,127.10746020,2,19.13545987,-6.21910036,0.02230879,0.02230190,-0.01760000,0.00000000,-0.01315478,-0.35709436,1.26505785,-0.77472535,-2.86392403,-5.48947988,23.78718571,-1.52026338
775,1788666163.00090909,19.80279280,-6.39810655,2.83510665,map,37.28873640,127.10746760,2,19.80299296,-6.39819434,0.00103661,0.00103660,-0.01200000,0.00000000,-0.00047680,0.06143559,1.47099750,-2.30456275,-2.64123763,-5.48999569,23.79812371,-1.52652345
776,1788666177.01195836,18.99306080,-6.32437225,-2.26374837,map,37.28873920,127.10745780,2,18.99282799,-6.32469967,0.01208628,0.01208658,-0.02940000,0.00000000,-0.02074708,0.30543262,0.50013915,0.28439285,-3.05776755,-5.49141643,23.84153948,-1.55402049
777,1788666178.01164484,18.32192042,-6.39749347,-1.98075893,map,37.28873890,127.10744960,2,18.32171047,-6.39777087,0.01177195,0.01177310,-0.03010000,0.00000000,-0.02130948,0.27017697,0.32361945,0.06864655,2.90993760,-5.49163808,23.87023976,-1.57425407
778,1788666179.00006986,17.66394807,-6.64722336,-1.77928399,map,37.28873680,127.10744170,2,17.66381757,-6.64727612,0.00019596,0.00019596,-0.02760000,0.00000000,-0.01988372,0.34906585,-0.77472535,-0.43149260,2.57972755,-5.49137044,23.89441285,-1.59153503
779,1788666180.00637555,17.16848143,-7.09902125,-1.68566163,map,37.28873280,127.10743540,2,17.16872160,-7.09945572,0.00650292,0.00650348,-0.02680000,0.00000000,-0.00001489,-0.02722714,0.69627215,0.99047165,2.38411573,-5.49040697,23.92640253,-1.60747689
780,1788666181.00007010,16.64443879,-7.67233626,-1.76744861,map,37.28872760,127.10743000,2,16.64433624,-7.67245307,0.00019596,0.00019596,-0.02600000,0.00000000,-0.00007222,0.05113815,-1.59848395,0.43149260,2.41489325,-5.48939603,23.95388914,-1.60763193
781,1788666182.00589323,16.14145546,-8.22607256,-1.80634773,map,37.28872260,127.10742440,2,16.14157431,-8.22606164,0.00601992,0.00602035,-0.03190000,0.00000000,-0.00033673,-0.09773844,-0.41187930,-1.17679800,2.40548314,-5.48823532,23.98526052,-1.60797953
782,1788666183.00007010,15.65006831,-8.74435027,-1.91345760,map,37.28871790,127.10741900,2,15.64997263,-8.74445390,0.00019596,0.00019596,-0.03660000,0.00000000,0.02695739,-0.28675760,0.61781895,-2.97141495,2.54066095,-5.48730618,24.01097906,-1.60078856
783,1788666184.00471854,15.06804440,-9.16753981,-2.08290266,map,37.28871390,127.10741300,2,15.06796128,-9.16770600,0.00484439,0.00484455,-0.03960000,0.00000000,0.00028600,-0.02722714,0.68646550,-1.19641130,2.73475901,-5.48658891,24.03958993,-1.59437115
784,1788666185.00007033,14.45940756,-9.49726388,-2.11696945,map,37.28871090,127.10740620,2,14.45928803,-9.49733096,0.00019596,0.00019596,-0.02350000,0.00000000,0.00041780,-0.05829400,0.17651970,0.07845320,2.78863391,-5.48593782,24.06740877,-1.59398759
785,1788666186.01168323,13.79733619,-9.79544614,-2.36242389,map,37.28870800,127.10739910,2,13.79713905,-9.79559820,0.01181017,0.01181016,-0.01810000,0.00000000,0.01320603,-0.36756634,0.12748645,-0.43149260,3.06065994,-5.48550915,24.09144355,-1.57946605
786,1788666187.01161528,13.09894430,-9.88206931,-2.50558869,map,37.28870690,127.10739160,2,13.09883774,-9.88202198,0.01174252,0.01174204,-0.01680000,0.00000000,0.00032435,-0.04974188,0.32361945,-0.53936575,-3.09040514,-5.48538197,24.11280649,-1.57575249
787,1788666188.00969005,12.38386798,-9.90752552,-2.53350477,map,37.28870660,127.10738360,2,12.38407774,-9.90781895,0.00981962,0.00981916,-0.02440000,0.00000000,0.00022028,-0.05183628,-1.54945070,-0.79433865,-3.05471356,-5.48526276,24.13778578,-1.57535991
788,1788666189.00007057,11.67625651,-9.89628090,-2.60715360,map,37.28870660,127.10737570,2,11.67611663,-9.89628000,0.00019596,0.00019596,-0.01930000,0.00000000,0.00032972,-0.04991642,0.41187930,0.73549875,-2.97238521,-5.48519088,24.15820536,-1.57318025
789,1788666190.01286364,10.96180614,-9.84359801,-2.61946201,map,37.28870700,127.10736770,2,10.96150129,-9.84274146,0.01299468,0.01299346,-0.02600000,0.00000000,-0.01040737,0.15166911,-0.36284605,-0.69627215,-2.96204078,-5.48513339,24.18292067,-1.57479721
790,1788666191.00007081,10.26212094,-9.75573461,-2.64349209,map,37.28870780,127.10735980,2,10.26198200,-9.75571898,0.00019596,0.00019596,-0.02480000,0.00000000,0.00032034,-0.07976155,0.06864655,-1.06892485,-2.95040438,-5.48502127,24.20820895,-1.57505428
791,1788666192.01271319,9.52636944,-9.67222176,-2.74039230,map,37.28870840,127.10735160,2,9.52642919,-9.67233514,0.01284253,0.01284093,-0.02270000,0.00000000,0.00038781,0.01413717,0.56878570,0.87279185,-2.91534175,-5.48491142,24.23526054,-1.57461265
792,1788666193.00007105,8.78929478,-9.53458706,-2.85154801,map,37.28870940,127.10734340,2,8.78914762,-9.53456160,0.00019596,0.00019596,-0.02360000,0.00000000,0.00653526,-0.08813913,0.18632635,-0.41187930,-2.87789579,-5.48481232,24.26279587,-1.57328731
793,1788666194.01356936,8.08197760,-9.37119652,-2.98376332,map,37.28871060,127.10733550,2,8.08147242,-9.37117542,0.01369759,0.01369511,-0.02710000,0.00000000,0.00080560,-0.02530727,0.53936575,-0.37265270,-2.80018660,-5.48478352,24.28904060,-1.57136330
794,1788666195.00007129,7.37033434,-9.15724842,-3.04687564,map,37.28871240,127.10732750,2,7.37019073,-9.15720683,0.00019596,0.00019596,-0.03070000,0.00000000,0.00063537,-0.06265732,0.56878570,-0.88259850,-2.75507731,-5.48477525,24.31707696,-1.57075097
795,1788666196.01868796,6.66051816,-8.92175267,-3.11163417,map,37.28871440,127.10731950,2,6.65983584,-8.92181761,0.01881823,0.01881381,-0.03120000,0.00000000,0.00054603,-0.01239184,0.53936575,0.40207265,-2.69718827,-5.48478524,24.34484093,-1.57008907
796,1788666197.01185822,5.97735184,-8.66136875,3.10599278,map,37.28871660,127.10731180,2,5.97692931,-8.66123693,0.01198534,0.01198365,-0.02830000,0.00000000,0.00090025,-0.06056293,0.50013915,-0.17651970,-2.63684251,-5.48481076,24.37027914,-1.56942293
797,1788666198.02429295,5.28721705,-8.35483371,3.06475646,map,37.28871930,127.10730400,2,5.28572988,-8.35249740,0.02444660,0.02443813,-0.02730000,0.00000000,-0.00023129,0.06126106,1.57887065,-1.66713050,-2.56813076,-5.48485152,24.39637517,-1.56929329
798,1788666199.00041175,4.62121092,-8.05901581,2.99810140,map,37.28872190,127.10729650,2,4.62109974,-8.05891118,0.00053610,0.00053610,-0.01410000,0.00000000,0.00621483,-0.17051867,-0.63743225,-4.48163905,-2.47070108,-5.48488503,24.41899383,-1.56800302
799,1788666200.02483892,4.02806230,-7.65247240,2.78093134,map,37.28872510,127.10728970,2,4.02920390,-7.65084759,0.02498642,0.02497974,-0.02510000,0.00000000,0.00747048,-0.20141100,-0.15690640,0.07845320,-2.24824808,-5.48502457,24.44113146,-1.56231442
800,1788666201.00113273,3.51036506,-7.13783537,2.50016532,map,37.28872930,127.10728360,2,3.51026738,-7.13773086,0.00125698,0.00125698,-0.03780000,0.00000000,0.00120771,-0.06684611,-0.10787315,0.06864655,-2.02787868,-5.48540213,24.46844077,-1.55404146
801,1788666202.00007176,3.11184839,-6.54097121,2.19769383,map,37.28873420,127.10727860,2,3.11176781,-6.54085369,0.00019596,0.00019596,-0.03270000,0.00000000,0.02327618,-0.35168384,0.27458620,0.71588545,-1.81315643,-5.48581664,24.49013210,-1.54478577
802,1788666203.00302386,2.85594755,-5.86917254,1.93225247,map,37.28873990,127.10727500,2,2.85584799,-5.86903602,0.00314792,0.00314802,-0.02650000,0.00000000,0.00058158,-0.02844887,-0.31381280,0.40207265,-1.67183183,-5.48633600,24.50884371,-1.54254267
803,1788666204.00007200,2.66323119,-5.22462723,1.78049661,map,37.28874560,127.10727240,2,2.66319226,-5.22449760,0.00019596,0.00019596,-0.02380000,0.00000000,0.00062813,0.04747296,0.56878570,2.39282260,-1.63735101,-5.48715461,24.53747443,-1.54177978
804,1788666205.00363088,2.47301257,-4.53179637,1.64518246,map,37.28875180,127.10726990,2,2.47303350,-4.53167054,0.00375478,0.00375496,-0.02100000,0.00000000,0.00068262,-0.05201081,1.12776475,1.09834480,-1.59430637,-5.48792966,24.56390892,-1.54110974
805,1788666206.01184487,2.32179588,-3.83203499,1.51114084,map,37.28875810,127.10726790,2,2.32180563,-3.83188708,0.01196934,0.01197100,-0.01190000,0.00000000,0.00448535,-0.13194689,0.73549875,-0.08825985,-1.54719669,-5.48863108,24.58728734,-1.53945822
806,1788666207.00870132,2.21172512,-3.13429351,1.33451501,map,37.28876440,127.10726640,2,2.21195586,-3.13466465,0.00882838,0.00882933,-0.01940000,0.00000000,0.00796140,-0.19826940,0.03922660,-0.57859235,-1.42788233,-5.48925914,24.60678713,-1.53688345
807,1788666208.00007248,2.22139826,-2.44966159,1.18496377,map,37.28877070,127.10726590,2,2.22140034,-2.44952524,0.00019596,0.00019596,-0.02830000,0.00000000,0.00036555,-0.06684611,0.65704555,-0.54917240,-1.33285385,-5.49014164,24.63126966,-1.53422463
808,1788666209.00995374,2.24517991,-1.74550927,1.01141655,map,37.28877710,127.10726600,2,2.24525774,-1.74581612,0.01008008,0.01008071,-0.01650000,0.00000000,0.00112152,-0.07016224,-0.06864655,0.28439285,-1.22827616,-5.49104806,24.65561194,-1.53131790
809,1788666210.00007272,2.36208698,-1.04687944,0.92683862,map,37.28878360,127.10726690,2,2.36211078,-1.04674098,0.00019596,0.00019596,-0.02900000,0.00000000,0.00029806,-0.06684611,-0.23535960,0.04903325,-1.18633711,-5.49200421,24.67975082,-1.53102531
810,1788666211.01123500,2.49171166,-0.37031843,0.80353712,map,37.28878980,127.10726820,2,2.49185645,-0.37028838,0.01136103,0.01136110,-0.03190000,0.00000000,0.00052726,-0.05724680,0.46091255,0.47071920,-1.10152837,-5.49312065,24.70667487,-1.52838628
811,1788666212.00007272,2.67428688,0.27109815,0.76303922,map,37.28879570,127.10727010,2,2.67432455,0.27122530,0.00019596,0.00019596,-0.02620000,0.00000000,0.00054223,-0.07016224,0.67665885,-0.17651970,-1.06247437,-5.49437002,24.73594335,-1.52783288
812,1788666213.01370692,2.88346432,0.93166174,0.73009095,map,37.28880170,127.10727240,2,2.88330888,0.93172444,0.01383234,0.01383205,-0.02210000,0.00000000,0.00039905,-0.01466077,0.33342610,-0.18632635,-1.02005919,-5.49549518,24.76199556,-1.52739049
813,1788666214.01194692,3.11151018,1.58989068,0.70914200,map,37.28880770,127.10727490,2,3.11154156,1.59006421,0.01207166,0.01207141,-0.02220000,0.00000000,0.00014800,-0.03909538,0.28439285,0.35303940,-0.96501631,-5.49651834,24.78544853,-1.52700245
814,1788666215.01682925,3.36774961,2.25866522,0.70583455,map,37.28881370,127.10727780,2,3.36713290,2.25776388,0.01696163,0.01696098,-0.02410000,0.00000000,0.00039834,0.02583087,0.00980665,0.54917240,-0.90985973,-5.49738989,24.80528259,-1.52674742
815,1788666216.00007319,3.65865384,2.93579150,0.71187027,map,37.28881980,127.10728110,2,3.65871112,2.93592436,0.00019596,0.00019596,-0.01650000,0.00000000,0.00395268,-0.14364060,-0.88259850,-0.54917240,-0.86600360,-5.49843872,24.82900171,-1.52592076
816,1788666217.01654482,3.97333586,3.51901750,0.61764022,map,37.28882520,127.10728450,2,3.97302894,3.51891085,0.01667081,0.01666970,-0.00530000,0.00000000,-0.00018186,-0.21240657,-10.33620910,2.32417605,-0.71056436,-5.49959843,24.85264238,-1.51960630
817,1788666219.01876211,4.41259287,4.13498713,0.72366975,map,37.28883070,127.10728950,2,4.41291046,4.13398470,0.01889615,0.01889559,-0.02350000,0.00000000,0.01558963,-0.36128316,0.51975245,0.23535960,-0.53716964,-5.50137508,24.88636080,-1.51096588
818,1788666220.00007367,4.90463174,4.58325969,0.62200553,map,37.28883480,127.10729500,2,4.90472863,4.58334744,0.00019596,0.00019596,-0.02680000,0.00000000,0.00034618,-0.07766715,0.46091255,-1.63771055,-0.40624582,-5.50280847,24.90944863,-1.50824914
819,1788666221.02316427,5.45032019,5.02066878,0.57655716,map,37.28883880,127.10730110,2,5.45008866,5.02071314,0.02329455,0.02329146,-0.02510000,0.00000000,0.00036257,-0.08080874,0.38245935,0.54917240,-0.35220330,-5.50434988,24.93402060,-1.50798943
820,1788666222.01177883,6.01521056,5.40940605,0.52225926,map,37.28884240,127.10730740,2,6.01534075,5.40954171,0.01190321,0.01190238,-0.02380000,0.00000000,0.00329659,-0.04450590,0.91201845,1.74558370,-0.32021556,-5.50581151,24.95720698,-1.50736160
821,1788666223.00007391,6.60440796,5.71461127,0.29893897,map,37.28884560,127.10731380,2,6.60452389,5.71467172,0.00019596,0.00019596,-0.01660000,0.00000000,0.01176369,-0.36564648,0.29419950,-0.28439285,-0.08172274,-5.50739091,24.98009922,-1.49314492
822,1788666224.00324106,7.26131958,5.81911758,-0.04919762,map,37.28884720,127.10732110,2,7.26135104,5.81919297,0.00336361,0.00336346,-0.02320000,0.00000000,0.01635563,-0.35395277,1.18660465,-0.14709975,0.27219452,-5.50944643,25.00412654,-1.47602983
823,1788666226.00563049,7.98286537,5.68538946,-0.23082410,map,37.28884640,127.10732930,2,7.98258960,5.68551010,0.00575332,0.00575292,-0.02340000,0.00000000,0.00551864,-0.13840461,-0.27458620,0.20593965,0.42396239,-5.51621541,25.07197131,-1.46974131
