idx,stamp_sec,x,y,yaw,frame_id,gps_lat,gps_lon,gps_status,gps_odom_x,gps_odom_y,cov_xx,cov_yy,odom_vx,odom_vy,odom_vyaw,imu_wz,imu_ax,imu_ay,imu_yaw,odom_x,odom_y,odom_yaw
0,30.08000000,41.08417830,-45.69943898,1.64000000,map,,,,,,0.08000000,0.08000000,0.00000000,0.00000000,0.00000000,-0.00016123,0.01693825,0.02624070,1.64000000,41.08660000,-45.68420000,1.64000000
1,32.72000000,41.07142590,-45.18451408,1.62805907,map,37.56609135,126.97846502,0,41.08315101,-45.35464090,0.12000000,0.12000000,1.57174265,0.03428906,0.07320022,0.07533191,2.52434057,0.32264509,1.62805907,41.06492429,-45.18104417,1.62805907
2,33.02000000,41.00627814,-44.59735850,1.66400126,map,37.56609777,126.97846421,0,41.01186294,-44.64288235,0.02000000,0.02000000,2.31644516,0.06999444,0.14966196,0.15059153,2.42068599,0.41851652,1.66400126,41.00433202,-44.59674254,1.66400126
3,33.22000000,40.93407126,-44.09085238,1.69845093,map,37.56610228,126.97846351,0,41.01186294,-44.64288235,0.22000000,0.22000000,2.79603360,0.08607758,0.18414631,0.18477387,2.80415642,0.37535831,1.69845093,40.93169526,-44.08768455,1.69845093
4,33.42000000,40.81274250,-43.47282286,1.72492981,map,37.56610773,126.97846208,0,40.82332675,-43.53706606,0.02000000,0.02000000,3.27817321,0.02666599,0.05713323,0.05035864,2.35488977,-0.59020804,1.72492981,40.83222180,-43.48557880,1.72492981
5,33.58000000,40.72977981,-42.92466129,1.72002714,map,37.56610773,126.97846208,0,40.82332675,-43.53706606,0.18000000,0.18000000,3.65172422,-0.04531481,-0.09716956,-0.09978135,2.32754296,-0.67046169,1.72002714,40.74931477,-42.93551418,1.72002714
6,33.72000000,40.68797402,-42.42225018,1.70110064,map,37.56611365,126.97846119,0,40.74427780,-42.87952926,0.12000000,0.12000000,3.97677662,-0.07862124,-0.16870664,-0.17065134,2.25354380,-0.90860345,1.70110064,40.68307785,-42.40376407,1.70110064
7,33.86000000,40.63762925,-41.85476093,1.67431761,map,37.56612074,126.97846021,0,40.65821822,-42.09293570,0.06000000,0.06000000,3.98510757,-0.09493634,-0.20371948,-0.20407085,0.03629255,-0.85287522,1.67431761,40.63019208,-41.84790821,1.67431761
8,34.02000000,40.59275679,-41.21238113,1.64177524,map,37.56612795,126.97845952,0,40.59674118,-41.29247628,0.02000000,0.02000000,4.00854124,-0.09289857,-0.19936943,-0.19912978,-0.03770978,-0.77302593,1.64177524,40.58964925,-41.20885785,1.64177524
9,34.16000000,40.57338949,-40.65295564,1.61464742,map,37.56612795,126.97845952,0,40.59674118,-41.29247628,0.16000000,0.16000000,3.98938091,-0.08675327,-0.18616162,-0.18541288,0.07047204,-0.67390924,1.61464742,40.57030769,-40.64971018,1.61464742
10,34.32000000,40.57092145,-40.00310340,1.58749974,map,37.56613525,126.97845926,0,40.57418786,-40.48305605,0.12000000,0.12000000,4.00007612,-0.06849484,-0.14698482,-0.14494904,0.14904998,-0.40389471,1.58749975,40.56397418,-40.01007571,1.58749975
11,34.46000000,40.57835033,-39.44282184,1.57216917,map,37.56614246,126.97845929,0,40.57671635,-39.68191229,0.06000000,0.06000000,3.98265880,-0.03465158,-0.07435702,-0.07180954,0.23748298,-0.03715347,1.57216917,40.56658561,-39.45115486,1.57216917
12,34.62000000,40.59190623,-38.81625124,1.56604733,map,37.56614954,126.97845946,0,40.59138209,-38.89611820,0.02000000,0.02000000,3.99256945,-0.00652361,-0.01399899,-0.01330172,0.09022746,0.07315707,1.56604733,40.57103691,-38.81238747,1.56604733
13,34.76000000,40.59481355,-38.25677005,1.56597088,map,37.56614954,126.97845946,0,40.59138209,-38.89611820,0.16000000,0.16000000,3.99786592,0.00399884,0.00858105,0.00941263,0.06859284,0.13421172,1.56597088,40.57388920,-38.25287635,1.56597088
14,34.92000000,40.56988509,-37.61956685,1.56864856,map,37.56615672,126.97845921,0,40.56930231,-38.09945794,0.12000000,0.12000000,3.99780488,0.00971320,0.02084351,0.02114074,-0.01114619,0.09544089,1.56864856,40.57496175,-37.61305258,1.56864856
15,35.08000000,40.56009643,-37.05642328,1.57129718,map,37.56616396,126.97845911,0,40.56050361,-37.29639016,0.06000000,0.06000000,3.99905335,0.00353887,0.00759388,0.00697565,0.06379916,-0.05434573,1.57129718,40.57412859,-36.97331316,1.57129718
16,35.22000000,40.57734978,-36.43391046,1.56978726,map,37.56617101,126.97845929,0,40.57707436,-36.51380177,0.02000000,0.02000000,3.99528592,-0.01158540,-0.02486137,-0.02529477,0.07899976,-0.18063589,1.56978726,40.57475097,-36.41407256,1.56978726
17,35.36000000,40.58110792,-35.87415783,1.56541126,map,37.56617101,126.97845929,0,40.57707436,-36.51380177,0.16000000,0.16000000,3.99711281,-0.01573897,-0.03377483,-0.03374120,0.02380990,-0.14907519,1.56541126,40.57853364,-35.85433134,1.56541126
18,35.48000000,40.59238029,-35.37080560,1.56140149,map,37.56617843,126.97845942,0,40.58855068,-35.69066562,0.08000000,0.08000000,3.99859393,-0.01530878,-0.03285080,-0.03229350,-0.02201584,-0.05924742,1.56140149,40.58395891,-35.37457648,1.56140149
19,35.62000000,40.57695041,-34.80715829,1.55751987,map,37.56618566,126.97845928,0,40.57568186,-34.88716446,0.02000000,0.02000000,3.99900149,-0.01065586,-0.02286667,-0.02216264,-0.23109922,-0.05184055,1.55751987,40.59218045,-34.81468395,1.55751987
20,35.76000000,40.58614272,-34.24756764,1.55539260,map,37.56618566,126.97845928,0,40.57568186,-34.88716446,0.16000000,0.16000000,3.99535330,-0.00238999,-0.00512885,-0.00452630,0.07766844,0.09770801,1.55539260,40.60131833,-34.25516859,1.55539260
21,35.92000000,40.60424380,-33.61213616,1.55774806,map,37.56619283,126.97845953,0,40.59831077,-34.09156110,0.12000000,0.12000000,3.99212074,0.01471622,0.03157921,0.03225398,0.02927185,0.19832384,1.55774806,40.60964868,-33.61584827,1.55774806
22,36.06000000,40.62993153,-33.05801157,1.56375069,map,37.56619999,126.97845988,0,40.62922798,-33.29764941,0.06000000,0.06000000,3.99849068,0.02662096,0.05712677,0.05871077,0.18807629,0.38678173,1.56375069,40.61262828,-33.05634272,1.56375069
23,36.22000000,40.62569405,-32.41827153,1.57505966,map,37.56620716,126.97845968,0,40.62922798,-33.29764941,0.22000000,0.22000000,3.99633657,0.03371676,0.07235249,0.07207836,0.04013868,0.24314342,1.57505966,40.60832431,-32.41655035,1.57505966
24,36.38000000,40.60119957,-31.86110719,1.58437425,map,37.56620716,126.97845968,0,40.61159605,-32.50121628,0.16000000,0.16000000,3.99570420,0.02006398,0.04305514,0.04225285,0.05180374,0.05142576,1.58437425,40.59798617,-31.77695456,1.58437425
25,36.52000000,40.58870798,-31.23511947,1.58903059,map,37.56621425,126.97845954,0,40.59838677,-31.71461221,0.12000000,0.12000000,3.99682599,0.01307837,0.02806476,0.02769570,0.00254211,0.10252149,1.58903059,40.58681784,-31.21752157,1.58903059
26,36.66000000,40.58752413,-30.64865235,1.59263924,map,37.56622169,126.97845948,0,40.59328354,-30.88860809,0.06000000,0.06000000,4.00092161,0.01118398,0.02399613,0.02388655,-0.00789558,0.06689679,1.59263924,40.57388832,-30.65780118,1.59263924
27,36.82000000,40.55797669,-30.01505707,1.59603712,map,37.56622884,126.97845910,0,40.56016293,-30.09500171,0.02000000,0.02000000,3.99874284,0.00924895,0.01984729,0.01978314,0.01763698,0.06550379,1.59603712,40.55720409,-30.01814223,1.59603712
28,36.96000000,40.54136353,-29.45544206,1.59952224,map,37.56622884,126.97845910,0,40.56016293,-30.09500171,0.16000000,0.16000000,4.00080136,0.01477411,0.03170408,0.03216291,0.04333833,0.18895043,1.59952224,40.54055229,-29.45853786,1.59952224
29,37.12000000,40.51929954,-28.80866091,1.60367845,map,37.56623611,126.97845883,0,40.53591162,-29.28802637,0.12000000,0.12000000,3.99787406,0.00400573,0.00859577,0.00722352,0.08934362,-0.08900949,1.60367845,40.51868413,-28.81940555,1.60367845
30,37.26000000,40.50292682,-28.27023850,1.59925789,map,37.56624312,126.97845852,0,40.50872331,-28.50989261,0.06000000,0.06000000,3.98420354,-0.02834328,-0.06082058,-0.06202424,0.11510217,-0.41678327,1.59925789,40.50316214,-28.26102643,1.59925789
31,37.42000000,40.49287619,-27.61397048,1.58760534,map,37.56625048,126.97845835,0,40.49357027,-27.69401219,0.02000000,0.02000000,4.00221890,-0.03614023,-0.07755469,-0.07754304,0.02127918,-0.33992573,1.58760534,40.49404138,-27.62211232,1.58760534
32,37.56000000,40.49014366,-27.05378946,1.57932064,map,37.56625048,126.97845835,0,40.49357027,-27.69401219,0.16000000,0.16000000,3.99855289,-0.01452055,-0.03115830,-0.02901590,-0.36790370,0.12364639,1.57932064,40.49117242,-27.06214124,1.57932064
33,37.72000000,40.47913399,-26.42425929,1.57913826,map,37.56625760,126.97845823,0,40.48301188,-26.90358248,0.12000000,0.12000000,3.99729813,0.00934312,0.02005016,0.02083085,-0.36507832,0.20152735,1.57913826,40.48627839,-26.42325821,1.57913826
34,37.88000000,40.48328938,-25.86415979,1.58462341,map,37.56626480,126.97845828,0,40.48743786,-26.10417534,0.06000000,0.06000000,3.99863501,0.02032046,0.04360596,0.04408378,0.03483278,0.20395569,1.58462341,40.47681605,-25.78406821,1.58462341
35,38.02000000,40.46837813,-25.22567043,1.59152327,map,37.56627199,126.97845809,0,40.47049247,-25.30567116,0.02000000,0.02000000,3.99674451,0.02544561,0.05460394,0.05498231,0.03159803,0.24814651,1.59152327,40.46398526,-25.22421264,1.59152327
36,38.16000000,40.45073232,-24.66652990,1.59973035,map,37.56627199,126.97845809,0,40.47049247,-25.30567116,0.16000000,0.16000000,3.99904127,0.02821436,0.06054678,0.06067283,0.12355683,0.24274532,1.59973035,40.44629536,-24.66508019,1.59973035
37,38.32000000,40.43211025,-24.02140597,1.60950450,map,37.56627924,126.97845788,0,40.45234920,-24.50128437,0.12000000,0.12000000,4.00132056,0.02857516,0.06132184,0.06088776,-1.70108125,0.23080717,1.60950450,40.42007572,-24.02523320,1.60950450
38,38.46000000,40.38712750,-23.46490174,1.61748114,map,37.56628642,126.97845728,0,40.39944900,-23.70434562,0.06000000,0.06000000,3.99548923,0.02183376,0.04685307,0.04505674,-0.38888216,0.04010222,1.61748114,40.39236310,-23.46641414,1.61748114
39,38.62000000,40.35598412,-22.82820252,1.62153311,map,37.56629360,126.97845684,0,40.36013617,-22.90800126,0.02000000,0.02000000,3.99546984,0.00513034,0.01100918,0.01045567,0.06003508,-0.00502005,1.62153311,40.35903854,-22.82796999,1.62153311
40,38.76000000,40.32753738,-22.26938994,1.62134639,map,37.56629360,126.97845684,0,40.36013617,-22.90800126,0.16000000,0.16000000,3.99713716,-0.00533791,-0.01145474,-0.01238434,0.06678070,-0.12368724,1.62134639,40.33066039,-22.26922234,1.62134639
41,38.92000000,40.29904316,-21.62620336,1.61804829,map,37.56630083,126.97845640,0,40.32115112,-22.10532770,0.12000000,0.12000000,3.99756786,-0.01175502,-0.02522919,-0.02542604,-0.00640660,-0.12279212,1.61804829,40.30083460,-21.63038840,1.61804829
42,39.06000000,40.27933872,-21.06217025,1.61397776,map,37.56630807,126.97845603,0,40.28907624,-21.30198868,0.06000000,0.06000000,4.00067361,-0.01465400,-0.03144651,-0.03228223,0.02613047,-0.15683526,1.61397776,40.27738665,-21.07087644,1.61397776
43,39.22000000,40.25003966,-20.44984653,1.60854247,map,37.56631503,126.97845562,0,40.25277755,-20.52972869,0.02000000,0.02000000,3.99692924,-0.01504299,-0.03228093,-0.03161397,0.05516858,-0.10626788,1.60854248,40.25404697,-20.43163986,1.60854248
44,39.36000000,40.23148228,-19.89045254,1.60535036,map,37.56631503,126.97845562,0,40.25277755,-20.52972869,0.16000000,0.16000000,3.99667401,-0.00627647,-0.01346878,-0.01324411,0.03693998,0.00386729,1.60535036,40.23544786,-19.87220746,1.60535036
45,39.52000000,40.21604863,-19.24832458,1.60431231,map,37.56632225,126.97845539,0,40.23196269,-19.72785965,0.12000000,0.12000000,3.99961639,-0.00199023,-0.00427104,-0.00469307,-0.00780034,-0.02176305,1.60431231,40.21423731,-19.23284409,1.60431231
46,39.66000000,40.19307617,-18.67364585,1.60364322,map,37.56632959,126.97845504,0,40.20085417,-18.91351923,0.06000000,0.06000000,3.99939003,-0.00315145,-0.00676283,-0.00749208,-0.04157138,-0.06544504,1.60364322,40.19596125,-18.67316101,1.60364322
47,39.82000000,40.16650022,-18.03472857,1.60191820,map,37.56633679,126.97845467,0,40.16887961,-18.11466672,0.02000000,0.02000000,3.99884306,-0.00596809,-0.01280718,-0.01285261,0.04468734,-0.07117745,1.60191820,40.17626255,-18.03370203,1.60191820
48,39.96000000,40.15026446,-17.47505213,1.60037805,map,37.56633679,126.97845467,0,40.16887961,-18.11466672,0.16000000,0.16000000,3.99891079,-0.00389161,-0.00835117,-0.00814803,-0.00540649,-0.02184658,1.60037805,40.16002379,-17.47401692,1.60037805
49,40.12000000,40.14420489,-16.85049634,1.59946998,map,37.56634386,126.97845455,0,40.15756958,-17.32996758,0.12000000,0.12000000,3.99479317,-0.00168087,-0.00354177,-0.00359097,-0.00193353,-0.02764825,1.59946998,40.14180986,-16.83449799,1.59946998
50,40.26000000,40.13261537,-16.29527208,1.59886371,map,37.56635103,126.97845435,0,40.14052484,-16.53369781,0.06000000,0.06000000,3.97415165,-0.00212672,-0.00435389,-0.00441663,0.06013584,-0.04170158,1.59886371,40.12608740,-16.27649560,1.59886371
51,40.42000000,40.10770127,-15.65335731,1.59842077,map,37.56635825,126.97845400,0,40.10934948,-15.73224085,0.02000000,0.02000000,3.96849528,-0.00124238,-0.00100092,-0.00118517,0.47609815,0.25961418,1.59842077,40.10851513,-15.64166588,1.59842077
52,40.56000000,40.09216127,-15.09795199,1.59841337,map,37.56635825,126.97845400,0,40.10934948,-15.73224085,0.16000000,0.16000000,3.96524631,-0.00174875,-0.00135623,-0.00189582,1.32428328,0.43502221,1.59841337,40.09306476,-15.08649354,1.59841337
53,40.72000000,40.06092860,-14.46303045,1.59790324,map,37.56636539,126.97845360,0,40.07407054,-14.93974299,0.12000000,0.12000000,3.97416068,-0.00188996,-0.00461505,-0.00482077,0.96776051,0.43230234,1.59790324,40.07580189,-14.45177441,1.59790324
54,40.86000000,40.06526956,-13.92025327,1.59713939,map,37.56637243,126.97845357,0,40.07110713,-14.15897681,0.06000000,0.06000000,3.96969840,-0.00314862,-0.00502945,-0.00517231,1.33870300,0.38637049,1.59713939,40.06123266,-13.89649451,1.59713939
55,41.02000000,40.04459981,-13.28449986,1.59662016,map,37.56637959,126.97845329,0,40.04668656,-13.36394219,0.02000000,0.02000000,3.97773785,-0.00072039,-0.00261668,-0.00267785,0.87240229,0.14136364,1.59662016,40.04488396,-13.26207959,1.59662016
56,41.16000000,40.03062639,-12.72756059,1.59612344,map,37.56637959,126.97845329,0,40.04668656,-13.36394219,0.16000000,0.16000000,3.97676149,-0.00242818,-0.00409387,-0.00441236,1.34285805,0.00950575,1.59612344,40.03085950,-12.70699457,1.59612344
57,41.32000000,40.01981531,-12.10849312,1.59542934,map,37.56638660,126.97845312,0,40.03160430,-12.58620989,0.12000000,0.12000000,3.98333374,-0.00185042,-0.00448088,-0.00440385,0.96051963,-0.04787495,1.59542934,40.01528326,-12.07274526,1.59542934
58,41.46000000,39.98751623,-11.57140074,1.59473545,map,37.56639359,126.97845269,0,39.99348396,-11.81010412,0.06000000,0.06000000,3.98067739,-0.00362494,-0.00662561,-0.00674487,1.35510147,-0.00249503,1.59473545,40.00209293,-11.51800766,1.59473545
59,41.62000000,39.98300750,-10.93047018,1.59383071,map,37.56640080,126.97845259,0,39.98482564,-11.01014033,0.02000000,0.02000000,3.98722661,-0.00178260,-0.00508378,-0.00529589,1.23736413,-0.05619124,1.59383071,39.98760993,-10.88409737,1.59383071
60,41.76000000,39.97046639,-10.37214671,1.59329932,map,37.56640080,126.97845259,0,39.98482564,-11.01014033,0.16000000,0.16000000,3.98644818,-0.00105524,-0.00195835,-0.00237050,1.37138296,0.03656366,1.59329932,39.97522631,-10.32942539,1.59329932
61,41.92000000,39.97195011,-9.75029150,1.59334068,map,37.56640784,126.97845257,0,39.98280013,-10.22904076,0.12000000,0.12000000,3.99034997,0.00120236,0.00267515,0.00270453,1.30404737,-0.02057945,1.59334068,39.96095605,-9.69559796,1.59334068
62,42.06000000,39.94772366,-9.20920969,1.59410216,map,37.56641487,126.97845224,0,39.95353803,-9.44880973,0.06000000,0.06000000,3.99192918,0.00317914,0.00699323,0.00650010,1.28474968,-0.02200087,1.59410216,39.94790064,-9.14084741,1.59410216
63,42.22000000,39.92423905,-8.58096879,1.59526762,map,37.56642196,126.97845193,0,39.92627184,-8.66085009,0.02000000,0.02000000,3.99591376,0.00366439,0.00800736,0.00783959,1.30257123,0.03260727,1.59526762,39.93222330,-8.50684070,1.59526762
64,42.36000000,39.91053974,-8.02172884,1.59628507,map,37.56642196,126.97845193,0,39.92627184,-8.66085009,0.16000000,0.16000000,3.99927928,0.00278771,0.00599790,0.00620298,1.30097178,-0.02299618,1.59628507,39.91786749,-7.95182015,1.59628507
65,42.52000000,39.90102335,-7.37612010,1.59714599,map,37.56642922,126.97845179,0,39.91379761,-7.85589301,0.12000000,0.12000000,4.00131309,0.00231807,0.00498249,0.00532828,1.19581180,-0.05176602,1.59714599,39.90102149,-7.31718373,1.59714599
66,42.66000000,39.86700238,-6.81195975,1.59763789,map,37.56643646,126.97845133,0,39.87354917,-7.05183216,0.06000000,0.06000000,4.00332641,0.00016795,0.00109587,0.00122378,1.30496717,-0.08750869,1.59763789,39.88599205,-6.76154362,1.59763789
67,42.82000000,39.88077311,-6.17199119,1.59726956,map,37.56644367,126.97845144,0,39.88286944,-6.25207215,0.02000000,0.02000000,3.99903059,-0.00169858,-0.00371877,-0.00378040,1.29646284,-0.03544463,1.59726956,39.86918229,-6.12625342,1.59726956
68,42.96000000,39.86657171,-5.61165393,1.59638908,map,37.56644367,126.97845144,0,39.88286944,-6.25207215,0.16000000,0.16000000,4.00831573,-0.00487413,-0.00706704,-0.00703329,1.28336672,-0.05452341,1.59638908,39.85510700,-5.56996949,1.59638908
69,43.12000000,39.83398018,-4.96939403,1.59513127,map,37.56645089,126.97845102,0,39.84626717,-5.45000014,0.12000000,0.12000000,4.00690365,-0.00327395,-0.00802789,-0.00787283,1.44991768,-0.68976898,1.59513127,39.83976726,-4.93312307,1.59513127
70,43.26000000,39.81234822,-4.42189868,1.59377472,map,37.56645799,126.97845070,0,39.81767121,-4.66254850,0.06000000,0.06000000,4.01272838,-0.00709991,-0.01196432,-0.01160462,1.41034614,-0.30780851,1.59377472,39.82720166,-4.37523965,1.59377472
71,43.42000000,39.82218854,-3.78891808,1.59181871,map,37.56646514,126.97845076,0,39.82334262,-3.86920307,0.02000000,0.02000000,4.01268929,-0.00369591,-0.01064559,-0.01157924,-1.88773309,-1.45206016,1.59181871,39.81408422,-3.73680107,1.59181871
72,43.56000000,39.81188348,-3.22698978,1.59060046,map,37.56646514,126.97845076,0,39.82334262,-3.86920307,0.16000000,0.16000000,4.02017931,-0.00309131,-0.00525206,-0.00397195,1.00925754,-0.15139329,1.59060046,39.80333985,-3.17733645,1.59060046
73,43.72000000,39.78211224,-2.59018574,1.59093226,map,37.56647232,126.97845041,0,39.79240170,-3.07194583,0.12000000,0.12000000,4.01950935,0.00176711,0.00493427,0.00496399,0.83256505,-0.00058197,1.59093226,39.79050314,-2.53671391,1.59093226
74,43.86000000,39.77872106,-2.01341412,1.59144256,map,37.56647969,126.97845032,0,39.78377059,-2.25448180,0.06000000,0.06000000,4.02372814,0.00083909,0.00145319,0.00271113,0.91930378,-0.18922209,1.59144256,39.77881905,-1.97585377,1.59144256
75,44.02000000,39.76650865,-1.36687881,1.59201033,map,37.56648696,126.97845015,0,39.76880302,-1.44740301,0.02000000,0.02000000,4.02483958,-0.00516090,0.00577271,0.00427393,0.60881825,0.00331735,1.59201033,39.76523288,-1.33395520,1.59201033
76,44.16000000,39.75478260,-0.80363475,1.59253193,map,37.56648696,126.97845015,0,39.76880302,-1.44740301,0.16000000,0.16000000,4.03001870,-0.00165009,0.00275701,0.00458617,1.01353848,-0.48547071,1.59253193,39.75300036,-0.77150225,1.59253193
77,44.32000000,39.73585238,-0.15053450,1.59242824,map,37.56649429,126.97844989,0,39.74589733,-0.63392906,0.12000000,0.12000000,4.03268941,-0.00874214,-0.00555800,-0.00639912,0.89311747,-0.58511810,1.59242824,39.73889399,-0.12795265,1.59242824
78,44.46000000,39.72653592,0.43049048,1.59035562,map,37.56650170,126.97844972,0,39.73077125,0.18878851,0.06000000,0.06000000,4.03082019,-0.01286910,-0.02128557,-0.02051385,0.50120119,-0.32459247,1.59035562,39.72821170,0.43564007,1.59035562
79,44.62000000,39.71252555,1.07513062,1.58673773,map,37.56650896,126.97844952,0,39.71331450,0.99452976,0.02000000,0.02000000,4.02513033,-0.00860534,-0.02294970,-0.02346317,1.38325749,-0.60347352,1.58673773,39.71845523,1.08043930,1.58673773
80,44.76000000,39.70626304,1.63917574,1.58340485,map,37.56650896,126.97844952,0,39.71331450,0.99452976,0.16000000,0.16000000,4.02660417,-0.01112326,-0.02832682,-0.02315839,-1.46850020,-0.15561344,1.58340485,39.71194656,1.64404926,1.58340485
81,44.92000000,39.69985564,2.29551519,1.57960212,map,37.56651634,126.97844940,0,39.70245207,1.81359604,0.12000000,0.12000000,4.01680929,-0.01041164,-0.02356515,-0.02301350,0.15748946,-0.38383561,1.57960212,39.70681196,2.28703739,1.57960212
82,45.06000000,39.69926080,2.85792107,1.57629126,map,37.56652358,126.97844937,0,39.70046463,2.61666131,0.06000000,0.06000000,4.01688379,-0.01047549,-0.02254595,-0.02208091,-0.24169883,-0.04455137,1.57629126,39.70433425,2.84946390,1.57629126
83,45.22000000,39.69638382,3.50561462,1.57332457,map,37.56653086,126.97844933,0,39.69646300,3.42520025,0.02000000,0.02000000,4.01718229,-0.00606784,-0.01306649,-0.01256050,-0.37590009,0.02205675,1.57332457,39.70323422,3.49209436,1.57332457
84,45.36000000,39.69672070,4.06801739,1.57206693,map,37.56653086,126.97844933,0,39.69646300,3.42520025,0.16000000,0.16000000,4.01515768,-0.00295537,-0.00733918,-0.00744136,-0.38546785,-0.02979284,1.57206693,39.70278638,4.05416667,1.57206693
85,45.52000000,39.70845743,4.69864581,1.57082282,map,37.56653800,126.97844947,0,39.70912215,4.21722206,0.12000000,0.12000000,4.01236096,-0.00278515,-0.00609126,-0.00603733,-0.46806091,-0.00872576,1.57082282,39.70291301,4.69589688,1.57082282
86,45.66000000,39.70567714,5.28438000,1.57038360,map,37.56654544,126.97844944,0,39.70604998,5.04290196,0.06000000,0.06000000,4.01020361,0.00007804,0.00018205,0.00070659,-0.47855002,0.02490593,1.57038360,39.70325750,5.25700440,1.57038360
87,45.82000000,39.69782198,5.92403508,1.57105807,map,37.56655265,126.97844934,0,39.69789410,5.84374224,0.02000000,0.02000000,4.01282054,0.00270849,0.00590444,0.00602147,-0.57611881,0.04684102,1.57105807,39.70304735,5.89798997,1.57105807
88,45.96000000,39.69835447,6.48521896,1.57185755,map,37.56655265,126.97844934,0,39.69789410,5.84374224,0.16000000,0.16000000,4.01061333,0.00327585,0.00709031,0.00694248,-0.65316593,0.02180254,1.57185755,39.70231790,6.45849554,1.57185755
89,46.12000000,39.68444469,7.11734649,1.57344363,map,37.56655979,126.97844921,0,39.68598685,6.63632453,0.12000000,0.12000000,4.00870195,0.00489895,0.01056555,0.01078400,-1.92270426,0.02574128,1.57344363,39.70043354,7.09876533,1.57344363
90,46.26000000,39.68964069,7.71324969,1.57485587,map,37.56656733,126.97844926,0,39.69072319,7.47265741,0.06000000,0.06000000,4.00973195,0.00490772,0.01042766,0.01083590,-0.29819469,-0.39051321,1.57485587,39.69790058,7.65854982,1.57485587
91,46.42000000,39.68560914,8.32778733,1.57694422,map,37.56657431,126.97844921,0,39.68621513,8.24758647,0.02000000,0.02000000,4.00883928,0.00735084,0.01587861,0.01592602,-1.76531084,0.10200447,1.57694422,39.69371562,8.29806962,1.57694422
92,46.56000000,39.68142757,8.88816550,1.57965806,map,37.56657431,126.97844921,0,39.68621513,8.24758647,0.16000000,0.16000000,4.01386954,0.01238134,0.02329312,0.02593934,-1.80483721,0.16371263,1.57965806,39.68824752,8.85755497,1.57965806
93,46.72000000,39.66625191,9.53575428,1.58505382,map,37.56658158,126.97844907,0,39.67395434,9.05488158,0.12000000,0.12000000,4.00667727,0.01892100,0.04088642,0.04141945,-0.86508620,0.20010115,1.58505382,39.67849870,9.49647216,1.58505382
94,46.86000000,39.65826861,10.09331497,1.59120787,map,37.56658878,126.97844896,0,39.66409063,9.85308161,0.06000000,0.06000000,4.00401071,0.02062577,0.04455724,0.04460296,-0.84160781,0.20234724,1.59120787,39.66598786,10.05498497,1.59120787
95,47.02000000,39.65194170,10.75975209,1.59790962,map,37.56659622,126.97844885,0,39.65443857,10.67980474,0.02000000,0.02000000,4.00015911,0.01703767,0.03776425,0.03707930,-0.88535854,0.14562065,1.59790962,39.64767561,10.69251195,1.59790962
96,47.16000000,39.63351393,11.31976602,1.60288013,map,37.56659622,126.97844885,0,39.65443857,10.67980474,0.16000000,0.16000000,3.99998525,0.01641826,0.03545314,0.03531483,-0.93119773,0.23193753,1.60288013,39.62885064,11.25002324,1.60288013
97,47.32000000,39.60628251,11.93155727,1.60854779,map,37.56660318,126.97844853,0,39.62548982,11.45201398,0.12000000,0.12000000,3.99982736,0.01576017,0.03406054,0.03366458,-0.87111323,0.14452026,1.60854779,39.60394158,11.88693343,1.60854779
98,47.46000000,39.56724479,12.50197530,1.61277286,map,37.56661048,126.97844799,0,39.57787116,12.26213864,0.06000000,0.06000000,3.99781462,0.01129103,0.02429513,0.02348889,-0.83863336,0.02133479,1.61277286,39.57967555,12.44397310,1.61277286
99,47.62000000,39.53994108,13.12881948,1.61455015,map,37.56661757,126.97844760,0,39.54345343,13.04886879,0.02000000,0.02000000,4.00256348,0.00037739,0.00081662,0.00042905,-0.99291028,0.02612011,1.61455015,39.55136072,13.08022675,1.61455015
100,47.76000000,39.51579967,13.68854651,1.61393516,map,37.56661757,126.97844760,0,39.54345343,13.04886879,0.16000000,0.16000000,3.99946415,-0.00331934,-0.00715723,-0.00724485,-0.94001344,0.03070849,1.61393516,39.52736696,13.63744150,1.61393516
101,47.92000000,39.50935512,14.31947477,1.61303697,map,37.56662470,126.97844744,0,39.52947183,13.84007132,0.12000000,0.12000000,3.99779974,-0.00204587,-0.00442595,-0.00424115,-0.92418055,0.01877507,1.61303697,39.50062634,14.27381290,1.61303697
102,48.06000000,39.48045883,14.86756729,1.61270610,map,37.56663180,126.97844700,0,39.49050503,14.62792127,0.06000000,0.06000000,3.99529863,0.00025696,0.00046520,0.00023109,-0.92113955,0.01489419,1.61270610,39.47736245,14.83052804,1.61270610
103,48.22000000,39.44507590,15.49874944,1.61251924,map,37.56663892,126.97844652,0,39.44838158,15.41883259,0.02000000,0.02000000,3.99736718,-0.00100539,-0.00220441,-0.00201926,-0.85736124,0.05576302,1.61251924,39.45077260,15.46685043,1.61251924
104,48.36000000,39.42128741,16.05788238,1.61295572,map,37.56663892,126.97844652,0,39.44838158,15.41883259,0.16000000,0.16000000,3.99534681,0.00241680,0.00515302,0.00511154,-0.88847388,0.02417836,1.61295572,39.42722081,16.02349046,1.61295572
105,48.52000000,39.40540134,16.69475544,1.61075327,map,37.56664610,126.97844625,0,39.42435690,16.21533577,0.12000000,0.12000000,3.99878298,-0.01729497,-0.03644923,-0.03791590,-0.97741323,-0.25321062,1.61075327,39.40164741,16.66046656,1.61075327
106,48.66000000,39.38432934,17.27319650,1.60288062,map,37.56665347,126.97844587,0,39.39074629,17.03353466,0.06000000,0.06000000,3.99479210,-0.03365761,-0.07124152,-0.07186492,-0.90007586,-0.34997371,1.60288062,39.38499371,17.21787864,1.60288062
107,48.82000000,39.36945496,17.89179712,1.58994365,map,37.56666049,126.97844564,0,39.37026697,17.81202363,0.02000000,0.02000000,3.98992637,-0.03919767,-0.08418192,-0.08368819,-0.76401446,-0.33671774,1.58994365,39.37460611,17.85453380,1.58994365
108,48.96000000,39.36756524,18.45006766,1.57810562,map,37.56666049,126.97844564,0,39.37026697,17.81202363,0.16000000,0.16000000,3.99236505,-0.03817501,-0.08355179,-0.08326821,-0.70238273,-0.24405813,1.57810562,39.37276366,18.41134941,1.57810562
109,49.12000000,39.38061355,19.08102749,1.56606410,map,37.56666760,126.97844569,0,39.37519922,18.60132797,0.12000000,0.12000000,3.99827334,-0.03104532,-0.06649383,-0.06530982,-0.78626516,-0.15931708,1.56606410,39.37773642,19.04879351,1.56606410
110,49.26000000,39.38622834,19.64351759,1.55804540,map,37.56667483,126.97844577,0,39.38204760,19.40391676,0.06000000,0.06000000,3.99275277,-0.02287772,-0.04895182,-0.04829083,-0.74024422,-0.14262416,1.55804540,39.38650069,19.60671881,1.55804540
111,49.42000000,39.40275368,20.28823478,1.55205196,map,37.56668208,126.97844598,0,39.40099716,20.20840110,0.02000000,0.02000000,3.99288082,-0.01380701,-0.02950104,-0.02953486,-0.63686110,-0.11928822,1.55205196,39.39955164,20.24430096,1.55205196
112,49.56000000,39.41577257,20.84685777,1.54876329,map,37.56668208,126.97844598,0,39.40099716,20.20840110,0.16000000,0.16000000,3.99089966,-0.00871787,-0.01858505,-0.01801900,-0.55273977,-0.09301689,1.54876329,39.41258907,20.80217236,1.54876329
113,49.72000000,39.43873671,21.45680332,1.54617500,map,37.56668901,126.97844627,0,39.42653565,20.97770105,0.12000000,0.12000000,3.99087258,-0.00679726,-0.01510417,-0.01472671,-0.50223844,-0.05182029,1.54617500,39.42874482,21.43937864,1.54617500
114,49.86000000,39.43524320,22.01623817,1.54483046,map,37.56669621,126.97844630,0,39.42884650,21.77710908,0.06000000,0.06000000,3.98858314,0.00045338,-0.00210176,-0.00128362,-0.10652041,-0.33729490,1.54483046,39.44360982,21.99702900,1.54483046
115,50.02000000,39.45000101,22.65418601,1.54672797,map,37.56670343,126.97844663,0,39.42884650,21.77710908,0.22000000,0.22000000,3.99045964,0.01234854,0.02637102,0.02748574,-0.46503541,0.17780341,1.54672797,39.45899859,22.63472577,1.54672797
116,50.18000000,39.46741198,23.21637374,1.55444555,map,37.56670343,126.97844663,0,39.45843740,22.57821127,0.16000000,0.16000000,3.98076691,0.03172783,0.06764351,0.06833499,-0.33048434,0.37797789,1.55444555,39.46866234,23.27214997,1.55444555
117,50.32000000,39.46448866,23.85778682,1.56581526,map,37.56671065,126.97844670,0,39.46404611,23.37954840,0.12000000,0.12000000,3.98528414,0.04303891,0.09176111,0.09269482,-0.28415819,0.44962066,1.56581526,39.46943405,23.82982741,1.56581526
118,50.46000000,39.45270176,24.40313320,1.58107588,map,37.56671772,126.97844663,0,39.45766241,24.16404175,0.06000000,0.06000000,3.98413375,0.05990293,0.12752472,0.12924465,0.03094974,0.67727309,1.58107589,39.46099299,24.38740585,1.58107589
119,50.62000000,39.43354107,25.03545380,1.60692659,map,37.56672485,126.97844640,0,39.43811583,24.95574230,0.02000000,0.02000000,3.98887406,0.09030502,0.19313451,0.19506482,0.14784882,0.96469918,1.60692659,39.43458070,25.02429647,1.60692659
120,50.76000000,39.39129565,25.59290967,1.63716308,map,37.56672485,126.97844640,0,39.43811583,24.95574230,0.16000000,0.16000000,4.01222652,0.11095079,0.23805734,0.23982133,-0.14202891,1.11428168,1.63716308,39.39204223,25.58235284,1.63716308
121,50.92000000,39.30815200,26.22320085,1.68068260,map,37.56673197,126.97844561,0,39.36797516,25.74635815,0.12000000,0.12000000,3.99467701,0.14151945,0.30367875,0.30563752,-0.20752606,1.37984162,1.68068260,39.31590682,26.21916797,1.68068260
122,51.06000000,39.22270455,26.78310393,1.72775885,map,37.56673918,126.97844447,0,39.26759714,26.54610545,0.06000000,0.06000000,4.03625604,0.17360211,0.37256397,0.37593623,-0.36444968,1.85613347,1.72775885,39.21989664,26.77214670,1.72775885
123,51.22000000,39.06297281,27.39522933,1.79459581,map,37.56674613,126.97844240,0,39.08444378,27.31787517,0.02000000,0.02000000,3.99468090,0.20680786,0.44381514,0.44520974,-0.23912630,1.91257042,1.79459581,39.06802871,27.39821452,1.79459581
124,51.36000000,38.89329511,27.92680415,1.85858951,map,37.56674613,126.97844240,0,39.08444378,27.31787517,0.16000000,0.16000000,3.97720819,0.21621643,0.46395953,0.46431064,0.04440934,1.86835086,1.85858951,38.89826838,27.92952266,1.85858951
125,51.52000000,38.65791083,28.52165455,1.93381407,map,37.56675296,126.97843965,0,38.84117480,28.07504132,0.12000000,0.12000000,4.01974360,0.22017820,0.47250426,0.47266612,-0.16588542,1.89561332,1.93381407,38.65993270,28.52590597,1.93381407
126,51.66000000,38.42213003,29.04432641,1.99951118,map,37.56675977,126.97843613,0,38.53025570,28.83118845,0.06000000,0.06000000,3.97495595,0.21931544,0.47064612,0.47088993,0.01184146,1.86645247,1.99951118,38.41645940,29.02884274,1.99951118
127,51.82000000,38.09318233,29.58578778,2.07637049,map,37.56676595,126.97843166,0,38.13578917,29.51740147,0.02000000,0.02000000,4.02270705,0.22817529,0.49100280,0.49194823,-0.02598041,2.06571500,2.07637049,38.09589572,29.58483498,2.07637049
128,51.96000000,37.77760323,30.04895606,2.14609783,map,37.56676595,126.97843166,0,38.13578917,29.51740147,0.16000000,0.16000000,3.97120278,0.23489931,0.50404406,0.50464146,-0.01674194,2.09760953,2.14609783,37.78023000,30.04778718,2.14609783
129,52.12000000,37.38404983,30.52677269,2.22958656,map,37.56677171,126.97842660,0,37.68834228,30.15672526,0.12000000,0.12000000,3.99898671,0.25130489,0.53927926,0.54112740,0.88737815,2.33513881,2.22958656,37.37999284,30.54495492,2.22958656
130,52.26000000,36.97938933,30.95388326,2.30691919,map,37.56677736,126.97842050,0,37.14972484,30.78302794,0.06000000,0.06000000,4.01929265,0.26015502,0.55940091,0.55819246,-1.59245212,2.15314831,2.30691919,36.99161620,30.95231787,2.30691919
131,52.42000000,36.51787254,31.38625916,2.39584934,map,37.56678234,126.97841405,0,36.57954598,31.33575964,0.02000000,0.02000000,3.97695590,0.25956330,0.55697553,0.55690166,-0.15185547,2.22842767,2.39584934,36.51436328,31.37513393,2.39584934
132,52.56000000,36.06703786,31.72281421,2.47457558,map,37.56678234,126.97841405,0,36.57954598,31.33575964,0.16000000,0.16000000,4.02423955,0.26281305,0.56400620,0.56412642,-0.15435946,2.27433542,2.47457558,36.06326206,31.71166869,2.47457558
133,52.72000000,35.51313778,32.05775578,2.56419971,map,37.56678660,126.97840662,0,35.92288996,31.80894393,0.12000000,0.12000000,3.97657865,0.25991917,0.55773891,0.55816311,-0.16465833,2.22499432,2.56419971,35.51977811,32.04990191,2.56419971
134,52.86000000,35.01442510,32.30577989,2.64121942,map,37.56679012,126.97839879,0,35.23150852,32.19999160,0.06000000,0.06000000,4.03469970,0.24952002,0.53548935,0.53383897,-0.35997894,1.91892050,2.64121942,35.02100674,32.30591877,2.64121942
135,53.02000000,34.43390738,32.55675932,2.72157975,map,37.56679308,126.97839060,0,34.50835419,32.52796051,0.02000000,0.02000000,3.98998368,0.22099614,0.47492353,0.47291933,-0.20369991,1.68388417,2.72157975,34.43024546,32.55631707,2.72157975
136,53.16000000,33.90588227,32.74083796,2.78450953,map,37.56679308,126.97839060,0,34.50835419,32.52796051,0.16000000,0.16000000,4.02843242,0.20202629,0.43362886,0.43250173,-1.13654299,1.20939951,2.78450953,33.90204046,32.74044364,2.78450953
137,53.28000000,33.42690123,32.88755611,2.83295960,map,37.56679552,126.97838185,0,33.73523732,32.79954777,0.08000000,0.08000000,3.99497867,0.17518272,0.37592493,0.37338801,-0.35992073,1.19584939,2.83295960,33.43981153,32.87597976,2.83295960
138,53.42000000,32.89310593,33.01480563,2.88000384,map,37.56679730,126.97837320,0,32.97074420,32.99673874,0.02000000,0.02000000,3.98877582,0.14032521,0.30137029,0.29815958,1.30115890,0.81024717,2.88000384,32.89750403,33.01151185,2.88000384
139,53.56000000,32.34451665,33.13470917,2.91344136,map,37.56679730,126.97837320,0,32.97074420,32.99673874,0.16000000,0.16000000,3.98416995,0.08535173,0.18315212,0.17911580,0.13476053,0.31994969,2.91344136,32.34893770,33.13167627,2.91344136
140,53.72000000,31.72680435,33.27015083,2.93486176,map,37.56679891,126.97836445,0,32.19728441,33.17518802,0.12000000,0.12000000,3.98731331,0.04911833,0.10540110,0.10400320,0.39718877,0.32446037,2.93486176,31.72192091,33.25928036,2.93486176
141,53.86000000,31.16024549,33.36052537,2.94798441,map,37.56680018,126.97835538,0,31.39643251,33.31611463,0.06000000,0.06000000,4.00309187,0.04564125,0.09794493,0.09930775,1.10881015,0.60295741,2.94798441,31.17110490,33.36471301,2.94798441
142,54.02000000,30.53476321,33.48929960,2.96674058,map,37.56680162,126.97834652,0,30.61351632,33.47650603,0.02000000,0.02000000,3.99841366,0.06013971,0.12905581,0.12924314,0.01187757,0.55594993,2.96674058,30.54161802,33.47335365,2.96674058
143,54.16000000,29.98046750,33.57304027,2.98557979,map,37.56680162,126.97834652,0,30.61351632,33.47650603,0.16000000,0.16000000,4.00489394,0.06582151,0.14124942,0.14181726,0.03748487,0.63989138,2.98557979,29.98728588,33.55704084,2.98557979
144,54.32000000,29.34195464,33.62683571,3.01069467,map,37.56680245,126.97833751,0,29.81724480,33.56850066,0.12000000,0.12000000,3.98753466,0.07963273,0.17088111,0.17194832,0.14140384,0.79661645,3.01069467,29.35333088,33.63699087,3.01069467
145,54.46000000,28.77603764,33.69408902,3.03595036,map,37.56680339,126.97832843,0,29.01544361,33.67253400,0.06000000,0.06000000,4.00792309,0.08412988,0.18053936,0.17943854,-0.15954264,0.58900844,3.03595036,28.79512990,33.69148432,3.03595036
146,54.62000000,28.16786152,33.72288186,3.06115549,map,37.56680380,126.97831974,0,28.24769352,33.71762327,0.02000000,0.02000000,4.00159492,0.06233644,0.13377075,0.13221153,-0.14422939,0.39335023,3.06115549,28.15712916,33.73875622,3.06115549
147,54.76000000,27.60865013,33.75648657,3.07584623,map,37.56680380,126.97831974,0,28.24769352,33.71762327,0.16000000,0.16000000,4.01024435,0.03774057,0.08097872,0.07969701,-0.25264128,0.16633304,3.07584623,27.59787967,33.77245680,3.07584623
148,54.92000000,26.97043755,33.80663207,3.08402537,map,37.56680436,126.97831070,0,27.44951187,33.78049362,0.12000000,0.12000000,4.00911103,0.01292889,0.02774515,0.02689857,-0.08131271,0.01871384,3.08402537,26.95852800,33.80762780,3.08402537
149,55.06000000,26.40061031,33.82703851,3.08604316,map,37.56680466,126.97830154,0,26.64017122,33.81392393,0.06000000,0.06000000,4.00103734,-0.00014106,-0.00030255,-0.00191525,0.62172510,-0.13731677,3.08604316,26.39916403,33.83817010,3.08604316
150,55.22000000,25.75666686,33.85767857,3.08353224,map,37.56680501,126.97829245,0,25.83658381,33.85278026,0.02000000,0.02000000,4.00376192,-0.01525471,-0.03274329,-0.03407653,-0.07378131,-0.26644440,3.08353224,25.75956449,33.87545932,3.08353224
151,55.36000000,25.19742252,33.89408554,3.07843378,map,37.56680501,126.97829245,0,25.83658381,33.85278026,0.16000000,0.16000000,3.99697959,-0.01288451,-0.02764637,-0.02601032,0.15457595,0.03885838,3.07843378,25.20033078,33.91184391,3.07843378
152,55.52000000,24.58082775,33.94049221,3.07851530,map,37.56680553,126.97828365,0,25.05954502,33.91014658,0.12000000,0.12000000,3.98507394,0.01205854,0.02588022,0.02729459,0.16037102,0.25133346,3.07851530,24.56233959,33.95259559,3.07851530
153,55.66000000,24.00744111,33.98705656,3.08434180,map,37.56680611,126.97827446,0,24.24751456,33.97427465,0.06000000,0.06000000,3.99992482,0.02357359,0.05093507,0.05111917,0.06865489,0.25508188,3.08434180,24.00380284,33.98365745,3.08434180
154,55.82000000,23.35435967,34.01878512,3.09357058,map,37.56680648,126.97826525,0,23.43417955,34.01546813,0.02000000,0.02000000,3.99553573,0.02907548,0.06239338,0.06276270,0.00815528,0.26414254,3.09357058,23.36458190,34.01311058,3.09357058
155,55.96000000,22.79476309,34.03783499,3.10460409,map,37.56680648,126.97826525,0,23.43417955,34.01546813,0.16000000,0.16000000,4.01225239,0.04712628,0.10113216,0.10323886,-0.24050009,0.61710293,3.10460409,22.80500774,34.03199552,3.10460409
156,56.12000000,22.15950452,34.03120296,3.12775257,map,37.56680660,126.97825626,0,22.63938881,34.02831058,0.12000000,0.12000000,4.00119737,0.08508339,0.18258315,0.18455262,-0.21123905,0.92974986,3.12775257,22.16515631,34.03812166,3.12775257
157,56.26000000,21.59791022,34.00984217,-3.12348187,map,37.56680651,126.97824718,0,21.83692926,34.01929159,0.06000000,0.06000000,3.99829691,0.12931341,0.27749596,0.28119531,1.04966966,1.47677564,-3.12348187,21.60710092,34.02259543,-3.12348187
158,56.42000000,20.97250375,33.98151049,-3.06894647,map,37.56680626,126.97823829,0,21.05195618,33.99059614,0.02000000,0.02000000,3.99834046,0.18373894,0.39428857,0.39792184,-0.39609216,1.90659245,-3.06894646,20.96809579,33.96905561,-3.06894646
159,56.56000000,20.42063419,33.89611550,-3.00736570,map,37.56680626,126.97823829,0,21.05195618,33.99059614,0.16000000,0.16000000,3.96171606,0.22252252,0.47747768,0.47954451,-1.76250250,2.15147844,-3.00736570,20.41657440,33.88340597,-3.00736570
160,56.72000000,19.78662219,33.74410966,-2.92331789,map,37.56680510,126.97822925,0,20.25372865,33.86211883,0.12000000,0.12000000,4.00805609,0.25922438,0.55628557,0.55751489,-0.25616030,2.35981950,-2.92331789,19.79415455,33.73322891,-2.92331789
161,56.86000000,19.25248207,33.54611746,-2.84417633,map,37.56680298,126.97822047,0,19.47732727,33.62740384,0.06000000,0.06000000,3.97146192,0.26579445,0.57069837,0.57114237,-0.03503101,2.35273587,-2.84417633,19.26494503,33.55550517,-2.84417633
162,57.02000000,18.68366325,33.30844027,-2.75160950,map,37.56680043,126.97821231,0,18.75631296,33.34366799,0.02000000,0.02000000,4.02781124,0.27140597,0.58430181,0.58579116,-0.22012777,2.34940927,-2.75160950,18.67627689,33.29887491,-2.75160950
163,57.16000000,18.19168101,33.04093900,-2.67053066,map,37.56680043,126.97821231,0,18.75631296,33.34366799,0.16000000,0.16000000,3.97266243,0.26889359,0.57699334,0.57698364,-0.18415104,2.29216292,-2.67053066,18.18489363,33.03150431,-2.67053066
164,57.28000000,17.77396789,32.75253839,-2.60169162,map,37.56679669,126.97820420,0,18.04040845,32.92865499,0.08000000,0.08000000,3.98187910,0.26525920,0.56920336,0.56804853,-0.62048414,2.17065548,-2.60169162,17.78270760,32.77205618,-2.60169162
165,57.42000000,17.33063849,32.42348117,-2.52248668,map,37.56679259,126.97819688,0,17.39346095,32.47414972,0.02000000,0.02000000,4.00795092,0.26085523,0.55979236,0.55923201,-0.32010550,2.17744548,-2.52248668,17.33389897,32.43393482,-2.52248668
166,57.56000000,16.91100505,32.05433072,-2.44599462,map,37.56679259,126.97819688,0,17.39346095,32.47414972,0.16000000,0.16000000,3.98716315,0.24947961,0.53535133,0.53491387,0.89932455,2.13474909,-2.44599462,16.91445272,32.06480214,-2.44599462
167,57.72000000,16.46885330,31.60287579,-2.36137641,map,37.56678788,126.97819016,0,16.80012069,31.95088966,0.12000000,0.12000000,4.02553759,0.24534058,0.52650940,0.52607935,-0.20154970,2.07059442,-2.36137641,16.46792243,31.60514294,-2.36137641
168,57.86000000,16.11106559,31.17724876,-2.29012948,map,37.56678260,126.97818407,0,16.26148225,31.36473198,0.06000000,0.06000000,3.98541112,0.22754924,0.48865753,0.48753868,-0.23165810,1.77605054,-2.29012948,16.10779731,31.17345902,-2.29012948
169,58.02000000,15.73184498,30.65852492,-2.21590643,map,37.56677683,126.97817858,0,15.77702434,30.72489976,0.02000000,0.02000000,4.02123066,0.20789197,0.44613931,0.44560841,0.88794217,1.74966648,-2.21590643,15.73318347,30.65665853,-2.21590643
170,58.16000000,15.43104607,30.18326691,-2.15531035,map,37.56677683,126.97817858,0,15.77702434,30.72489976,0.16000000,0.16000000,3.98337547,0.19690489,0.42252672,0.42217348,-0.08647335,1.65263106,-2.15531035,15.43260869,30.18162578,-2.15531035
171,58.32000000,15.12102562,29.62297920,-2.08827475,map,37.56677070,126.97817373,0,15.34806425,30.04477189,0.12000000,0.12000000,4.02076427,0.19513098,0.41875407,0.41857526,-0.11762325,1.63792766,-2.08827475,15.12533894,29.62159829,-2.08827475
172,58.46000000,14.88282297,29.12342987,-2.03030567,map,37.56676438,126.97816958,0,14.98188832,29.34284365,0.06000000,0.06000000,3.98279447,0.19093958,0.40972605,0.40977235,-0.03481451,1.63593550,-2.03030567,14.88567575,29.11276890,-2.03030567
173,58.62000000,14.64577381,28.51771074,-1.96396452,map,37.56675763,126.97816609,0,14.67320328,28.59320247,0.02000000,0.02000000,4.01957610,0.19736605,0.42354992,0.42433829,-0.02066063,1.74584067,-1.96396452,14.65003356,28.51914539,-1.96396452
174,58.76000000,14.47224844,27.98227602,-1.90374006,map,37.56675763,126.97816609,0,14.67320328,28.59320247,0.16000000,0.16000000,3.98289755,0.20061892,0.43118952,0.43125740,-0.49159146,1.67060579,-1.90374006,14.47674289,27.98396310,-1.90374006
175,58.92000000,14.31846027,27.36783423,-1.83463361,map,37.56675077,126.97816336,0,14.43191983,27.83287477,0.12000000,0.12000000,4.01071717,0.20205831,0.43361176,0.43414401,1.06224890,1.77359211,-1.83463361,14.32026236,27.36536317,-1.83463361
176,59.06000000,14.20875973,26.82989885,-1.77438599,map,37.56674388,126.97816128,0,14.24884121,27.06791175,0.06000000,0.06000000,4.01705941,0.19785378,0.42455923,0.42345755,-3.80333171,1.47071521,-1.77438599,14.21747487,26.81159620,-1.77438599
177,59.22000000,14.14056096,26.19435985,-1.70941301,map,37.56673673,126.97816015,0,14.14828200,26.27385741,0.02000000,0.02000000,3.99521802,0.18039922,0.38711919,0.38534659,-0.03188755,1.36089678,-1.70941301,14.13914928,26.17812954,-1.70941301
178,59.36000000,14.10078042,25.63360662,-1.65921955,map,37.56673673,126.97816015,0,14.14828200,26.27385741,0.16000000,0.16000000,4.02492644,0.15107466,0.32442241,0.32160928,-0.42017598,0.97354002,-1.65921955,14.09930357,25.61748031,-1.65921955
179,59.52000000,14.06986477,24.98320880,-1.61628554,map,37.56672941,126.97815942,0,14.08418028,25.46173530,0.12000000,0.12000000,4.00642789,0.10449207,0.22423372,0.22156141,-0.24619743,0.65438804,-1.61628554,14.07743997,24.97854137,-1.61628554
180,59.66000000,14.06335192,24.41239278,-1.58906485,map,37.56672212,126.97815919,0,14.06390914,24.65270373,0.06000000,0.06000000,4.01738551,0.08047390,0.17269603,0.17088693,-0.19163490,0.54671937,-1.58906485,14.07263888,24.41808279,-1.58906485
181,59.82000000,14.08250070,23.78213577,-1.56456303,map,37.56671500,126.97815938,0,14.08080892,23.86206651,0.02000000,0.02000000,3.99638566,0.06439985,0.13819465,0.13752616,-0.07311947,0.45314211,-1.56456303,14.08052969,23.77853848,-1.56456303
182,59.96000000,14.09925691,23.22186606,-1.54708970,map,37.56671500,126.97815938,0,14.08080892,23.86206651,0.16000000,0.16000000,4.00967366,0.05317454,0.11410991,0.11341046,-0.09997067,0.39864686,-1.54708970,14.09725246,23.21861315,-1.54708970
183,60.12000000,14.10742312,22.57571187,-1.53052477,map,37.56670772,126.97815943,0,14.08529386,23.05467199,0.12000000,0.12000000,3.99635133,0.04476635,0.09606309,0.09569876,-0.03203895,0.34085436,-1.53052477,14.12560271,22.57932076,-1.53052477
184,60.26000000,14.15723829,22.02772227,-1.51794156,map,37.56670063,126.97816008,0,14.14273018,22.26745593,0.06000000,0.06000000,4.00333896,0.03922460,0.08417227,0.08360073,-0.06515060,0.30217842,-1.51794156,14.15763024,22.02006547,-1.51794156
185,60.42000000,14.21340628,21.38460260,-1.50619766,map,37.56669339,126.97816082,0,14.20769910,21.46437387,0.02000000,0.02000000,3.99896744,0.02818084,0.06047260,0.05930639,-0.08538687,0.14898552,-1.50619766,14.20088942,21.38144151,-1.50619766
186,60.56000000,14.25423684,20.82607017,-1.50051284,map,37.56669339,126.97816082,0,14.20769910,21.46437387,0.16000000,0.16000000,3.98947178,0.00709598,0.01522631,0.01269927,0.24021807,-0.25331026,-1.50051284,14.24156002,20.82311856,-1.50051284
187,60.72000000,14.28014950,20.18768357,-1.50308743,map,37.56668621,126.97816128,0,14.24805276,20.66708043,0.12000000,0.12000000,3.99472920,-0.01531344,-0.03286176,-0.03313701,0.03088941,-0.15200926,-1.50308743,14.28488646,20.18439271,-1.50308743
188,60.86000000,14.32170498,19.60337303,-1.50745932,map,37.56667878,126.97816194,0,14.30716886,19.84282667,0.06000000,0.06000000,4.00370037,-0.00904229,-0.01940323,-0.01743872,-0.17122625,0.11017054,-1.50745932,14.31944132,19.62519344,-1.50745932
189,61.02000000,14.36040801,18.99794509,-1.50034686,map,37.56667189,126.97816247,0,14.35385377,19.07765596,0.02000000,0.02000000,4.01717403,0.06093731,0.13075148,0.13789327,1.04354557,1.28237818,-1.50034686,14.36419969,18.98706050,-1.50034686
190,61.16000000,14.42227109,18.44411038,-1.46735952,map,37.56667189,126.97816247,0,14.35385377,19.07765596,0.16000000,0.16000000,3.99517279,0.15131247,0.32470268,0.32968617,1.05688969,1.82846779,-1.46735952,14.42662926,18.43375467,-1.46735952
191,61.32000000,14.54236166,17.81107878,-1.40329700,map,37.56666472,126.97816358,0,14.45187355,18.28226522,0.12000000,0.12000000,3.99277922,0.21116106,0.45364233,0.45620259,-0.31714438,2.08147248,-1.40329699,14.54166535,17.80398060,-1.40329699
192,61.46000000,14.68179607,17.28428260,-1.33292659,map,37.56665778,126.97816543,0,14.61546652,17.51134856,0.06000000,0.06000000,3.95111346,0.25927388,0.55632059,0.56213022,0.51014531,2.78457026,-1.33292659,14.68460347,17.26827120,-1.33292659
193,61.62000000,14.92291660,16.65829137,-1.22989799,map,37.56665075,126.97816855,0,14.89051607,16.73174270,0.02000000,0.02000000,3.99248789,0.33025766,0.71008562,0.71325855,-0.47401010,3.13823626,-1.22989799,14.91184187,16.66963625,-1.22989799
194,61.76000000,15.18257424,16.16021331,-1.12340793,map,37.56665075,126.97816855,0,14.89051607,16.73174270,0.16000000,0.16000000,3.94964651,0.36684376,0.78874310,0.79042920,-0.29853603,3.47779461,-1.12340793,15.17168537,16.17197428,-1.12340793
195,61.92000000,15.54408353,15.62285885,-0.99065091,map,37.56664426,126.97817277,0,15.26333311,16.01056506,0.12000000,0.12000000,4.00701398,0.40103996,0.86061392,0.86209315,0.69910567,3.65869661,-0.99065091,15.53727086,15.64945825,-0.99065091
196,62.06000000,15.91769285,15.21985360,-0.86862296,map,37.56663870,126.97817824,0,15.74713341,15.39359216,0.06000000,0.06000000,4.02756311,0.40273433,0.86612018,0.86471482,-1.95017358,4.26019070,-0.86862296,15.92053800,15.23120481,-0.86862296
197,62.22000000,16.41307087,14.82595187,-0.73471054,map,37.56663401,126.97818506,0,16.34947955,14.87397168,0.02000000,0.02000000,3.97739536,0.38344524,0.82268952,0.82317616,0.80797438,3.31951389,-0.73471054,16.40746932,14.81849324,-0.73471054
198,62.36000000,16.88604967,14.51573992,-0.61827067,map,37.56663401,126.97818506,0,16.34947955,14.87397168,0.16000000,0.16000000,3.98282448,0.38419783,0.82542949,0.82322162,-1.86693525,3.12434052,-0.61827067,16.88034013,14.50861403,-0.61827067
199,62.52000000,17.44903451,14.22713717,-0.48787725,map,37.56663002,126.97819262,0,17.01731370,14.43099067,0.12000000,0.12000000,3.98334787,0.37579851,0.80652221,0.80585457,0.90996153,3.17478891,-0.48787725,17.45160537,14.22774708,-0.48787725
200,62.66000000,17.99302354,14.04320882,-0.37740003,map,37.56662720,126.97820105,0,17.76157146,14.11762619,0.06000000,0.06000000,4.04827758,0.35700617,0.76619338,0.76400202,-0.44624242,2.95814454,-0.37740003,17.98510626,14.03864684,-0.37740003
201,62.82000000,18.61521624,13.86667767,-0.26493232,map,37.56662508,126.97820982,0,18.53680404,13.88210961,0.02000000,0.02000000,3.98766289,0.30710282,0.65918282,0.65766715,-0.29111476,2.41951990,-0.26493232,18.60730555,13.88795665,-0.26493232
202,62.96000000,19.17265980,13.78518128,-0.17517031,map,37.56662508,126.97820982,0,18.53680404,13.88210961,0.16000000,0.16000000,4.03779099,0.29148432,0.62556400,0.62441752,-0.38179756,2.36036750,-0.17517031,19.16505332,13.80649464,-0.17517031
203,63.12000000,19.81232074,13.76328597,-0.07999610,map,37.56662421,126.97821883,0,19.33238292,13.78553816,0.12000000,0.12000000,3.97815384,0.26524504,0.56917079,0.56805302,-0.22403676,2.14129856,-0.07999610,19.80607843,13.76956791,-0.07999610
204,63.26000000,20.38303158,13.78422909,-0.00316818,map,37.56662410,126.97822798,0,20.14129097,13.77386070,0.06000000,0.06000000,4.03327560,0.24543191,0.52671645,0.52382129,-0.07403766,1.75024646,-0.00316818,20.36713600,13.78253160,-0.00316818
205,63.42000000,21.00555402,13.84380652,0.06568325,map,37.56662466,126.97823686,0,20.92581363,13.83569521,0.02000000,0.02000000,4.00677613,0.14800444,0.31761037,0.30764536,1.09341810,0.23909989,0.06568325,21.00642038,13.83664170,0.06568325
206,63.56000000,21.56214779,13.90208180,0.09201163,map,37.56662466,126.97823686,0,20.92581363,13.83569521,0.16000000,0.16000000,3.99824133,0.04053899,0.08699283,0.08011456,1.08494031,-0.40812866,0.09201163,21.56303831,13.89442981,0.09201163
207,63.72000000,22.19790094,13.96344152,0.09099426,map,37.56662542,126.97824585,0,21.72006764,13.91977453,0.12000000,0.12000000,4.00504292,-0.03524966,-0.07564436,-0.08135021,1.07219285,-0.88937987,0.09099426,22.20081238,13.95380604,0.09099426
208,63.86000000,22.76335023,13.99513012,0.06891857,map,37.56662598,126.97825497,0,22.52525161,13.98253753,0.06000000,0.06000000,3.95792867,-0.11010768,-0.23626652,-0.24664445,0.96903093,-2.04261527,0.06891857,22.75933183,13.98922280,0.06891857
209,64.02000000,23.41086569,13.98843190,0.00838084,map,37.56662607,126.97826409,0,23.33114083,13.99171845,0.02000000,0.02000000,3.98695120,-0.22126705,-0.47480601,-0.47963645,0.44823826,-2.39723068,0.00838084,23.39868558,13.98754787,0.00838084
210,64.16000000,23.96476991,13.93920376,-0.06513296,map,37.56662607,126.97826409,0,23.33114083,13.99171845,0.16000000,0.16000000,3.96322674,-0.26058280,-0.55898048,-0.56101287,0.10334015,-2.41234192,-0.06513296,23.95177776,13.93796829,-0.06513296
211,64.32000000,24.58061936,13.83372912,-0.15975899,map,37.56662547,126.97827289,0,24.10847355,13.92590659,0.12000000,0.12000000,4.02192014,-0.28880914,-0.61978734,-0.62143039,-0.01046108,-2.67504448,-0.15975899,24.58189245,13.82268562,-0.15975899
212,64.46000000,25.11951033,13.65614768,-0.25041816,map,37.56662369,126.97828176,0,24.89271500,13.72832193,0.06000000,0.06000000,3.95252340,-0.31329932,-0.67224849,-0.67407116,-0.07568045,-2.80761839,-0.25041816,25.11846719,13.66819476,-0.25041816
213,64.62000000,25.70531995,13.42023686,-0.36163328,map,37.56662122,126.97829013,0,25.63206010,13.45440440,0.02000000,0.02000000,4.03220293,-0.33127492,-0.71093910,-0.71113914,-0.23925586,-2.90370412,-0.36163328,25.71107574,13.42662251,-0.36163328
214,64.76000000,26.20212950,13.15301871,-0.46101266,map,37.56662122,126.97829013,0,25.63206010,13.45440440,0.16000000,0.16000000,3.97209418,-0.32771520,-0.70320966,-0.70304805,-0.20291125,-2.82694375,-0.46101266,26.20733854,13.15947318,-0.46101266
215,64.92000000,26.73795559,12.78093556,-0.57451993,map,37.56661765,126.97829822,0,26.34624297,13.05744246,0.12000000,0.12000000,4.03161640,-0.33758449,-0.72447977,-0.72627493,-0.29182873,-2.98683896,-0.57451993,26.73444785,12.79826025,-0.57451993
216,65.06000000,27.16113784,12.42667802,-0.67703472,map,37.56661344,126.97830542,0,26.98228262,12.58995060,0.06000000,0.06000000,3.99053966,-0.34007991,-0.72977139,-0.72853126,-2.03322703,-2.74637678,-0.67703471,27.16313389,12.42943308,-0.67703471
217,65.22000000,27.59417827,11.95521552,-0.79365291,map,37.56660827,126.97831176,0,27.54260544,12.01654744,0.02000000,0.02000000,4.00360694,-0.34222606,-0.73594198,-0.73694129,0.89541180,-3.04233003,-0.79365291,27.59769953,11.96288606,-0.79365291
218,65.36000000,27.93231561,11.50100804,-0.89740270,map,37.56660827,126.97831176,0,27.54260544,12.01654744,0.16000000,0.16000000,4.01774789,-0.34396795,-0.73815802,-0.73688888,-2.03436058,-2.78830373,-0.89740270,27.93558636,11.50869424,-0.89740270
219,65.52000000,28.27001827,10.96423093,-1.01380256,map,37.56660253,126.97831733,0,28.03453585,11.37983226,0.12000000,0.12000000,3.96872135,-0.33734824,-0.72580301,-0.73437165,-0.72100337,1.75662784,-1.01380256,28.25766766,10.95859521,-1.01380256
220,65.66000000,28.48297403,10.44021067,-1.11604064,map,37.56659609,126.97832135,0,28.38999210,10.66479072,0.06000000,0.06000000,4.03545557,-0.33972714,-0.72799469,-0.72660151,-2.72444461,-0.67769110,-1.11604064,28.48837591,10.44340201,-1.11604064
221,65.82000000,28.67910190,9.82988922,-1.23122709,map,37.56658927,126.97832438,0,28.65802423,9.90794379,0.02000000,0.02000000,4.02049817,-0.33434292,-0.71763609,-0.71577040,-1.79498446,-2.71743510,-1.23122709,28.68679671,9.83088661,-1.23122709
222,65.96000000,28.79418708,9.28347057,-1.32991066,map,37.56658927,126.97832438,0,28.65802423,9.90794379,0.16000000,0.16000000,3.96998298,-0.32517520,-0.69898518,-0.69845221,-0.15523688,-2.66646579,-1.32991066,28.80169506,9.28470480,-1.32991066
223,66.12000000,28.85499342,8.63257937,-1.43889948,map,37.56658213,126.97832610,0,28.80976363,9.11528130,0.12000000,0.12000000,4.01775580,-0.30041700,-0.64471583,-0.63976032,-0.58868832,-2.07382126,-1.43889948,28.87006893,8.64403319,-1.43889948
224,66.26000000,28.88685922,8.08109763,-1.51874409,map,37.56657496,126.97832696,0,28.88563491,8.31997857,0.06000000,0.06000000,3.97280165,-0.23692565,-0.50858313,-0.50598357,0.19043690,-1.70731817,-1.51874409,28.88317368,8.08569857,-1.51874409
225,66.42000000,28.86242671,7.42710099,-1.58498179,map,37.56656764,126.97832674,0,28.86637958,7.50746040,0.02000000,0.02000000,4.00891817,-0.14601052,-0.31333264,-0.30724634,-0.58741465,-0.64761749,-1.58498179,28.86259052,7.44307526,-1.58498179
226,66.56000000,28.83082509,6.86754063,-1.61442696,map,37.56656764,126.97832674,0,28.86637958,7.50746040,0.16000000,0.16000000,3.95653743,-0.05695381,-0.12220640,-0.11669693,0.63175415,0.13611840,-1.61442696,28.83141011,6.88318429,-1.61442696
227,66.72000000,28.79055733,6.23442505,-1.61937305,map,37.56656049,126.97832616,0,28.81477859,6.71319402,0.12000000,0.12000000,3.98002091,0.01124649,0.02413372,0.02648713,0.24590901,0.33603896,-1.61937305,28.79849504,6.24634588,-1.61937305
228,66.86000000,28.77668148,5.66649697,-1.61179843,map,37.56655322,126.97832582,0,28.78521077,5.90683695,0.06000000,0.06000000,3.99528966,0.03332374,0.07150837,0.07257552,0.09208585,0.37323719,-1.61179843,28.77667386,5.68668825,-1.61179843
229,67.02000000,28.75129821,5.04302245,-1.59875078,map,37.56654616,126.97832546,0,28.75280003,5.12289957,0.02000000,0.02000000,3.99454173,0.04023583,0.08634134,0.08638620,0.00426084,0.35767517,-1.59875078,28.76061260,5.04723586,-1.59875078
230,67.16000000,28.74451624,4.48326761,-1.58696185,map,37.56654616,126.97832546,0,28.75280003,5.12289957,0.16000000,0.16000000,4.00578837,0.03749687,0.08046518,0.08030419,-0.04289755,0.30348528,-1.58696185,28.75382590,4.48735403,-1.58696185
231,67.32000000,28.75498052,3.85974793,-1.57550968,map,37.56653910,126.97832548,0,28.75524158,4.33953949,0.12000000,0.12000000,4.00150907,0.02866355,0.06150869,0.06096908,-0.07006935,0.17012073,-1.57550968,28.75266791,3.84738172,-1.57550968
232,67.46000000,28.75039537,3.29496904,-1.56877726,map,37.56653185,126.97832541,0,28.74902152,3.53473310,0.06000000,0.06000000,3.99566471,0.01722966,0.03697192,0.03628703,1.68374069,0.04831150,-1.56877727,28.75522943,3.28759427,-1.56877727
233,67.62000000,28.76269545,2.66119391,-1.56450961,map,37.56652470,126.97832556,0,28.76203521,2.74113960,0.02000000,0.02000000,3.99890225,0.00768371,0.01648717,0.01567094,-0.06773914,-0.00670012,-1.56450961,28.76005875,2.64745093,-1.56450961
234,67.76000000,28.76720377,2.10115017,-1.56334529,map,37.56652470,126.97832556,0,28.76203521,2.74113960,0.16000000,0.16000000,3.99844255,0.00179291,0.00384641,0.00376674,0.01773901,0.00422330,-1.56334529,28.76452785,2.08738434,-1.56334529
235,67.88000000,28.76556250,1.58727522,-1.56314915,map,37.56651718,126.97832557,0,28.76308020,1.90731384,0.08000000,0.08000000,4.00033665,-0.00031612,-0.00067755,-0.00074404,0.00939901,-0.01566907,-1.56314915,28.76826466,1.60733722,-1.56314915
236,68.02000000,28.77551954,1.05203589,-1.56358171,map,37.56651020,126.97832571,0,28.77498388,1.13203321,0.02000000,0.02000000,4.00012815,-0.00259415,-0.00556599,-0.00557894,0.04318450,-0.04397708,-1.56358171,28.77225317,1.04734023,-1.56358171
237,68.16000000,28.77875145,0.49211850,-1.56475676,map,37.56651020,126.97832571,0,28.77498388,1.13203321,0.16000000,0.16000000,4.00092265,-0.00519160,-0.01113973,-0.01121799,-0.00559151,-0.04448815,-1.56475676,28.77545223,0.48740867,-1.56475676
238,68.32000000,28.77286422,-0.15645070,-1.56824155,map,37.56650292,126.97832567,0,28.77206892,0.32376210,0.12000000,0.12000000,4.00606765,-0.01971154,-0.04229912,-0.04500066,-0.24268663,-0.44122591,-1.56824156,28.77684279,-0.15292347,-1.56824156
239,68.46000000,28.77892209,-0.71086814,-1.58088106,map,37.56649576,126.97832580,0,28.78366686,-0.47082785,0.06000000,0.06000000,4.01303842,-0.06195785,-0.13296116,-0.13479721,-0.03820695,-0.71537158,-1.58088106,28.76945495,-0.71229464,-1.58088106
240,68.62000000,28.73694603,-1.34467572,-1.61717525,map,37.56648860,126.97832535,0,28.74331296,-1.26475398,0.02000000,0.02000000,4.00616463,-0.15420789,-0.33095768,-0.33670893,-1.76346381,-2.10394673,-1.61717525,28.73609307,-1.35087510,-1.61717525
241,68.76000000,28.66760869,-1.89685665,-1.67804262,map,37.56648860,126.97832535,0,28.74331296,-1.26475398,0.16000000,0.16000000,4.00497442,-0.23941319,-0.51376716,-0.51822820,0.01786901,-2.49075551,-1.67804262,28.66620327,-1.90282432,-1.67804262
242,68.92000000,28.52257888,-2.51357848,-1.76856272,map,37.56648158,126.97832409,0,28.63223697,-2.04395472,0.12000000,0.12000000,4.01536149,-0.27760773,-0.59574504,-0.59619350,-0.15778456,-2.51117032,-1.76856272,28.52759699,-2.53016300,-1.76856272
243,69.06000000,28.34937688,-3.06266122,-1.85042107,map,37.56647444,126.97832176,0,28.42669719,-2.83697555,0.06000000,0.06000000,3.98027342,-0.25737046,-0.55237676,-0.54795178,-0.47985968,-1.62755199,-1.85042107,28.35838498,-3.06244248,-1.85042107
244,69.22000000,28.13278809,-3.65363044,-1.92504532,map,37.56646775,126.97831879,0,28.16393755,-3.57965947,0.02000000,0.02000000,4.02334644,-0.19417049,-0.41669387,-0.41700482,0.97384622,-1.63195700,-1.92504532,28.12523421,-3.65726210,-1.92504532
245,69.36000000,27.89843773,-4.16311044,-1.98285285,map,37.56646775,126.97831879,0,28.16393755,-3.57965947,0.16000000,0.16000000,3.97827224,-0.19351030,-0.41523762,-0.41624664,-0.03469368,-1.73509819,-1.98285285,27.89092367,-4.16630983,-1.98285285
246,69.52000000,27.58287391,-4.71029072,-2.04955725,map,37.56646136,126.97831484,0,27.81459464,-4.28864173,0.12000000,0.12000000,4.01684637,-0.18847447,-0.40484287,-0.40351384,-0.23122601,-1.48523881,-2.04955725,27.58700533,-4.73014525,-2.04955725
247,69.66000000,27.29938036,-5.19645054,-2.10146825,map,37.56645500,126.97831044,0,27.42638310,-4.99465295,0.06000000,0.06000000,3.97900308,-0.16004170,-0.34404727,-0.34266682,1.01904622,-1.27427368,-2.10146825,27.29495471,-5.20782183,-2.10146825
248,69.82000000,26.92473708,-5.74297767,-2.15620734,map,37.56644884,126.97830529,0,26.97166506,-5.67764698,0.02000000,0.02000000,4.01691610,-0.16659264,-0.35750717,-0.35813196,-1.68102471,-1.50418110,-2.15620734,26.93403476,-5.73792826,-2.15620734
249,69.96000000,26.58354487,-6.18729121,-2.20873167,map,37.56644884,126.97830529,0,26.97166506,-5.67764698,0.16000000,0.16000000,3.98887269,-0.17940591,-0.38654552,-0.38770010,-0.09479744,-1.57302483,-2.20873167,26.59265302,-6.18219937,-2.20873167
250,70.12000000,26.17555441,-6.65465560,-2.27230922,map,37.56644328,126.97829988,0,26.49342659,-6.29500829,0.12000000,0.12000000,4.01869290,-0.18998397,-0.40881849,-0.40873468,-0.14073558,-1.68235751,-2.27230922,26.17296093,-6.66468572,-2.27230922
251,70.26000000,25.76605158,-7.07429331,-2.33023589,map,37.56643777,126.97829359,0,25.93728405,-6.90641450,0.06000000,0.06000000,3.98568901,-0.19442706,-0.41913127,-0.42001944,-0.13129452,-1.71671759,-2.33023589,25.77871065,-7.06433848,-2.33023589
252,70.42000000,25.30111181,-7.48869483,-2.39890651,map,37.56643299,126.97828708,0,25.36292513,-7.43703799,0.02000000,0.02000000,4.02028535,-0.20597425,-0.44334286,-0.44376769,-0.18237453,-1.84520107,-2.39890651,25.30120852,-7.48914219,-2.39890651
253,70.56000000,24.85665219,-7.83303669,-2.46196144,map,37.56643299,126.97828708,0,25.36292513,-7.43703799,0.16000000,0.16000000,3.98350695,-0.21257640,-0.45729731,-0.45830904,-0.17867774,-1.88868677,-2.46196144,24.85682314,-7.83322139,-2.46196144
254,70.72000000,24.33271684,-8.19350032,-2.53657645,map,37.56642854,126.97827996,0,24.73369798,-7.93153501,0.12000000,0.12000000,4.01486739,-0.21897238,-0.47672875,-0.47778160,-0.47032436,-1.82041712,-2.53657645,24.32523420,-8.18756066,-2.53657645
255,70.86000000,23.84180572,-8.46458253,-2.60293967,map,37.56642476,126.97827225,0,24.05235982,-8.35017924,0.06000000,0.06000000,4.01441856,-0.22170607,-0.47577895,-0.47651439,1.04411672,-1.96774648,-2.60293967,23.83843118,-8.46412966,-2.60293967
256,71.02000000,23.27211390,-8.75888390,-2.67900070,map,37.56642137,126.97826425,0,23.34533269,-8.72686038,0.02000000,0.02000000,3.97948720,-0.21892481,-0.46993043,-0.46948071,-0.13038450,-1.84790158,-2.67900070,23.25780409,-8.74121007,-2.67900070
257,71.16000000,22.75290708,-8.96337220,-2.74440571,map,37.56642137,126.97826425,0,23.34533269,-8.72686038,0.16000000,0.16000000,3.99711071,-0.21657135,-0.46474315,-0.46457854,1.10767941,-1.87273006,-2.74440571,22.73836971,-8.94564943,-2.74440571
258,71.32000000,22.12835566,-9.14447453,-2.81828573,map,37.56641888,126.97825570,0,22.59025034,-9.00285581,0.12000000,0.12000000,3.99656826,-0.21295374,-0.45697788,-0.45583863,-1.71665271,-1.71644641,-2.81828573,22.12469999,-9.13980241,-2.81828573
259,71.46000000,21.59089047,-9.27952598,-2.88187689,map,37.56641686,126.97824703,0,21.82427498,-9.22727765,0.06000000,0.06000000,3.98050948,-0.21118860,-0.45424440,-0.45412102,0.11666580,-1.84975262,-2.88187689,21.58254132,-9.27143468,-2.88187689
260,71.62000000,20.95478039,-9.39730184,-2.95522016,map,37.56641543,126.97823809,0,21.03449135,-9.38625675,0.02000000,0.02000000,4.01784707,-0.21405473,-0.45975940,-0.45918522,-1.68539839,-1.73283070,-2.95522016,20.94841223,-9.38010576,-2.95522016
261,71.76000000,20.39947250,-9.45381213,-3.01878924,map,37.56641543,126.97823809,0,21.03449135,-9.38625675,0.16000000,0.16000000,3.97943905,-0.21036078,-0.45182669,-0.45143372,0.14517735,-1.81355694,-3.01878924,20.39315479,-9.43651237,-3.01878924
262,71.92000000,19.75095936,-9.45927286,-3.09145170,map,37.56641488,126.97822903,0,20.23383528,-9.44730133,0.12000000,0.12000000,4.01937607,-0.21171506,-0.45443944,-0.45466084,-0.11287156,-1.79413170,-3.09145170,19.75061252,-9.45808054,-3.09145170
263,72.06000000,19.19327027,-9.44189645,3.12879045,map,37.56641482,126.97821995,0,19.43211090,-9.45429001,0.06000000,0.06000000,3.98237255,-0.20796906,-0.44627600,-0.44609911,0.28397576,-1.76983554,3.12879045,19.19213186,-9.43902728,3.12879045
264,72.22000000,18.54889094,-9.38604664,3.05907452,map,37.56641534,126.97821086,0,18.62877194,-9.39626496,0.02000000,0.02000000,4.01448217,-0.19460624,-0.41762299,-0.41614468,0.03975588,-1.53936341,3.05907452,18.55273315,-9.37560477,3.05907452
265,72.36000000,17.99576739,-9.29951509,3.00548039,map,37.56641534,126.97821086,0,18.62877194,-9.39626496,0.16000000,0.16000000,3.99311575,-0.16069837,-0.34497051,-0.34201979,-0.03428186,-1.04971285,3.00548039,18.00016099,-9.28925906,3.00548039
266,72.52000000,17.36961465,-9.15902896,2.96537631,map,37.56641666,126.97820192,0,17.83849663,-9.25011857,0.12000000,0.12000000,4.02516066,-0.06349894,-0.13611661,-0.12919049,1.09285999,0.22226139,2.96537631,17.37368224,-9.16967530,2.96537631
267,72.66000000,16.83680020,-9.05642037,2.95984396,map,37.56641801,126.97819323,0,17.07116836,-9.09957177,0.06000000,0.06000000,3.98448563,0.01581924,0.03398702,0.03759482,1.08792210,0.47066529,2.95984396,16.82327393,-9.06635224,2.95984396
268,72.82000000,16.20255938,-8.95667391,2.97396423,map,37.56641919,126.97818429,0,16.28162674,-8.96903175,0.02000000,0.02000000,4.00416137,0.05620195,0.12060589,0.12193995,-0.12683737,0.63955418,2.97396423,16.19222329,-8.96097838,2.97396423
269,72.96000000,15.64793869,-8.87672423,2.99250080,map,37.56641919,126.97818429,0,16.28162674,-8.96903175,0.16000000,0.16000000,4.00571700,0.06427564,0.13795344,0.13821813,0.09879603,0.60764608,2.99250080,15.63774403,-8.88111634,2.99250080
270,73.12000000,14.99669518,-8.80552715,3.01384395,map,37.56642014,126.97817514,0,15.47288256,-8.86293018,0.12000000,0.12000000,3.99401403,0.05573144,0.11959467,0.11897361,0.13335030,0.39366413,3.01384395,15.00243030,-8.80286843,3.01384395
271,73.26000000,14.44750621,-8.74673011,3.02716960,map,37.56642096,126.97816624,0,14.68713564,-8.77252117,0.06000000,0.06000000,4.01038931,0.03240798,0.06954514,0.06825662,-1.70094047,0.11530062,3.02716960,14.44526345,-8.74170622,3.02716960
272,73.42000000,13.81288611,-8.65664425,3.03570367,map,37.56642193,126.97815725,0,13.89247188,-8.66466952,0.02000000,0.02000000,3.99779070,0.02384904,0.05117912,0.05126498,-0.02835387,0.24088263,3.03570367,13.80872026,-8.67544961,3.03570367
273,73.56000000,13.25549253,-8.60434358,3.04545819,map,37.56642193,126.97815725,0,13.89247188,-8.66466952,0.16000000,0.16000000,3.99931306,0.04141962,0.08888315,0.09015978,0.12178186,0.46952366,3.04545819,13.25164967,-8.62330382,3.04545819
274,73.68000000,12.74936993,-8.59255522,3.05837607,map,37.56642236,126.97814792,0,13.06841610,-8.61652189,0.08000000,0.08000000,4.00230330,0.05947775,0.12763521,0.12905820,1.10823153,0.72477205,3.05837608,12.77317991,-8.58615362,3.05837608
275,73.82000000,12.20167778,-8.54722290,3.07901146,map,37.56642296,126.97813901,0,12.28137717,-8.55086728,0.02000000,0.02000000,3.98898501,0.07424753,0.15932567,0.15990904,0.12569677,0.70123747,3.07901146,12.21522263,-8.55488478,3.07901146
276,73.96000000,11.64149729,-8.52928441,3.10206685,map,37.56642296,126.97813901,0,12.28137717,-8.55086728,0.16000000,0.16000000,4.00518032,0.07776174,0.16687264,0.16692226,-0.06783142,0.68216191,3.10206685,11.65446877,-8.53699929,3.10206685
277,74.12000000,11.01266172,-8.54097097,3.12807126,map,37.56642303,126.97813008,0,11.49182074,-8.54295702,0.12000000,0.12000000,3.99905555,0.07136543,0.15314445,0.15220044,-0.06287295,0.50025329,3.12807126,11.01522746,-8.53233030,3.12807126
278,74.26000000,10.44735954,-8.53415037,-3.13538288,map,37.56642315,126.97812098,0,10.68777124,-8.52983650,0.06000000,0.06000000,4.00974099,0.06158927,0.13216954,0.13137613,-0.07917556,0.45792869,-3.13538288,10.45451453,-8.53965275,-3.13538288
279,74.42000000,9.81354366,-8.55783639,-3.11508195,map,37.56642292,126.97811198,0,9.89339750,-8.55465573,0.02000000,0.02000000,3.99481246,0.05768579,0.12377954,0.12365533,0.04855643,0.46625220,-3.11508195,9.81532452,-8.55967162,-3.11508195
280,74.56000000,9.25381426,-8.58500928,-3.09879837,map,37.56642292,126.97811198,0,9.89339750,-8.55465573,0.16000000,0.16000000,4.00648468,0.05017339,0.10767007,0.10712817,-0.04118543,0.36699180,-3.09879837,9.25542363,-8.58681704,-3.09879837
281,74.72000000,8.62257882,-8.62727368,-3.08631770,map,37.56642253,126.97810302,0,9.10162394,-8.59848428,0.12000000,0.12000000,4.00412409,0.02187969,0.04695277,0.04488044,-0.15405945,0.00451724,-3.08631770,8.61661092,-8.62454940,-3.08631770
282,74.86000000,8.05990189,-8.65625525,-3.08455496,map,37.56642213,126.97809394,0,8.29927539,-8.64258905,0.06000000,0.06000000,4.01040105,-0.00561817,-0.01205627,-0.01368187,-0.15863059,-0.22335044,-3.08455496,8.05782799,-8.65716597,-3.08455496
283,75.02000000,7.43014973,-8.67893491,-3.09074554,map,37.56642183,126.97808501,0,7.51030982,-8.67535166,0.02000000,0.02000000,4.01055961,-0.02879461,-0.06179625,-0.06356587,-0.13702429,-0.46730123,-3.09074554,7.41847655,-8.68921806,-3.09074554
284,75.16000000,6.87089574,-8.69883947,-3.10264689,map,37.56642183,126.97808501,0,7.51030982,-8.67535166,0.16000000,0.16000000,3.99770331,-0.04666904,-0.10014885,-0.10096146,-0.07126127,-0.48625113,-3.10264689,6.85911750,-8.70902242,-3.10264689
285,75.28000000,6.36531348,-8.71929395,-3.11533640,map,37.56642149,126.97807567,0,6.68531435,-8.71350746,0.08000000,0.08000000,4.00429193,-0.05021244,-0.10775269,-0.10823853,-0.00449177,-0.45121301,-3.11533640,6.37908963,-8.71876633,-3.11533640
286,75.42000000,5.82212936,-8.70844727,-3.13049808,map,37.56642154,126.97806681,0,5.90205760,-8.70848683,0.02000000,0.02000000,3.99495164,-0.05050300,-0.10837433,-0.10819520,0.00797694,-0.45304497,-3.13049808,5.81867827,-8.72214187,-3.13049808
287,75.56000000,5.26283273,-8.70351614,3.13781796,map,37.56642154,126.97806681,0,5.90205760,-8.70848683,0.16000000,0.16000000,4.00508735,-0.04790822,-0.10279751,-0.10266183,-0.05002264,-0.35667826,3.13781796,5.25928092,-8.71718951,3.13781796
288,75.72000000,4.60850120,-8.70831660,3.12329846,map,37.56642144,126.97805760,0,5.08862965,-8.71962099,0.12000000,0.12000000,4.00050324,-0.03729978,-0.08004258,-0.07938635,-0.06065181,-0.29015450,3.12329846,4.61896541,-8.70311962,3.12329846
289,75.86000000,4.08221033,-8.66499512,3.11257060,map,37.56642185,126.97804892,0,4.32182195,-8.67352525,0.06000000,0.06000000,3.99663435,-0.03601660,-0.07728833,-0.07769220,1.47882827,-0.32139251,3.11257060,4.05963454,-8.68485169,3.11257060
290,76.02000000,3.41733772,-8.65848840,3.09982646,map,37.56642195,126.97803959,0,3.49728568,-8.66253189,0.02000000,0.02000000,4.00163393,-0.03830029,-0.08218974,-0.08236595,-1.70066349,-0.32867587,3.09982646,3.41977379,-8.65626751,3.09982646
291,76.16000000,2.85894786,-8.62643070,3.08812610,map,37.56642195,126.97803959,0,3.49728568,-8.66253189,0.16000000,0.16000000,3.99698528,-0.03931978,-0.08437670,-0.08438597,0.00971798,-0.34113287,3.08812610,2.86116858,-8.62418038,3.08812610
292,76.32000000,2.22834418,-8.58544488,3.07475864,map,37.56642234,126.97803065,0,2.70750744,-8.61982008,0.12000000,0.12000000,4.00136317,-0.03718945,-0.07980592,-0.07941816,0.00359758,-0.25949633,3.07475864,2.22234733,-8.57940154,3.07475864
293,76.46000000,1.66175976,-8.54238336,3.06513982,map,37.56642286,126.97802151,0,1.90066636,-8.56200281,0.06000000,0.06000000,3.99378159,-0.02595314,-0.05569176,-0.05472267,0.09376722,-0.14663280,3.06513982,1.66463254,-8.53469505,3.06513982
294,76.62000000,1.03531669,-8.47907871,3.05787596,map,37.56642354,126.97801262,0,1.11503129,-8.48610225,0.02000000,0.02000000,3.99778216,-0.01752637,-0.03761148,-0.03745352,0.04719421,-0.09873666,3.05787596,1.02696201,-8.47996827,3.05787596
295,76.76000000,0.47774490,-8.42878002,3.05327272,map,37.56642354,126.97801262,0,1.11503129,-8.48610225,0.16000000,0.16000000,3.99589105,-0.01388481,-0.02979544,-0.02953134,0.01222344,-0.08345192,3.05327272,0.46945170,-8.42968614,3.05327272
296,76.92000000,-0.17827336,-8.37568129,3.04903716,map,37.56642413,126.97800339,0,0.29966745,-8.42074902,0.12000000,0.12000000,4.00057834,-0.01155270,-0.02479122,-0.02489494,0.02239734,-0.06551264,3.04903716,-0.16772002,-8.36987462,3.04903716
297,77.06000000,-0.71765676,-8.31516080,3.04564836,map,37.56642487,126.97799458,0,-0.47887782,-8.33864526,0.06000000,0.06000000,3.99904096,-0.01113584,-0.02389667,-0.02388702,-0.01972242,-0.11146019,3.04564836,-0.72500679,-8.31559597,3.04564836
298,77.22000000,-1.36902082,-8.24963092,3.04184643,map,37.56642560,126.97798541,0,-1.28940980,-8.25780416,0.02000000,0.02000000,4.00103570,-0.01104465,-0.02368991,-0.02389834,-0.01121842,-0.07841072,3.04184643,-1.36181066,-8.25129854,3.04184643
299,77.36000000,-1.92564531,-8.19144161,3.03853351,map,37.56642560,126.97798541,0,-1.28940980,-8.25780416,0.16000000,0.16000000,3.99893961,-0.01101911,-0.02364570,-0.02376381,0.01053736,-0.08642102,3.03853351,-1.91874737,-8.19307061,3.03853351
300,77.52000000,-2.56702688,-8.12070052,3.03628408,map,37.56642637,126.97797635,0,-2.08953262,-8.17170679,0.12000000,0.12000000,4.00963928,0.00294520,0.00632035,0.00822423,-0.19816740,0.20871700,3.03628408,-2.55516738,-8.12519723,3.03628408
301,77.68000000,-3.11169546,-8.07182045,3.04180453,map,37.56642707,126.97796748,0,-2.87286148,-8.09476462,0.06000000,0.06000000,4.00871356,0.02425200,0.05204373,0.05270758,-0.05908573,0.21537368,3.04180453,-3.19160501,-8.06190239,3.04180453
302,77.82000000,-3.75424855,-8.00678408,3.04944296,map,37.56642780,126.97795841,0,-3.67457949,-8.01368641,0.02000000,0.02000000,3.99745535,0.02500988,0.05367177,0.05330650,0.03936604,0.19767195,3.04944296,-3.74932404,-8.01180597,3.04944296
303,77.96000000,-4.31224727,-7.96076694,3.05684095,map,37.56642780,126.97795841,0,-3.67457949,-8.01368641,0.16000000,0.16000000,4.00254882,0.02443130,0.05242796,0.05251911,-0.00719627,0.18837388,3.05684095,-4.30737757,-7.96580022,3.05684095
304,78.12000000,-4.94661744,-7.91522769,3.06503848,map,37.56642837,126.97794943,0,-4.46776799,-7.95056070,0.12000000,0.12000000,3.99923516,0.02359888,0.05064137,0.05081144,0.01360126,0.20435187,3.06503848,-4.94577059,-7.91806964,3.06503848
305,78.26000000,-5.49621952,-7.86081132,3.07210789,map,37.56642903,126.97794050,0,-5.25653221,-7.87645159,0.06000000,0.06000000,4.00088248,0.02346970,0.05036417,0.05053345,-0.01418785,0.21906723,3.07210789,-5.50429922,-7.88053956,3.07210789
306,78.42000000,-6.13797117,-7.85416855,3.08050098,map,37.56642919,126.97793143,0,-6.05805255,-7.85858179,0.02000000,0.02000000,4.00149214,0.02664248,0.05717283,0.05746334,-0.02679900,0.26703050,3.08050098,-6.14347907,-7.84263175,3.08050098
307,78.56000000,-6.69690801,-7.82637963,3.08913511,map,37.56642919,126.97793143,0,-6.05805255,-7.85858179,0.16000000,0.16000000,4.00379664,0.02991125,0.06418768,0.06419814,-0.00666403,0.27642558,3.08913511,-6.70246039,-7.81486710,3.08913511
308,78.72000000,-7.33216819,-7.79528213,3.09922812,map,37.56642960,126.97792244,0,-6.85237281,-7.81391692,0.12000000,0.12000000,3.99693853,0.02892605,0.06207260,0.06237249,-0.01445943,0.22082315,3.09922812,-7.34220076,-7.78926360,3.09922812
309,78.86000000,-7.90384698,-7.75377294,3.10763228,map,37.56643008,126.97791325,0,-7.66408582,-7.76069899,0.06000000,0.06000000,4.00052872,0.02632479,0.05649099,0.05602630,0.01507501,0.20017053,3.10763228,-7.90164938,-7.77188271,3.10763228
310,79.02000000,-8.54063029,-7.75510607,3.11488565,map,37.56643011,126.97790423,0,-8.46056554,-7.75696354,0.02000000,0.02000000,3.99366705,0.01397548,0.02998992,0.02859729,0.12972342,0.02521858,3.11488565,-8.54172944,-7.75609903,3.11488565
311,79.16000000,-9.10048067,-7.74205365,3.11717085,map,37.56643011,126.97790423,0,-8.46056554,-7.75696354,0.16000000,0.16000000,4.00301122,0.00362418,0.00777732,0.00791827,-1.98445461,0.01496514,3.11717085,-9.10146985,-7.74299740,3.11717085
312,79.32000000,-9.73502681,-7.73377446,3.11749905,map,37.56643021,126.97789524,0,-9.25511213,-7.74527067,0.12000000,0.12000000,4.00010157,-0.00087027,-0.00186750,-0.00209262,0.04231058,-0.00313591,3.11749905,-9.74129583,-7.72771216,3.11749905
313,79.46000000,-10.29993479,-7.70922271,3.11694064,map,37.56643049,126.97788613,0,-10.05990373,-7.71523736,0.06000000,0.06000000,3.99971008,-0.00274092,-0.00588164,-0.00665395,-0.00118789,-0.03357703,3.11694064,-10.30112052,-7.71382732,3.11694064
314,79.62000000,-10.94463313,-7.68464611,3.11547961,map,37.56643074,126.97787702,0,-10.86464750,-7.68683858,0.02000000,0.02000000,4.00055220,-0.00556900,-0.01195060,-0.01216244,-0.02102565,-0.06352254,3.11547961,-10.94087272,-7.69695780,3.11547961
315,79.76000000,-11.50452111,-7.66857391,3.11347209,map,37.56643074,126.97787702,0,-10.86464750,-7.68683858,0.16000000,0.16000000,3.99972716,-0.00766057,-0.01643909,-0.01615942,0.01534972,-0.05432211,3.11347209,-11.50074209,-7.68086658,3.11347209
316,79.92000000,-12.13211514,-7.65943853,3.11150311,map,37.56643085,126.97786811,0,-11.65239098,-7.67424988,0.12000000,0.12000000,3.99906475,-0.00290250,-0.00622825,-0.00564980,0.05650333,0.06620057,3.11150311,-12.14036707,-7.66123339,3.11150311
317,80.08000000,-12.69664262,-7.66085311,3.11227866,map,37.56643091,126.97785900,0,-12.45676528,-7.66767826,0.06000000,0.06000000,3.99525676,0.00672587,0.01443314,0.01480110,0.02406849,0.09729430,3.11227866,-12.77999936,-7.64241452,3.11227866
318,80.22000000,-13.34148883,-7.65151504,3.11450044,map,37.56643104,126.97784989,0,-13.26139628,-7.65358667,0.02000000,0.02000000,4.00526928,0.00497564,0.01067797,0.01039676,-0.04781658,-0.01548038,3.11450044,-13.34018296,-7.62768740,3.11450044
319,80.36000000,-13.90109381,-7.63679689,3.11490388,map,37.56643104,126.97784989,0,-13.26139628,-7.65358667,0.16000000,0.16000000,4.00326099,-0.00114463,-0.00245629,-0.00212068,-0.00441306,-0.02595677,3.11490388,-13.90002956,-7.61291159,3.11490388
320,80.52000000,-14.51930945,-7.58950043,3.11487549,map,37.56643150,126.97784109,0,-14.03943280,-7.60235644,0.12000000,0.12000000,3.99913026,0.00118380,0.00254037,0.00254145,0.02494946,0.00082891,3.11487549,-14.53991264,-7.59575359,3.11487549
321,80.66000000,-15.10297961,-7.58333533,3.11535193,map,37.56643162,126.97783176,0,-14.86304176,-7.58955756,0.06000000,0.06000000,3.99900354,0.00130019,0.00279022,0.00252774,0.00253971,0.01054444,3.11535193,-15.09969761,-7.58114820,3.11535193
322,80.82000000,-15.74359328,-7.54670207,3.11524296,map,37.56643198,126.97782270,0,-15.66364264,-7.54883607,0.02000000,0.02000000,4.00061179,-0.00142821,-0.00306465,-0.00313039,0.00242891,0.00297117,3.11524296,-15.73939988,-7.56432547,3.11524296
323,80.96000000,-16.30352798,-7.53197658,3.11546500,map,37.56643198,126.97782270,0,-15.66364264,-7.54883607,0.16000000,0.16000000,4.00146766,0.00445813,0.00956656,0.01014071,-1.89391733,0.13206362,3.11546500,-16.29934600,-7.54964008,3.11546500
324,81.12000000,-16.92501273,-7.52419407,3.11812409,map,37.56643211,126.97781386,0,-16.44518520,-7.53497580,0.12000000,0.12000000,4.00081300,0.00822274,0.01764471,0.01761424,-0.03727979,0.04756742,3.11812409,-16.93905051,-7.53495148,3.11812409
325,81.26000000,-17.50624917,-7.50745422,3.12020543,map,37.56643231,126.97780456,0,-17.26675331,-7.51228278,0.06000000,0.06000000,3.99926141,0.00661046,0.01418550,0.01408495,0.00456868,0.03190696,3.12020543,-17.49893445,-7.52338214,3.12020543
326,81.42000000,-18.12790942,-7.50576844,3.12244115,map,37.56643236,126.97779571,0,-18.04789499,-7.50719113,0.02000000,0.02000000,4.00121948,0.00594295,0.01275305,0.01278630,0.01780639,0.00607043,3.12244115,-18.13881783,-7.51146586,3.12244115
327,81.56000000,-18.68792823,-7.49606907,3.12374077,map,37.56643236,126.97779571,0,-18.04789499,-7.50719113,0.16000000,0.16000000,3.99759179,0.00230974,0.00495646,0.00412490,0.02159925,-0.04420908,3.12374077,-18.69877015,-7.50176730,3.12374077
328,81.72000000,-19.33322330,-7.49852489,3.12265532,map,37.56643236,126.97778660,0,-18.85334547,-7.50770899,0.12000000,0.12000000,3.99566975,-0.00970463,-0.02082522,-0.02162617,0.06431940,-0.18124446,3.12265532,-19.33857021,-7.48972414,3.12265532
329,81.86000000,-19.89835179,-7.45167032,3.11853549,map,37.56643280,126.97777749,0,-19.65837715,-7.45786824,0.06000000,0.06000000,3.99977804,-0.01581395,-0.03393554,-0.03453073,0.03631941,-0.11853711,3.11853549,-19.89837068,-7.47611780,3.11853549
330,82.02000000,-20.54551251,-7.45525466,3.11276642,map,37.56643280,126.97776835,0,-20.46559206,-7.45787727,0.02000000,0.02000000,3.99800013,-0.01728233,-0.03708643,-0.03728212,0.01544081,-0.12803813,3.11276642,-20.53822043,-7.45683898,3.11276642
331,82.16000000,-21.10493192,-7.43523015,3.10752223,map,37.56643280,126.97776835,0,-20.46559206,-7.45787727,0.16000000,0.16000000,4.00162953,-0.01755711,-0.03767639,-0.03741380,-0.00134868,-0.16376066,3.10752223,-21.09769702,-7.43678640,3.10752223
332,82.32000000,-21.74815251,-7.39357554,3.10152145,map,37.56643320,126.97775926,0,-21.26846845,-7.41377865,0.12000000,0.12000000,4.00205296,-0.01949733,-0.04184001,-0.04245876,0.06582510,-0.23964931,3.10152145,-21.73732814,-7.41026570,3.10152145
333,82.46000000,-22.28939590,-7.36545185,3.09025334,map,37.56643351,126.97775042,0,-22.04978889,-7.37978535,0.06000000,0.06000000,4.00126193,-0.05856601,-0.12567853,-0.12835372,0.35632086,-0.86318556,3.09025334,-22.29659109,-7.37999169,3.09025334
334,82.62000000,-22.94825585,-7.33092962,3.05686536,map,37.56643387,126.97774115,0,-22.86853369,-7.34004557,0.02000000,0.02000000,4.01115757,-0.13298178,-0.28558214,-0.29102552,-1.72350546,-1.82189713,3.05686536,-22.93433619,-7.32228609,3.05686536
335,82.76000000,-23.49968572,-7.24479935,3.00169112,map,37.56643387,126.97774115,0,-22.86853369,-7.34004557,0.16000000,0.16000000,3.94440198,-0.22736713,-0.48793438,-0.49578456,-1.84742333,-2.73548807,3.00169112,-23.48532796,-7.23555084,3.00169112
336,82.90000000,-24.02641275,-7.08743911,2.91773945,map,37.56643520,126.97773241,0,-23.64057296,-7.19183235,0.10000000,0.10000000,3.99590611,-0.32278084,-0.69374241,-0.69833572,-1.27765288,-3.43872517,2.91743533,-24.02504185,-7.09740783,2.91743533
337,83.06000000,-24.61123813,-6.87204140,2.79250322,map,37.56643721,126.97772388,0,-24.39451925,-6.96900402,0.06000000,0.06000000,3.96215161,-0.39503986,-0.84765289,-0.85146177,0.75401236,-3.75177053,2.79250322,-24.61679045,-6.86353160,2.79250322
338,83.22000000,-25.17334986,-6.54700345,2.65152591,map,37.56644061,126.97771582,0,-25.10622036,-6.59131532,0.02000000,0.02000000,3.98666580,-0.40816341,-0.87586208,-0.87395925,-2.13924777,-3.24578885,2.65152591,-25.17633683,-6.54190987,2.65152591
339,83.36000000,-25.61679089,-6.20844703,2.53040283,map,37.56644061,126.97771582,0,-25.10622036,-6.59131532,0.16000000,0.16000000,3.95724567,-0.39651096,-0.85073438,-0.84992023,-0.41301781,-3.28475277,2.53040283,-25.61955650,-6.20328686,2.53040283
340,83.52000000,-26.07475783,-5.74659273,2.39690614,map,37.56644512,126.97770871,0,-25.73438447,-6.09113493,0.12000000,0.12000000,4.04784922,-0.37123427,-0.79677232,-0.79169258,0.97614051,-2.64361896,2.39690614,-26.07865840,-5.75273411,2.39690614
341,83.66000000,-26.44084165,-5.33612001,2.29997975,map,37.56645020,126.97770244,0,-26.28799789,-5.52725119,0.06000000,0.06000000,4.05296220,-0.27726121,-0.59505019,-0.58829293,-1.39492645,-1.67860120,2.29997975,-26.44372634,-5.31541681,2.29997975
342,83.82000000,-26.82559528,-4.79533787,2.21956777,map,37.56645620,126.97769687,0,-26.78077461,-4.86093479,0.02000000,0.02000000,3.96845519,-0.21270140,-0.45641045,-0.45517724,0.04775751,-1.69889114,2.21956777,-26.82099218,-4.79665159,2.21956777
343,83.96000000,-27.12578862,-4.32152827,2.15652499,map,37.56645620,126.97769687,0,-26.78077461,-4.86093479,0.16000000,0.16000000,4.02197398,-0.20955797,-0.44971078,-0.44960294,-0.13453996,-1.79676831,2.15652499,-27.12123238,-4.32257842,2.15652499
344,84.12000000,-27.42803480,-3.75448622,2.08671531,map,37.56646237,126.97769210,0,-27.20213337,-4.17693011,0.12000000,0.12000000,3.97542619,-0.19600819,-0.42059722,-0.41950181,-0.02311182,-1.58869772,2.08671531,-27.42755442,-3.76110124,2.08671531
345,84.28000000,-27.67400951,-3.25592359,2.02019883,map,37.56646867,126.97768785,0,-27.57688084,-3.47716694,0.06000000,0.06000000,4.01806087,-0.19654301,-0.42177231,-0.42123459,1.04361804,-1.78489002,2.02019883,-27.69711082,-3.17959138,2.02019883
346,84.42000000,-27.90518969,-2.65639283,1.96053148,map,37.56647539,126.97768444,0,-27.87833088,-2.73136433,0.02000000,0.02000000,3.98188058,-0.19966632,-0.42858597,-0.42854723,-0.09285219,-1.71423839,1.96053148,-27.89933238,-2.65789459,1.96053148
347,84.56000000,-28.07571451,-2.12304338,1.90025170,map,37.56647539,126.97768444,0,-27.87833088,-2.73136433,0.16000000,0.16000000,4.01972102,-0.20137117,-0.43214427,-0.43223295,-0.07999131,-1.69587467,1.90025170,-28.06977995,-2.12438468,1.90025170
348,84.72000000,-28.23160246,-1.49041714,1.83212791,map,37.56648236,126.97768172,0,-28.11859680,-1.95768211,0.12000000,0.12000000,3.98282602,-0.19627300,-0.42117260,-0.42142423,-0.07053608,-1.65063615,1.83212791,-28.22570439,-1.50223883,1.83212791
349,84.86000000,-28.31154434,-0.96196519,1.77227896,map,37.56648919,126.97767998,0,-28.27220246,-1.19919024,0.06000000,0.06000000,4.01873449,-0.20246570,-0.43449276,-0.43470664,-0.07494877,-1.77419162,1.77227896,-28.32668359,-0.95191207,1.77227896
350,85.02000000,-28.39815052,-0.31814893,1.70160180,map,37.56649642,126.97767863,0,-28.39151752,-0.39760877,0.02000000,0.02000000,3.98008052,-0.20748578,-0.44526382,-0.44629268,-0.17759103,-1.80746715,1.70160180,-28.40029813,-0.31375531,1.70160180
351,85.16000000,-28.42377889,0.23995151,1.63760227,map,37.56649642,126.97767863,0,-28.39151752,-0.39760877,0.16000000,0.16000000,4.01905199,-0.22116602,-0.47462502,-0.47617389,-0.01762649,-2.05428133,1.63760227,-28.42574611,0.24467239,1.63760227
352,85.32000000,-28.40239942,0.89876692,1.55996085,map,37.56650376,126.97767830,0,-28.42070220,0.41688408,0.12000000,0.12000000,3.98215807,-0.22818756,-0.48965441,-0.48989082,-0.13126845,-2.03262466,1.55996085,-28.40756716,0.88736140,1.55996085
353,85.46000000,-28.35530574,1.44359629,1.49080600,map,37.56651087,126.97767871,0,-28.38470582,1.20608735,0.06000000,0.06000000,4.00269490,-0.23315403,-0.50033411,-0.50091889,0.99829384,-2.08852713,1.49080600,-28.35000490,1.44239660,1.49080600
354,85.62000000,-28.22582765,2.05341251,1.40816387,map,37.56651780,126.97768031,0,-28.24308909,1.97554685,0.02000000,0.02000000,3.98524395,-0.24446165,-0.52457962,-0.52493480,-0.22313589,-2.15970101,1.40816387,-28.23412030,2.07546009,1.40816387
355,85.76000000,-28.08105326,2.59182501,1.33290731,map,37.56651780,126.97768031,0,-28.24308909,1.97554685,0.16000000,0.16000000,3.96845441,-0.25683436,-0.55212921,-0.55286239,0.06519323,-2.31664045,1.33290731,-28.08917986,2.61346548,1.33290731
356,85.92000000,-27.87001442,3.20586056,1.23868056,map,37.56652481,126.97768259,0,-28.04241455,2.75417120,0.12000000,0.12000000,4.01042453,-0.28969211,-0.62167062,-0.62216784,-2.01656841,-2.51908154,1.23868056,-27.86706805,3.21685906,1.23868056
357,86.06000000,-27.63870377,3.71560935,1.14800078,map,37.56653157,126.97768591,0,-27.74872721,3.50444842,0.06000000,0.06000000,3.95819830,-0.31149602,-0.66835515,-0.66981171,-0.06705136,-2.79516629,1.14800078,-27.62309025,3.71817181,1.14800078
358,86.22000000,-27.27825098,4.26534813,1.03682415,map,37.56653783,126.97769071,0,-27.32452819,4.19893801,0.02000000,0.02000000,4.02930625,-0.33061020,-0.70950320,-0.71017668,-0.15222003,-2.90982221,1.03682415,-27.28166900,4.26417816,1.03682415
359,86.36000000,-26.92935298,4.70887476,0.93680118,map,37.56653783,126.97769071,0,-27.32452819,4.19893801,0.16000000,0.16000000,3.96369478,-0.33158817,-0.71155310,-0.71199952,0.18829195,-2.88490105,0.93680118,-26.93314583,4.70686290,0.93680118
360,86.52000000,-26.47705449,5.16285258,0.82225437,map,37.56654348,126.97769645,0,-26.81712200,4.82594238,0.12000000,0.12000000,3.98984575,-0.33537553,-0.71969303,-0.72043520,0.85450774,-2.98978378,0.82225437,-26.48723432,5.16176940,0.82225437
361,86.66000000,-26.04934529,5.51791002,0.72065389,map,37.56654838,126.97770297,0,-26.24131606,5.36931410,0.06000000,0.06000000,4.03108979,-0.33766373,-0.72464765,-0.72480327,-0.25321333,-2.97084178,0.72065389,-26.04992634,5.52072920,0.72065389
362,86.82000000,-25.49724461,5.86982615,0.60616428,map,37.56655252,126.97771062,0,-25.56599112,5.82954159,0.02000000,0.02000000,3.97023665,-0.33152993,-0.71139155,-0.71092916,-0.20425905,-2.81742490,0.60616428,-25.51498504,5.87087658,0.60616428
363,86.96000000,-24.99599905,6.12609098,0.50563894,map,37.56655252,126.97771062,0,-25.56599112,5.82954159,0.16000000,0.16000000,4.03053415,-0.33578209,-0.72060933,-0.72090920,-0.24035773,-2.87036693,0.50563894,-25.01347988,6.12709331,0.50563894
364,87.12000000,-24.41638281,6.33540562,0.39169574,map,37.56655559,126.97771853,0,-24.86663946,6.17031909,0.12000000,0.12000000,3.97045151,-0.32926479,-0.70653200,-0.70670722,-0.22270796,-2.79155789,0.39169574,-24.41495055,6.35608313,0.39169574
365,87.26000000,-23.87420763,6.49581288,0.29204429,map,37.56655803,126.97772709,0,-24.11031081,6.44034023,0.06000000,0.06000000,4.03458959,-0.33410943,-0.71760014,-0.71752793,-0.18633271,-2.88903155,0.29204429,-23.87188305,6.49988427,0.29204429
366,87.42000000,-23.24105812,6.57594496,0.17826566,map,37.56655918,126.97773604,0,-23.32028929,6.56777945,0.02000000,0.02000000,3.96641736,-0.32833217,-0.70468206,-0.70352044,-0.26337094,-2.77471260,0.17826566,-23.23750358,6.59716885,0.17826566
367,87.56000000,-22.68049222,6.60221320,0.07949362,map,37.56655918,126.97773604,0,-23.32028929,6.56777945,0.16000000,0.16000000,4.03514867,-0.32993219,-0.70806350,-0.70748082,-0.28965266,-2.81812058,0.07949362,-22.67653651,6.62322984,0.07949362
368,87.72000000,-22.04686819,6.58126176,-0.03147736,map,37.56655960,126.97774501,0,-22.52746858,6.61523285,0.12000000,0.12000000,3.96756541,-0.31300466,-0.67163705,-0.67093126,-0.30910836,-2.59103678,-0.03147736,-22.03401899,6.58652296,-0.03147736
369,87.86000000,-21.48519878,6.48858946,-0.11980380,map,37.56655883,126.97775412,0,-21.72286473,6.52997187,0.06000000,0.06000000,4.04301345,-0.26622493,-0.57135239,-0.56548549,-0.88205618,-1.61519132,-0.11980380,-21.48000943,6.50233780,-0.11980380
370,88.02000000,-20.83946643,6.37897209,-0.18430542,map,37.56655763,126.97776323,0,-20.91737913,6.39568994,0.02000000,0.02000000,3.97511432,-0.09544307,-0.20310799,-0.18608872,1.07354415,0.53159136,-0.18430542,-20.84625631,6.37152096,-0.18430542
371,88.16000000,-20.28987370,6.27141942,-0.18654654,map,37.56655763,126.97776323,0,-20.91737913,6.39568994,0.16000000,0.16000000,3.94174266,0.06305745,0.13529988,0.14515266,0.94428986,1.66791520,-0.18654654,-20.29600969,6.26508350,-0.18654654
372,88.32000000,-19.65194424,6.19281738,-0.13307442,map,37.56655629,126.97777219,0,-20.12623684,6.24746689,0.12000000,0.12000000,3.99268526,0.22258806,0.47764231,0.48390618,0.56716099,2.56328693,-0.13307442,-19.66585532,6.18597078,-0.13307442
373,88.46000000,-19.09827754,6.16871927,-0.05002268,map,37.56655557,126.97778114,0,-19.33547426,6.16734273,0.06000000,0.06000000,3.93475967,0.31051463,0.66624802,0.66980618,0.14497436,3.00544364,-0.05002268,-19.11089953,6.17278881,-0.05002268
374,88.62000000,-18.47698996,6.24801327,0.06519416,map,37.56655619,126.97778996,0,-18.55629348,6.23644196,0.02000000,0.02000000,4.00281588,0.35094193,0.75309835,0.75513292,0.83182299,3.22264460,0.06519416,-18.47621565,6.23091654,0.06519416
375,88.76000000,-17.92302061,6.36438707,0.17251120,map,37.56655619,126.97778996,0,-18.55629348,6.23644196,0.16000000,0.16000000,4.02399169,0.35690058,0.76593201,0.76499963,-1.09938185,2.97647696,0.17251120,-17.92226726,6.34756591,0.17251120
376,88.92000000,-17.31637694,6.54284302,0.29304004,map,37.56655753,126.97779889,0,-17.76773067,6.38523924,0.12000000,0.12000000,3.97991792,0.35011586,0.75373534,0.75416621,0.63681737,3.06096585,0.29304004,-17.31676561,6.54906871,0.29304004
377,89.06000000,-16.80797250,6.78341057,0.39957088,map,37.56656014,126.97780729,0,-17.02541533,6.67450521,0.06000000,0.06000000,4.03302636,0.35472555,0.76129669,0.76140919,-0.44292687,3.05528729,0.39957088,-16.80366770,6.78712270,0.39957088
378,89.22000000,-16.25240835,7.09715224,0.51702653,map,37.56656354,126.97781529,0,-16.31871305,7.05239563,0.02000000,0.02000000,3.97592521,0.33135512,0.71123749,0.70825080,-0.59639479,2.43629942,0.51702653,-16.25788513,7.11799228,0.51702653
379,89.36000000,-15.80063455,7.43417403,0.60885732,map,37.56656354,126.97781529,0,-16.31871305,7.05239563,0.16000000,0.16000000,4.04334788,0.27875191,0.59800359,0.59265647,-1.77206609,1.74132155,0.60885732,-15.80558379,7.45519611,0.60885732
380,89.52000000,-15.31589401,7.85509209,0.68209351,map,37.56656794,126.97782249,0,-15.68264890,7.54077304,0.12000000,0.12000000,3.98369914,0.15950001,0.34226229,0.33613687,-1.69797739,0.69118507,0.68209351,-15.31409024,7.87104327,0.68209351
381,89.66000000,-14.89191018,8.24317719,0.71986826,map,37.56657280,126.97782942,0,-15.07039857,8.07991504,0.06000000,0.06000000,4.00212140,0.10451869,0.22429089,0.22125155,-1.68461855,0.56044291,0.71986825,-14.89763816,8.24662936,0.71986825
382,89.82000000,-14.42766652,8.68294527,0.75062386,map,37.56657773,126.97783610,0,-15.07039857,8.07991504,0.22000000,0.22000000,3.99735840,0.08266967,0.17740463,0.17749744,-0.03296851,0.69178924,0.75062386,-14.43330491,8.68648370,0.75062386
383,89.98000000,-14.02858354,9.08000037,0.78013264,map,37.56657773,126.97783610,0,-14.48015146,8.62741747,0.16000000,0.16000000,3.99652168,0.09149591,0.19634200,0.19741295,-0.14656819,0.89279780,0.78013264,-13.98165631,9.13929447,0.78013264
384,90.12000000,-13.59261156,9.54661417,0.81115642,map,37.56658285,126.97784245,0,-13.91885161,9.19486372,0.12000000,0.12000000,3.99015514,0.11852600,0.25466929,0.25719792,1.07924169,1.33770883,0.81115642,-13.60011521,9.54893368,0.81115642
385,90.26000000,-13.23586728,9.98926385,0.85504532,map,37.56658834,126.97784847,0,-13.38701946,9.80477038,0.06000000,0.06000000,3.99371022,0.17104789,0.36706833,0.36991450,-0.36842182,1.76922702,0.85504532,-13.23873260,9.97597427,0.85504532
386,90.42000000,-12.85550839,10.47681279,0.92156183,map,37.56659380,126.97785397,0,-12.90101356,10.41046946,0.02000000,0.02000000,3.99251082,0.20837587,0.44721892,0.44817854,-1.74206176,1.86194474,0.92156183,-12.85867178,10.49187220,0.92156183
387,90.56000000,-12.55805243,10.94799782,0.98622767,map,37.56659380,126.97785397,0,-12.90101356,10.41046946,0.16000000,0.16000000,3.98399660,0.22044550,0.47304383,0.47369290,-2.18398016,1.87743325,0.98622767,-12.56141726,10.96298380,0.98622767
388,90.72000000,-12.26895292,11.52626361,1.06268363,map,37.56660001,126.97785860,0,-12.49176683,11.09957364,0.12000000,0.12000000,4.01971685,0.22418045,0.48135156,0.48058251,-0.09852037,1.95881155,1.06268363,-12.25936967,11.52850425,1.06268363
389,90.86000000,-12.03952764,12.03431222,1.13013161,map,37.56660644,126.97786267,0,-12.13234765,11.81404962,0.06000000,0.06000000,3.97767148,0.22541206,0.48457994,0.48474623,1.15450460,1.98604432,1.13013161,-12.03165627,12.04087241,1.13013161
390,91.02000000,-11.81529168,12.65719005,1.21090028,map,37.56661335,126.97786599,0,-11.83941780,12.58036335,0.02000000,0.02000000,4.01384549,0.24602907,0.52819940,0.52948634,0.03379575,2.26263500,1.21090028,-11.81678801,12.64471913,1.21090028
391,91.16000000,-11.67139907,13.19999214,1.28689389,map,37.56661335,126.97786599,0,-11.83941780,12.58036335,0.16000000,0.16000000,3.97631354,0.25590253,0.54931767,0.55002964,-0.15522247,2.19194507,1.28689389,-11.67316761,13.18717341,1.28689389
392,91.32000000,-11.56200086,13.81574577,1.37601342,map,37.56662021,126.97786824,0,-11.64018770,13.34171419,0.12000000,0.12000000,4.02714174,0.26445725,0.56753769,0.56774637,-0.17612288,2.29938970,1.37601342,-11.56220576,13.81739224,1.37601342
393,91.46000000,-11.51495874,14.36129654,1.45560417,map,37.56662723,126.97786948,0,-11.53084184,14.12126904,0.06000000,0.06000000,3.97577400,0.26274433,0.56379423,0.56332376,-0.11135215,2.17235407,1.45560417,-11.51231900,14.37773708,1.45560417
394,91.62000000,-11.51110515,15.01212468,1.54449746,map,37.56663453,126.97786973,0,-11.50855103,14.93156290,0.02000000,0.02000000,4.01903636,0.25384233,0.54474302,0.54383289,-0.04905622,2.06795406,1.54449746,-11.50894531,15.01650444,1.54449746
395,91.76000000,-11.55098391,15.57177207,1.61723108,map,37.56663453,126.97786973,0,-11.50855103,14.93156290,0.16000000,0.16000000,3.97035403,0.23321751,0.50043369,0.49952309,-0.02083793,1.86896923,1.61723108,-11.54884501,15.57578051,1.61723108
396,91.92000000,-11.63229998,16.20595046,1.69577601,map,37.56664174,126.97786916,0,-11.55922634,15.73147311,0.12000000,0.12000000,4.01678115,0.22663516,0.48635879,0.48610332,-0.06428373,1.89043909,1.69577601,-11.64024323,16.20841103,1.69577601
397,92.06000000,-11.76243202,16.77131479,1.76307932,map,37.56664900,126.97786749,0,-11.70667822,16.53688194,0.06000000,0.06000000,3.97922015,0.22080115,0.47380087,0.47364237,-0.05829122,1.83853360,1.76307932,-11.76013693,16.75821951,1.76307932
398,92.22000000,-11.93989063,17.37091612,1.83778449,map,37.56665583,126.97786513,0,-11.91510177,17.29512325,0.02000000,0.02000000,3.99248190,0.21183057,0.45456712,0.45314843,1.05688949,1.69571007,1.83778449,-11.93924718,17.37018861,1.83778449
399,92.36000000,-12.13121959,17.90115106,1.89659251,map,37.56665583,126.97786513,0,-11.91510177,17.29512325,0.16000000,0.16000000,4.03764795,0.17887830,0.38389064,0.38136563,-0.43562957,1.26499504,1.89659251,-12.13064102,17.90093922,1.89659251
400,92.52000000,-12.37410231,18.51085893,1.94415127,map,37.56666280,126.97786200,0,-12.19181109,18.06835057,0.12000000,0.12000000,3.98319524,0.10226640,0.21944663,0.21486458,0.37329799,0.41962813,1.94415127,-12.37189366,18.49349294,1.94415127
401,92.66000000,-12.59056104,19.00680469,1.96708725,map,37.56666926,126.97785857,0,-12.49473853,18.78555642,0.06000000,0.06000000,3.99572542,0.05846124,0.12545207,0.12253935,-1.71911995,0.18491033,1.96708725,-12.59258026,19.00819187,1.96708725
402,92.82000000,-12.85398548,19.60662274,1.98258586,map,37.56667600,126.97785487,0,-12.82129038,19.53359335,0.02000000,0.02000000,3.99941129,0.03985654,0.08552770,0.08545128,-0.03489797,0.37880155,1.98258586,-12.85090694,19.59316105,1.98258586
403,92.96000000,-13.08680691,20.11626808,1.99540287,map,37.56667600,126.97785487,0,-12.82129038,19.53359335,0.16000000,0.16000000,3.99872460,0.04934221,0.10588764,0.10736307,-0.22077426,0.64349394,1.99540288,-13.08376044,20.10268287,1.99540288
404,93.12000000,-13.35661458,20.68331239,2.01992895,map,37.56668248,126.97785121,0,-13.14502628,20.25347482,0.12000000,0.12000000,3.98065304,0.09029938,0.19378270,0.19567925,1.01411080,0.96742933,2.01992895,-13.36367682,20.67688350,2.01992895
405,93.26000000,-13.63502343,21.17642453,2.04988983,map,37.56668890,126.97784696,0,-13.52010580,20.96514336,0.06000000,0.06000000,4.00413683,0.10529002,0.22594713,0.22631789,-1.79034734,0.89647688,2.04988983,-13.62653837,21.17109830,2.04988983
406,93.42000000,-13.94639615,21.72203389,2.08580693,map,37.56669510,126.97784260,0,-13.90547503,21.65353293,0.02000000,0.02000000,3.99756498,0.10047847,0.21582733,0.21484885,1.15126475,0.88841726,2.08580693,-13.94641606,21.72532823,2.08580693
407,93.56000000,-14.24030943,22.19924855,2.11314709,map,37.56669510,126.97784260,0,-13.90547503,21.65353293,0.16000000,0.16000000,4.01311008,0.08447085,0.18127424,0.18060485,-0.11428731,0.61907294,2.11314709,-14.24033861,22.20267363,2.11314709
408,93.72000000,-14.59281039,22.74775057,2.14090787,map,37.56670134,126.97783780,0,-14.32964014,22.34591455,0.12000000,0.12000000,3.99376604,0.08098978,0.17379803,0.17419890,0.03443575,0.68816629,2.14090787,-14.58922368,22.73916410,2.14090787
409,93.86000000,-14.91672484,23.19711383,2.16573902,map,37.56670723,126.97783271,0,-14.77918362,23.00049281,0.06000000,0.06000000,4.00727366,0.08299115,0.17809675,0.17794946,-0.03721067,0.72514148,2.16573902,-14.90655794,23.19978562,2.16573902
410,94.02000000,-15.29630771,23.72302714,2.18948293,map,37.56671316,126.97782740,0,-15.24866320,23.65757352,0.02000000,0.02000000,4.05846264,0.03784757,0.08123185,0.07373657,1.09096928,-0.46760342,2.18948293,-15.28244947,23.72041854,2.18948293
411,94.16000000,-15.62072500,24.18492072,2.18118868,map,37.56671316,126.97782740,0,-15.24866320,23.65757352,0.16000000,0.16000000,4.04584907,-0.08951558,-0.19211079,-0.20144218,-1.04589121,-1.78937654,2.18118867,-15.60639560,24.18294034,2.18118867
412,94.32000000,-15.93943332,24.73666809,2.12553271,map,37.56671918,126.97782234,0,-15.69542880,24.32588769,0.12000000,0.12000000,3.97951662,-0.22038487,-0.47290405,-0.47875918,0.54688281,-2.52916449,2.12553271,-15.93731550,24.72812060,2.12553271
413,94.46000000,-16.19028530,25.22597799,2.04750760,map,37.56672532,126.97781786,0,-16.09137396,25.00754616,0.06000000,0.06000000,3.96129114,-0.28252829,-0.60623291,-0.60832351,-1.80227908,-2.61106459,2.04750760,-16.18094862,25.23001818,2.04750760
414,94.62000000,-16.41009141,25.84345982,1.94407050,map,37.56673216,126.97781453,0,-16.38562278,25.76647013,0.02000000,0.02000000,4.03145483,-0.31332390,-0.67241379,-0.67377813,-0.25883958,-2.76630616,1.94407050,-16.40027899,25.83094112,1.94407050
415,94.76000000,-16.54835366,26.38986502,1.84963136,map,37.56673216,126.97781453,0,-16.38562278,25.76647013,0.16000000,0.16000000,3.96764366,-0.31058867,-0.66645284,-0.66629261,-0.26940118,-2.61655815,1.84963136,-16.53836811,26.37716590,1.84963136
416,94.92000000,-16.63002174,27.00812864,1.74426546,map,37.56673907,126.97781250,0,-16.56510461,26.53348053,0.12000000,0.12000000,4.02297761,-0.30404978,-0.65249907,-0.65278272,0.96465101,-2.62660468,1.74426546,-16.63285712,27.00851473,1.74426546
417,95.06000000,-16.66080514,27.58308228,1.65463621,map,37.56674635,126.97781149,0,-16.65372611,27.34183503,0.06000000,0.06000000,3.97466024,-0.29062294,-0.62362074,-0.62306468,-0.17366368,-2.43381109,1.65463621,-16.66336513,27.57220961,1.65463621
418,95.22000000,-16.64783754,28.21779098,1.55551382,map,37.56675352,126.97781149,0,-16.65434010,28.13795141,0.02000000,0.02000000,4.00822216,-0.28976216,-0.62181809,-0.62237000,0.97098247,-2.57700741,1.55551382,-16.63877500,28.20966471,1.55551382
419,95.36000000,-16.57396096,28.77828490,1.46811695,map,37.56675352,126.97781149,0,-16.65434010,28.13795141,0.16000000,0.16000000,4.03649750,-0.29025009,-0.62290124,-0.62212902,-0.28810575,-2.43702703,1.46811695,-16.56469779,28.77036641,1.46811695
420,95.52000000,-16.43235352,29.38416205,1.37465973,map,37.56676055,126.97781277,0,-16.54141334,28.91822790,0.12000000,0.12000000,3.99227042,-0.25046350,-0.53746657,-0.53501446,0.99072429,-1.79962525,1.37465973,-16.42584856,29.39427413,1.37465973
421,95.66000000,-16.26921972,29.93525484,1.30382174,map,37.56676764,126.97781501,0,-16.34280455,29.70521067,0.06000000,0.06000000,4.02625170,-0.23157045,-0.49738307,-0.49719881,1.06108295,-2.27832221,1.30382174,-16.26440287,29.93347270,1.30382174
422,95.82000000,-16.04414404,30.53519589,1.22434974,map,37.56677446,126.97781804,0,-16.07511102,30.46182223,0.02000000,0.02000000,3.98342552,-0.22997560,-0.49349193,-0.49329914,1.04181314,-1.92941418,1.22434974,-16.03612314,30.53124056,1.22434974
423,95.96000000,-15.80713979,31.04534969,1.15864200,map,37.56677446,126.97781804,0,-16.07511102,30.46182223,0.16000000,0.16000000,4.02999581,-0.20065272,-0.43038302,-0.42615002,1.17802804,-1.28440636,1.15864200,-15.79915716,31.04142534,1.15864200
424,96.12000000,-15.51034560,31.60676402,1.10186150,map,37.56678094,126.97782187,0,-15.73682125,31.18127197,0.12000000,0.12000000,4.01040020,-0.13979834,-0.30000334,-0.29731215,-0.31481844,-0.90977820,1.10186150,-15.49973734,31.61164504,1.10186150
425,96.26000000,-15.22391479,32.09092272,1.06238326,map,37.56678727,126.97782629,0,-15.34633766,31.88315770,0.06000000,0.06000000,4.01313054,-0.13469080,-0.28904335,-0.29091390,0.19234108,-1.39709991,1.06238326,-15.22012776,32.09813199,1.06238326
426,96.42000000,-14.88459179,32.64366826,1.01179492,map,37.56679353,126.97783101,0,-14.92919850,32.57765936,0.02000000,0.02000000,3.98075743,-0.15444679,-0.33141759,-0.33165540,0.02912914,-1.36252619,1.01179492,-14.87483093,32.63665654,1.01179492
427,96.56000000,-14.55658771,33.09948857,0.96263739,map,37.56679353,126.97783101,0,-14.92919850,32.57765936,0.16000000,0.16000000,4.01015110,-0.17015738,-0.36514772,-0.36575477,0.01354403,-1.54197619,0.96263739,-14.54640385,33.09270597,0.96263739
428,96.72000000,-14.14418500,33.57599029,0.90292403,map,37.56679917,126.97783644,0,-14.44996608,33.20462068,0.12000000,0.12000000,3.98050597,-0.17633410,-0.37838414,-0.37935985,-0.01138761,-1.59698343,0.90292403,-14.14256449,33.59066025,0.90292403
429,96.86000000,-13.74780554,34.00348140,0.84732829,map,37.56680480,126.97784252,0,-13.91299562,33.82926101,0.06000000,0.06000000,3.99207096,-0.19124697,-0.41039409,-0.41188846,1.09286983,-1.75849443,0.84732828,-13.76358685,34.00434621,0.84732828
430,97.02000000,-13.29536278,34.46549665,0.78081056,map,37.56681005,126.97784883,0,-13.35488452,34.41149349,0.02000000,0.02000000,4.00360065,-0.19260920,-0.41332706,-0.41231434,-1.67050894,-1.56321369,0.78081056,-13.30175136,34.44813182,0.78081056
431,97.16000000,-12.86798885,34.82847998,0.72315317,map,37.56681005,126.97784883,0,-13.35488452,34.41149349,0.16000000,0.16000000,3.98345595,-0.19236961,-0.41279484,-0.41327389,0.11169402,-1.67742292,0.72315317,-12.87441686,34.81092235,0.72315317
432,97.32000000,-12.35707587,35.18363147,0.65420308,map,37.56681446,126.97785574,0,-12.74515446,34.90065001,0.12000000,0.12000000,4.00400269,-0.20958592,-0.44975914,-0.45132255,-0.04368987,-1.96473038,0.65420307,-12.36068090,35.19241119,0.65420307
433,97.46000000,-11.88102354,35.49289378,0.58798428,map,37.56681867,126.97786319,0,-12.08633829,35.36809791,0.06000000,0.06000000,3.97011159,-0.22475289,-0.48323321,-0.48403564,-0.01150830,-2.00562334,0.58798428,-11.88660022,35.49386619,0.58798428
434,97.62000000,-11.33275064,35.81005825,0.50873048,map,37.56682233,126.97787090,0,-11.40510781,35.77460247,0.02000000,0.02000000,4.02163796,-0.23404339,-0.50381635,-0.50394032,-0.09714661,-2.02275076,0.50873048,-11.32219761,35.79537968,0.50873048
435,97.76000000,-10.81992912,36.03601222,0.43817873,map,37.56682233,126.97787090,0,-11.40510781,35.77460247,0.16000000,0.16000000,3.97043385,-0.23649795,-0.50747471,-0.50826463,-0.03978866,-2.09521653,0.43817873,-10.80938731,36.02109961,0.43817873
436,97.92000000,-10.21843206,36.24893269,0.35524189,map,37.56682522,126.97787918,0,-10.67360388,36.09507341,0.12000000,0.12000000,4.02484076,-0.24468489,-0.52510540,-0.52521357,-0.14836036,-2.13834193,0.35524189,-10.20547458,36.23212635,0.35524189
437,98.06000000,-9.66412867,36.37619239,0.28227723,map,37.56682724,126.97788797,0,-9.89763904,36.31969534,0.06000000,0.06000000,3.98124792,-0.23854053,-0.51187780,-0.51115185,-0.66992160,-1.92320063,0.28227723,-9.66206068,36.37546451,0.28227723
438,98.22000000,-9.03846232,36.49228677,0.21102780,map,37.56682867,126.97789679,0,-9.11813638,36.47844485,0.02000000,0.02000000,4.04958772,-0.16688680,-0.35816606,-0.35331316,-0.64648679,-0.86793678,0.21102780,-9.03370070,36.49773448,0.21102780
439,98.36000000,-8.48043804,36.57733778,0.16638719,map,37.56682867,126.97789679,0,-9.11813638,36.47844485,0.16000000,0.16000000,3.99120445,-0.14185582,-0.30440666,-0.30424488,-0.04494134,-1.21788894,0.16638720,-8.47580434,36.58275482,0.16638720
440,98.52000000,-7.83276092,36.66051259,0.11639822,map,37.56682989,126.97790595,0,-8.30909418,36.61329848,0.12000000,0.12000000,4.00676899,-0.15115179,-0.32436574,-0.32491131,1.01507380,-1.37643854,0.11639822,-7.84085195,36.64969422,0.11639822
441,98.66000000,-7.29301879,36.67411845,0.06885797,map,37.56683035,126.97791472,0,-7.53389305,36.66467253,0.06000000,0.06000000,4.00781086,-0.16644609,-0.35708382,-0.35929672,-2.29817595,-2.10004008,0.06885796,-7.27918595,36.67974236,0.06885796
442,98.82000000,-6.65210185,36.67692517,0.00110691,map,37.56683050,126.97792381,0,-6.73126290,36.68109536,0.02000000,0.02000000,3.95159370,-0.24068631,-0.51644210,-0.52378661,-1.76268086,-2.82682058,0.00110691,-6.64453426,36.67167728,0.00110691
443,98.96000000,-6.09549832,36.61430968,-0.08560765,map,37.56683050,126.97792381,0,-6.73126290,36.68109536,0.16000000,0.16000000,4.00583342,-0.31679352,-0.67981698,-0.68314272,0.15244135,-3.08761159,-0.08560765,-6.08721037,36.60843128,-0.08560765
444,99.12000000,-5.46258311,36.46000803,-0.20167693,map,37.56682954,126.97793294,0,-5.92456152,36.57457593,0.12000000,0.12000000,3.95589658,-0.35502791,-0.76175396,-0.76456940,0.81356774,-3.31007138,-0.20167694,-5.46742759,36.46470051,-0.20167694
445,99.26000000,-4.94824260,36.27265979,-0.31467014,map,37.56682764,126.97794144,0,-5.17330230,36.36378682,0.06000000,0.06000000,4.02942851,-0.38714671,-0.83198295,-0.83074506,-2.18399387,-3.26585769,-0.31467014,-4.93751897,36.27047353,-0.31467014
446,99.42000000,-4.36940221,35.98489447,-0.44759931,map,37.56682459,126.97794977,0,-4.43774113,36.02556649,0.02000000,0.02000000,3.95716180,-0.38681974,-0.83001148,-0.83023774,-0.32059035,-3.29345948,-0.44759931,-4.37108223,35.97666644,-0.44759931
447,99.56000000,-3.90809661,35.66813810,-0.56290891,map,37.56682459,126.97794977,0,-4.43774113,36.02556649,0.16000000,0.16000000,3.98100172,-0.37863834,-0.81419480,-0.81196049,-2.07794696,-2.95099340,-0.56290891,-3.91037273,35.66004841,-0.56290891
448,99.72000000,-3.43571366,35.23852641,-0.69191449,map,37.56682042,126.97795707,0,-3.79299561,35.56296037,0.12000000,0.12000000,4.03063821,-0.37354967,-0.80171460,-0.80116576,-0.34500168,-3.10423169,-0.69191449,-3.42856109,35.23596834,-0.69191449
449,99.86000000,-3.05470944,34.83314441,-0.80107457,map,37.56681549,126.97796367,0,-3.20932707,35.01561396,0.06000000,0.06000000,3.97043631,-0.35261677,-0.75664073,-0.75476747,-0.17290658,-2.86840973,-0.80107457,-3.05309587,34.81888520,-0.80107457
450,100.02000000,-2.67822975,34.31193698,-0.91692030,map,37.56680976,126.97796918,0,-2.72246818,34.37914780,0.02000000,0.02000000,4.01283890,-0.31168445,-0.67039302,-0.66768918,0.00429824,-2.36787184,-0.91692030,-2.67626607,34.29778928,-0.91692030
451,100.16000000,-2.39068013,33.83001227,-1.00289713,map,37.56680976,126.97796918,0,-2.72246818,34.37914780,0.16000000,0.16000000,3.98634672,-0.26383097,-0.56932731,-0.56591321,0.18275604,-2.24001677,-1.00289713,-2.38898193,33.81643360,-1.00289713
452,100.28000000,-2.16490294,33.38260459,-1.06419602,map,37.56680338,126.97797384,0,-2.31084275,33.67116535,0.08000000,0.08000000,4.04025342,-0.21259050,-0.45624350,-0.45071117,-0.76327597,-1.20965257,-1.06419602,-2.16692345,33.38649253,-1.06419602
453,100.42000000,-1.93397086,32.86060659,-1.11741670,map,37.56679673,126.97797774,0,-1.96656664,32.93387388,0.02000000,0.02000000,4.01013452,-0.14909286,-0.31994963,-0.31697446,-0.38610176,-0.92563544,-1.11741670,-1.92932106,32.87429317,-1.11741670
454,100.56000000,-1.71622637,32.34544581,-1.15692091,map,37.56679673,126.97797774,0,-1.96656664,32.93387388,0.16000000,0.16000000,4.01995625,-0.12302282,-0.26400956,-0.26313798,-0.12517321,-0.97962912,-1.15692091,-1.71153518,32.35913516,-1.15692091
455,100.72000000,-1.48557715,31.75697837,-1.19776373,map,37.56679019,126.97798127,0,-1.65442743,32.20734976,0.12000000,0.12000000,3.98890807,-0.11710579,-0.25129585,-0.25109593,-0.03976609,-0.98301470,-1.19776373,-1.48348304,31.75969418,-1.19776373
456,100.86000000,-1.29433114,31.20367635,-1.23293416,map,37.56678320,126.97798451,0,-1.36878772,31.43136816,0.06000000,0.06000000,4.00438639,-0.11739249,-0.25191852,-0.25205952,1.01087601,-1.04851170,-1.23293416,-1.30449530,31.23024354,-1.23293416
457,101.02000000,-1.12495443,30.61583749,-1.27323851,map,37.56677655,126.97798702,0,-1.14641928,30.69312822,0.02000000,0.02000000,4.00207267,-0.11703644,-0.25115320,-0.25039065,-1.66511337,-0.93485976,-1.27323851,-1.12198764,30.61487906,-1.27323851
458,101.16000000,-0.98549294,30.07470217,-1.30686840,map,37.56677655,126.97798702,0,-1.14641928,30.69312822,0.16000000,0.16000000,3.99909056,-0.10478354,-0.22485628,-0.22384683,-0.03378711,-0.75961581,-1.30686840,-0.98247509,30.07357654,-1.30686840
459,101.32000000,-0.83825930,29.45256885,-1.34024848,map,37.56676960,126.97798933,0,-0.94266470,29.92216028,0.12000000,0.12000000,4.01185797,-0.09218917,-0.19783854,-0.19717805,-0.11280037,-0.75163192,-1.34024848,-0.84096965,29.44814572,-1.34024848
460,101.46000000,-0.72064864,28.90002176,-1.36572720,map,37.56676251,126.97799133,0,-0.76587762,29.13545712,0.06000000,0.06000000,4.00004010,-0.07678491,-0.16477474,-0.16297190,-0.13727193,-0.48009243,-1.36572720,-0.73184920,28.89895718,-1.36572720
461,101.62000000,-0.61505091,28.27857331,-1.38765094,map,37.56675550,126.97799288,0,-0.62874832,28.35780941,0.02000000,0.02000000,4.02187399,-0.05092180,-0.10928184,-0.10711719,-0.19974916,-0.25155441,-1.38765094,-0.61879404,28.26827167,-1.38765094
462,101.76000000,-0.52071554,27.72504743,-1.39759911,map,37.56675550,126.97799288,0,-0.62874832,28.35780941,0.16000000,0.16000000,4.01058378,-0.01952487,-0.04192572,-0.04028858,-0.17027135,-0.02530725,-1.39759911,-0.52428787,27.71460132,-1.39759911
463,101.92000000,-0.41099075,27.09051515,-1.40249437,map,37.56674835,126.97799445,0,-0.49063033,27.56344580,0.12000000,0.12000000,3.99549032,-0.01706065,-0.03660956,-0.03756251,0.07885597,-0.24846912,-1.40249438,-0.41783122,27.08369596,-1.40249438
464,102.06000000,-0.33180291,26.55100305,-1.40904167,map,37.56674136,126.97799582,0,-0.36938086,26.78777092,0.06000000,0.06000000,3.99627739,-0.02264487,-0.04859303,-0.04804826,-0.07906669,-0.13614828,-1.40904167,-0.32878781,26.53085668,-1.40904167
465,102.22000000,-0.22730454,25.90952767,-1.41501811,map,37.56673416,126.97799729,0,-0.23949820,25.98874498,0.02000000,0.02000000,4.00512877,-0.01283946,-0.02755193,-0.02741643,-0.05630777,-0.07419553,-1.41501811,-0.23056380,25.89850450,-1.41501811
466,102.36000000,-0.14279110,25.35605177,-1.41807430,map,37.56673416,126.97799729,0,-0.23949820,25.98874498,0.16000000,0.16000000,4.00042219,-0.00755957,-0.01622165,-0.01605283,-0.05356286,-0.04707830,-1.41807430,-0.14599892,25.34483458,-1.41807430
467,102.52000000,-0.05233583,24.70762817,-1.42130106,map,37.56672690,126.97799860,0,-0.12338488,25.18254041,0.12000000,0.12000000,3.99945597,-0.01330990,-0.02856117,-0.02897962,0.04270980,-0.15312926,-1.42130106,-0.05097189,24.71164072,-1.42130106
468,102.66000000,0.02565906,24.14869780,-1.42689150,map,37.56671972,126.97799991,0,-0.00782399,24.38632175,0.06000000,0.06000000,4.00350386,-0.02495893,-0.05357932,-0.05446946,-0.10226890,-0.33440923,-1.42689150,0.02848038,24.15724483,-1.42689150
469,102.82000000,0.10899924,23.53147830,-1.43967909,map,37.56671274,126.97800112,0,0.09935951,23.61117952,0.02000000,0.02000000,4.01291629,-0.04822737,-0.10349437,-0.10439744,-0.06537297,-0.51442853,-1.43967910,0.11075582,23.52238151,-1.43967910
470,102.96000000,0.16912967,22.97399340,-1.45828970,map,37.56671274,126.97800112,0,0.09935951,23.61117952,0.16000000,0.16000000,3.99977970,-0.07833815,-0.16822645,-0.17007287,-0.23268573,-0.86939768,-1.45828970,0.17064632,22.96530371,-1.45828970
471,103.12000000,0.22440142,22.33219346,-1.49323285,map,37.56670553,126.97800218,0,0.19289782,22.81087274,0.12000000,0.12000000,4.02867140,-0.12346207,-0.26502745,-0.26734408,-0.23827012,-1.32314591,-1.49323285,0.21588467,22.32708483,-1.49323285
472,103.26000000,0.24737025,21.79098336,-1.53261168,map,37.56669850,126.97800276,0,0.24414885,22.03111096,0.06000000,0.06000000,3.99191834,-0.13200047,-0.28332454,-0.28237159,0.06875944,-1.01468362,-1.53261168,0.23001729,21.76659228,-1.53261168
473,103.42000000,0.21517684,21.12587151,-1.57097064,map,37.56669107,126.97800245,0,0.21688935,21.20585440,0.02000000,0.02000000,3.97214035,-0.08568467,-0.18386089,-0.17888175,-0.07783629,-0.24125035,-1.57097064,0.22333210,21.12771790,-1.57097064
474,103.56000000,0.20182572,20.56616417,-1.58716702,map,37.56669107,126.97800245,0,0.21688935,21.20585440,0.16000000,0.16000000,3.97229527,-0.02673594,-0.05737124,-0.05358387,0.42050270,0.16209622,-1.58716702,0.21028492,20.56797144,-1.58716702
475,103.72000000,0.19373357,19.92084470,-1.58651304,map,37.56668381,126.97800228,0,0.20136634,20.40087010,0.12000000,0.12000000,3.98406905,0.02100520,0.04507266,0.04667969,0.11641117,0.34724265,-1.58651304,0.19943022,19.92828015,-1.58651304
476,103.86000000,0.19200229,19.36689336,-1.57711845,map,37.56667666,126.97800217,0,0.19192640,19.60719841,0.06000000,0.06000000,3.99589063,0.03819871,0.08197026,0.08118800,-0.09818111,0.23638974,-1.57711845,0.19739948,19.36845278,-1.57711845
477,104.02000000,0.20713672,18.73616477,-1.56545407,map,37.56666953,126.97800233,0,0.20612686,18.81614618,0.02000000,0.02000000,3.99798549,0.03195452,0.06857075,0.06866488,-0.01940558,0.24473407,-1.56545407,0.20265125,18.72871325,-1.56545407
478,104.16000000,0.21604216,18.17674235,-1.55786190,map,37.56666953,126.97800233,0,0.20612686,18.81614618,0.16000000,0.16000000,3.99791806,0.01885110,0.04045303,0.03952051,1.08321869,0.00064231,-1.55786190,0.21149420,18.16933283,-1.55786190
479,104.32000000,0.22872529,17.52799101,-1.55680910,map,37.56666225,126.97800251,0,0.22167038,18.00750857,0.12000000,0.12000000,3.99365585,-0.01245772,-0.02673346,-0.02891138,1.10049410,-0.35468846,-1.55680910,0.22117090,17.52988109,-1.55680910
480,104.46000000,0.22961553,16.97456006,-1.56390680,map,37.56665510,126.97800259,0,0.22914519,17.21397320,0.06000000,0.06000000,3.99780014,-0.02626331,-0.05635865,-0.05628118,-0.00037102,-0.21940541,-1.56390680,0.22387304,16.96923550,-1.56390680
481,104.62000000,0.21406150,16.32751737,-1.57167668,map,37.56664783,126.97800243,0,0.21450010,16.40751282,0.02000000,0.02000000,4.00034741,-0.01975779,-0.04239867,-0.04192691,-0.00451106,-0.15089093,-1.57167668,0.22202752,16.32957300,-1.57167668
482,104.76000000,0.20863714,15.76770416,-1.57841132,map,37.56664783,126.97800243,0,0.21450010,16.40751282,0.16000000,0.16000000,4.00038125,-0.02440959,-0.05238074,-0.05253085,-0.09743093,-0.18822471,-1.57841132,0.21656826,15.76941972,-1.57841132
483,104.92000000,0.20762852,15.12192650,-1.58642619,map,37.56664057,126.97800245,0,0.21649003,15.60169410,0.12000000,0.12000000,3.99639787,-0.02278365,-0.04889058,-0.04890363,0.01403314,-0.23946382,-1.58642619,0.20533677,15.12975654,-1.58642619
484,105.08000000,0.19062577,14.56522478,-1.59404804,map,37.56663340,126.97800223,0,0.19714598,14.80530379,0.06000000,0.06000000,4.00426097,-0.02026346,-0.04347735,-0.04313769,-0.04795030,-0.15027871,-1.59404804,0.18926372,14.48958728,-1.59404804
485,105.22000000,0.19141071,13.93665931,-1.59986505,map,37.56662629,126.97800220,0,0.19409785,14.01657905,0.02000000,0.02000000,3.99849458,-0.02029911,-0.04355995,-0.04408814,0.05266583,-0.21009712,-1.59986505,0.17190150,13.93009782,-1.59986505
486,105.36000000,0.17035980,13.37684651,-1.60628603,map,37.56662629,126.97800220,0,0.19409785,14.01657905,0.16000000,0.16000000,4.00181606,-0.02173870,-0.04664965,-0.04623855,-0.02291500,-0.24074709,-1.60628603,0.15083211,13.37028045,-1.60628603
487,105.52000000,0.12397358,12.74153359,-1.61401200,map,37.56661912,126.97800165,0,0.14599487,13.22091382,0.12000000,0.12000000,3.99695944,-0.02342940,-0.05027718,-0.04982956,0.01898718,-0.20514375,-1.61401200,0.12208317,12.73105085,-1.61401200
488,105.66000000,0.09038977,12.16747299,-1.62093320,map,37.56661179,126.97800117,0,0.10343012,12.40721480,0.06000000,0.06000000,4.00265464,-0.02252821,-0.04834406,-0.04820922,0.00204145,-0.19159378,-1.62093320,0.09269779,12.17175585,-1.62093320
489,105.82000000,0.05381092,11.53590303,-1.62841827,map,37.56660466,126.97800067,0,0.05878158,11.61570528,0.02000000,0.02000000,3.99844972,-0.02024767,-0.04344969,-0.04343582,-0.01900226,-0.10670480,-1.62841827,0.05469674,11.53294141,-1.62841827
490,105.96000000,0.01730614,10.97707516,-1.63410610,map,37.56660466,126.97800067,0,0.05878158,11.61570528,0.16000000,0.16000000,4.00232282,-0.01823853,-0.03913826,-0.03904663,-0.00399754,-0.13249175,-1.63410610,0.01816982,10.97406765,-1.63410610
491,106.12000000,-0.01779729,10.34407387,-1.63986385,map,37.56659751,126.97800018,0,0.01629598,10.82277383,0.12000000,0.12000000,3.99898178,-0.01596381,-0.03425696,-0.03418157,0.03091178,-0.11813278,-1.63986385,-0.02688542,10.33569508,-1.63986385
492,106.26000000,-0.07244723,9.76787033,-1.64458087,map,37.56659017,126.97799939,0,-0.05405755,10.00723914,0.06000000,0.06000000,4.00113490,-0.01565185,-0.03358757,-0.03364092,-0.01276493,-0.13659819,-1.64458087,-0.06905803,9.77726324,-1.64458087
493,106.42000000,-0.12885284,9.13256797,-1.65032126,map,37.56658300,126.97799862,0,-0.12218250,9.21227778,0.02000000,0.02000000,3.99892493,-0.01725570,-0.03702924,-0.03719124,0.00425417,-0.16496395,-1.65032126,-0.12071968,9.13936362,-1.65032126
494,106.56000000,-0.17715708,8.57458021,-1.65541221,map,37.56658300,126.97799862,0,-0.12218250,9.21227778,0.16000000,0.16000000,4.00065817,-0.01624836,-0.03486762,-0.03485667,0.01535505,-0.14141325,-1.65541221,-0.16901136,8.58156281,-1.65541221
495,106.72000000,-0.22428650,7.94733931,-1.65887203,map,37.56657591,126.97799795,0,-0.18137080,8.42552104,0.12000000,0.12000000,3.99567680,-0.00207627,-0.00445457,-0.00313427,0.16825341,0.13852058,-1.65887203,-0.22610265,7.94401039,-1.65887203
496,106.86000000,-0.27467968,7.39264944,-1.65514070,map,37.56656876,126.97799711,0,-0.25527822,7.63170959,0.06000000,0.06000000,3.98762327,0.02248246,0.04824416,0.04878753,0.09360159,0.29053104,-1.65514070,-0.27296216,7.38561675,-1.65514070
497,107.02000000,-0.31485586,6.74000979,-1.64612724,map,37.56656145,126.97799650,0,-0.30934042,6.81985650,0.02000000,0.02000000,4.00177484,0.02771245,0.05946938,0.05993913,-0.03558348,0.23086547,-1.64612724,-0.31985462,6.74757302,-1.64612724
498,107.16000000,-0.35097478,6.18093415,-1.63807968,map,37.56656145,126.97799650,0,-0.30934042,6.81985650,0.16000000,0.16000000,3.99874986,0.02548865,0.05469658,0.05471692,-0.00414574,0.18557097,-1.63807968,-0.35596875,6.18853896,-1.63807968
499,107.32000000,-0.40627519,5.55475573,-1.62977977,map,37.56655436,126.97799571,0,-0.37942408,6.03382101,0.12000000,0.12000000,4.00219463,0.02209489,0.04741391,0.04712111,-0.07722381,0.10475607,-1.62977977,-0.39239757,5.54978482,-1.62977977
500,107.46000000,-0.42173896,4.98257664,-1.62366894,map,37.56654705,126.97799536,0,-0.40995404,5.22234781,0.06000000,0.06000000,3.99817803,0.01993438,0.04277766,0.04323103,0.01364000,0.18672199,-1.62366894,-0.42083470,4.99031227,-1.62366894
501,107.62000000,-0.45414963,4.37924828,-1.61677687,map,37.56654018,126.97799490,0,-0.45086002,4.45911994,0.02000000,0.02000000,4.00337945,0.02120699,0.04550900,0.04575880,0.03316106,0.22110037,-1.61677687,-0.44923880,4.35115860,-1.61677687
502,107.76000000,-0.47478785,3.81907486,-1.60986846,map,37.56654018,126.97799490,0,-0.45086002,4.45911994,0.16000000,0.16000000,4.00105760,0.02303489,0.04942894,0.04927231,0.01558649,0.19129366,-1.60986846,-0.46984828,3.79128325,-1.60986846
503,107.92000000,-0.48678681,3.16337132,-1.60263780,map,37.56653282,126.97799465,0,-0.47275514,3.64284447,0.12000000,0.12000000,3.99689310,0.01911830,0.04102827,0.04078082,0.01473098,0.15356215,-1.60263780,-0.48905507,3.15198516,-1.60263780
504,108.06000000,-0.50609998,2.59616711,-1.59711535,map,37.56652555,126.97799433,0,-0.50059439,2.83619327,0.06000000,0.06000000,4.00138530,0.01797766,0.03857959,0.03864959,-0.07707320,0.13236305,-1.59711535,-0.50274733,2.59187526,-1.59711535
505,108.22000000,-0.49289245,1.95517358,-1.59101105,map,37.56651834,126.97799444,0,-0.49159416,2.03512304,0.02000000,0.02000000,3.99823970,0.01768205,0.03794793,0.03812245,0.00033841,0.13271984,-1.59101105,-0.51477107,1.95220078,-1.59101105
506,108.36000000,-0.50043589,1.39506782,-1.58603558,map,37.56651834,126.97799444,0,-0.49159416,2.03512304,0.16000000,0.16000000,4.00027003,0.01437977,0.03085803,0.03048841,0.03147988,0.11219914,-1.58603558,-0.52231963,1.39204032,-1.58603558
507,108.52000000,-0.52656669,0.75474048,-1.58172510,map,37.56651112,126.97799409,0,-0.52206087,1.23466644,0.12000000,0.12000000,3.99828107,0.01163497,0.02496801,0.02487212,-0.00371842,0.08512501,-1.58172510,-0.52862913,0.75218452,-1.58172510
508,108.66000000,-0.54761725,0.19472602,-1.57868724,map,37.56650392,126.97799382,0,-0.54614762,0.43479474,0.06000000,0.06000000,4.00097587,0.00867089,0.01860726,0.01835586,-0.00999838,0.04316334,-1.57868724,-0.53243779,0.19208203,-1.57868724
509,108.82000000,-0.53722724,-0.45136101,-1.57766306,map,37.56649665,126.97799393,0,-0.53663159,-0.37134425,0.02000000,0.02000000,3.99346025,-0.00385775,-0.00827811,-0.00879242,0.07950331,-0.13112160,-1.57766306,-0.53642937,-0.44792506,-1.57766306
510,108.96000000,-0.54294800,-1.01099450,-1.58044798,map,37.56649665,126.97799393,0,-0.53663159,-0.37134425,0.16000000,0.16000000,3.99341378,-0.01445396,-0.03101638,-0.03160036,0.05762411,-0.20453274,-1.58044798,-0.54220637,-1.00782661,-1.58044798
511,109.12000000,-0.55163107,-1.65431749,-1.58682612,map,37.56648942,126.97799386,0,-0.54285803,-1.17398638,0.12000000,0.12000000,4.00064339,-0.02063500,-0.04428104,-0.04440075,-0.00892525,-0.18679512,-1.58682612,-0.55330610,-1.64768765,-1.58682612
512,109.26000000,-0.58213360,-2.20812103,-1.59323653,map,37.56648227,126.97799348,0,-0.57578272,-1.96829188,0.06000000,0.06000000,3.99767939,-0.02170092,-0.04656819,-0.04628949,0.01324977,-0.19603867,-1.59323653,-0.56706118,-2.20745006,-1.59323653
513,109.42000000,-0.58879695,-2.85171859,-1.60057217,map,37.56647503,126.97799337,0,-0.58603626,-2.77174567,0.02000000,0.02000000,4.00273403,-0.02060000,-0.04420622,-0.04396904,-0.01525892,-0.13045337,-1.60057217,-0.58722634,-2.84709409,-1.60057217
514,109.56000000,-0.61035191,-3.41148040,-1.60720869,map,37.56647503,126.97799337,0,-0.58603626,-2.77174567,0.16000000,0.16000000,3.99867683,-0.02352488,-0.05048230,-0.05097325,-0.05069487,-0.25228840,-1.60720869,-0.60882011,-3.40683439,-1.60720869
515,109.72000000,-0.63323524,-4.04041477,-1.61538740,map,37.56646792,126.97799309,0,-0.61043920,-3.56097583,0.12000000,0.12000000,4.00076915,-0.02331383,-0.05002950,-0.05012782,0.02815970,-0.16955985,-1.61538740,-0.63855836,-4.04601861,-1.61538740
516,109.86000000,-0.66314422,-4.59149065,-1.62209475,map,37.56646079,126.97799264,0,-0.64986297,-4.35186771,0.06000000,0.06000000,3.99508563,-0.02065691,-0.04432483,-0.04432041,0.04478578,-0.16206617,-1.62209475,-0.66856947,-4.60527623,-1.62209475
517,110.02000000,-0.70327332,-5.24687052,-1.62857503,map,37.56645345,126.97799210,0,-0.69832717,-5.16699169,0.02000000,0.02000000,3.99967312,-0.01736961,-0.03727359,-0.03715113,-0.01665079,-0.10533535,-1.62857503,-0.70653599,-5.24409631,-1.62857503
518,110.16000000,-0.73915523,-5.80574863,-1.63319336,map,37.56645345,126.97799210,0,-0.69832717,-5.16699169,0.16000000,0.16000000,3.99353196,-0.01209961,-0.02596491,-0.02541688,0.05406405,-0.06280505,-1.63319336,-0.74239699,-5.80293041,-1.63319336
519,110.32000000,-0.79026117,-6.43293641,-1.63571529,map,37.56644635,126.97799141,0,-0.75863522,-5.95396688,0.12000000,0.12000000,3.99607967,-0.00242764,-0.00520899,-0.00483272,0.03961058,0.07756322,-1.63571529,-0.78446449,-6.44141218,-1.63571529
520,110.46000000,-0.81444762,-7.00992758,-1.63512993,map,37.56643900,126.97799095,0,-0.79918535,-6.77033848,0.06000000,0.06000000,3.99834128,0.00444645,0.00954162,0.01002952,0.00426088,0.04729526,-1.63512993,-0.82045186,-7.00029919,-1.63512993
521,110.62000000,-0.85954662,-7.63301187,-1.63312774,map,37.56643195,126.97799033,0,-0.85469651,-7.55316793,0.02000000,0.02000000,3.99776086,0.00716571,0.01537679,0.01538760,0.01577990,0.07928197,-1.63312774,-0.86006973,-7.63908985,-1.63312774
522,110.76000000,-0.89265702,-8.19190739,-1.63072487,map,37.56643195,126.97799033,0,-0.85469651,-7.55316793,0.16000000,0.16000000,4.00045382,0.00843804,0.01810750,0.01786475,-0.00432676,0.06223358,-1.63072487,-0.89316987,-8.19802678,-1.63072487
523,110.92000000,-0.92105019,-8.82839805,-1.62758892,map,37.56642472,126.97798987,0,-0.89467409,-8.35489392,0.12000000,0.12000000,3.88159613,0.00901541,0.01934149,0.01912070,-1.67928884,0.03360497,-1.62758892,-0.92866552,-8.83021679,-1.62758892
524,111.06000000,-0.95107061,-9.35172146,-1.62542625,map,37.56641777,126.97798937,0,-0.93908667,-9.12704375,0.06000000,0.06000000,3.71550083,0.00518640,0.01111709,0.01090480,-1.66026516,0.01249218,-1.62542625,-0.95711946,-9.35938405,-1.62542625
525,111.22000000,-1.00269793,-9.93190950,-1.62430616,map,37.56641115,126.97798869,0,-0.99896437,-9.86139276,0.02000000,0.02000000,3.52463918,0.00176944,0.00379322,0.00354435,0.02472494,-0.00868257,-1.62430616,-0.98781076,-9.93705798,-1.62430616
526,111.38000000,-1.03209159,-10.48457953,-1.62411732,map,37.56641115,126.97798869,0,-0.99896437,-9.86139276,0.18000000,0.18000000,3.36219326,-0.00059969,-0.00128520,-0.00144701,-1.63885260,0.00130113,-1.62411732,-1.01717434,-10.48866102,-1.62411732
527,111.56000000,-1.03957989,-11.07414884,-1.62502965,map,37.56640487,126.97798855,0,-1.01146776,-10.55857038,0.16000000,0.16000000,3.13145913,-0.00331855,-0.00711000,-0.00694903,-1.66798089,-0.05407323,-1.62502965,-1.04880793,-11.06957674,-1.62502965
528,111.76000000,-1.08355514,-11.65522673,-1.62667605,map,37.56639926,126.97798804,0,-1.05674664,-11.18120588,0.16000000,0.16000000,2.88203119,-0.00441063,-0.00944235,-0.00911487,-1.62538388,-0.04453361,-1.62667605,-1.08240369,-11.66581938,-1.62667605
529,111.96000000,-1.11519665,-12.20704014,-1.62856177,map,37.56639393,126.97798767,0,-1.08971637,-11.77274941,0.16000000,0.16000000,2.65643146,-0.00436171,-0.00933294,-0.00941384,-0.00717508,-0.01943744,-1.62856177,-1.11443009,-12.21336761,-1.62856177
530,112.16000000,-1.14340275,-12.70958927,-1.63037291,map,37.56638909,126.97798733,0,-1.11917851,-12.31012017,0.16000000,0.16000000,2.38472336,-0.00444230,-0.00949986,-0.00960443,-1.55027319,-0.07094870,-1.63037291,-1.14481292,-12.71626907,-1.63037291
531,112.38000000,-1.17618203,-13.22254645,-1.63366723,map,37.56638452,126.97798698,0,-1.14997163,-12.81688257,0.18000000,0.18000000,2.28759335,-0.01037546,-0.02216949,-0.02245997,1.18202192,-0.06575498,-1.63366723,-1.17681520,-13.21525423,-1.63366723
532,112.62000000,-1.23077778,-13.79021305,-1.63917244,map,37.56637618,126.97798611,0,-1.22731131,-13.74235594,0.02000000,0.02000000,2.38977505,-0.01013108,-0.02166571,-0.02190438,-0.00992290,-0.02943275,-1.63917244,-1.21727241,-13.79092492,-1.63917244
533,112.86000000,-1.27245247,-14.37751006,-1.64494030,map,37.56637188,126.97798574,0,-1.26014487,-14.21998312,0.06000000,0.06000000,2.67137579,-0.01269665,-0.02715338,-0.02744053,1.16710633,-0.07812484,-1.64494030,-1.26313942,-14.39590685,-1.64494030
534,113.06000000,-1.30228508,-14.94232746,-1.65090709,map,37.56636686,126.97798542,0,-1.28825664,-14.77669364,0.06000000,0.06000000,2.79626754,-0.01459555,-0.03124021,-0.03122823,-0.03206006,-0.05904582,-1.65090709,-1.30807624,-14.94151664,-1.65090709
535,113.26000000,-1.35550737,-15.49803336,-1.65771455,map,37.56636192,126.97798484,0,-1.33959902,-15.32490522,0.06000000,0.06000000,2.91708067,-0.01740014,-0.03725284,-0.03742285,0.02814289,-0.14076213,-1.65771455,-1.35894724,-15.51151880,-1.65771455
536,113.46000000,-1.42018007,-16.05987527,-1.66570267,map,37.56635677,126.97798411,0,-1.40367729,-15.89676048,0.06000000,0.06000000,2.68824185,-0.02097202,-0.04489388,-0.04518992,-1.59881963,-0.13779566,-1.66570267,-1.41351126,-16.06989454,-1.66570267
537,113.66000000,-1.46242329,-16.56720695,-1.67646362,map,37.56635207,126.97798364,0,-1.44518308,-16.41786133,0.06000000,0.06000000,2.46716287,-0.02874520,-0.06148295,-0.06193915,0.01348798,-0.19655677,-1.67646362,-1.46973844,-16.58017039,-1.67646362
538,113.88000000,-1.53225105,-17.09645000,-1.69782855,map,37.56634757,126.97798296,0,-1.50563119,-16.91731831,0.08000000,0.08000000,2.21959999,-0.06868617,-0.14683415,-0.14964211,-1.66040822,-0.61121207,-1.69782856,-1.53837693,-17.08935466,-1.69782856
539,114.16000000,-1.64972025,-17.65772456,-1.75762695,map,37.56634364,126.97798211,0,-1.58065301,-17.35445242,0.16000000,0.16000000,1.84380771,-0.11979409,-0.25588423,-0.25593907,-1.66808049,-0.50228270,-1.75762695,-1.65212359,-17.64141842,-1.75762695
540,114.46000000,-1.81745718,-18.18774001,-1.84169835,map,37.56633717,126.97797988,0,-1.77748501,-18.07154215,0.06000000,0.06000000,2.08217407,-0.14484884,-0.30955210,-0.31034236,1.16269251,-0.70580339,-1.84169835,-1.82000673,-18.18931439,-1.84169835
541,114.72000000,-2.03910762,-18.73080673,-1.92835564,map,37.56633355,126.97797817,0,-1.92872635,-18.47406425,0.12000000,0.12000000,2.39264724,-0.16691217,-0.35694925,-0.35779259,1.07983299,-0.93019626,-1.92835564,-2.03927591,-18.73256499,-1.92835564
542,114.96000000,-2.31669665,-19.26805504,-2.02109141,map,37.56632972,126.97797600,0,-2.12051177,-18.89942675,0.16000000,0.16000000,2.73339664,-0.20588685,-0.39922630,-0.42286991,1.23544530,-1.30893313,-2.02109140,-2.32035750,-19.27960199,-2.02109140
543,115.16000000,-2.63894570,-19.74557247,-2.11005541,map,37.56632558,126.97797297,0,-2.38761793,-19.35840414,0.16000000,0.16000000,2.98232211,-0.21801060,-0.46681448,-0.46763048,0.97844867,-1.46883701,-2.11005541,-2.62854588,-19.76318023,-2.11005541
544,115.32000000,-2.93506086,-20.15522165,-2.18712018,map,37.56632104,126.97796935,0,-2.70741492,-19.86217023,0.12000000,0.12000000,3.10008851,-0.22785194,-0.48801143,-0.48761537,0.02060069,-1.52392776,-2.18712017,-2.92686162,-20.15463097,-2.18712017
545,115.48000000,-3.26081388,-20.53477182,-2.26780349,map,37.56631670,126.97796511,0,-3.08266411,-20.34346441,0.08000000,0.08000000,3.22868544,-0.23691025,-0.50755075,-0.50780003,-0.10829301,-1.60868200,-2.26780349,-3.27002582,-20.53793404,-2.26780349
546,115.66000000,-3.66850620,-20.91119016,-2.35577578,map,37.56631270,126.97796004,0,-3.53057107,-20.78841690,0.06000000,0.06000000,3.10267334,-0.22780976,-0.48806721,-0.48750270,-0.09262737,-1.52357050,-2.35577578,-3.67781665,-20.92269454,-2.35577578
547,115.82000000,-4.06306628,-21.23825881,-2.43289193,map,37.56630898,126.97795458,0,-4.01303108,-21.20098479,0.02000000,0.02000000,3.09637126,-0.22719651,-0.48660286,-0.48456721,-2.95100968,-1.30729895,-2.43289193,-4.06221727,-21.22960314,-2.43289193
548,116.02000000,-4.57732180,-21.57221920,-2.53057501,map,37.56630593,126.97794881,0,-4.52246573,-21.53912663,0.02000000,0.02000000,3.21119871,-0.23556174,-0.50464378,-0.50647380,2.98826099,-1.82930502,-2.53057501,-4.58111081,-21.57434553,-2.53057501
549,116.18000000,-5.05146733,-21.82849334,-2.61533201,map,37.56630593,126.97794881,0,-4.52246573,-21.53912663,0.18000000,0.18000000,3.46853787,-0.25403285,-0.54556927,-0.54663340,1.04780550,-1.98503530,-2.61533201,-5.05645748,-21.83110271,-2.61533201
550,116.32000000,-5.51532213,-22.03379884,-2.69317387,map,37.56630300,126.97794200,0,-5.12386959,-21.86428013,0.12000000,0.12000000,3.52779690,-0.25860552,-0.55439573,-0.55358408,-1.67450775,-1.84569372,-2.69317387,-5.51091412,-22.03073755,-2.69317387
551,116.48000000,-6.04805355,-22.21547653,-2.78149321,map,37.56630062,126.97793461,0,-5.77739338,-22.12896387,0.08000000,0.08000000,3.50723288,-0.25524912,-0.54716571,-0.54571249,-1.69756817,-1.77482281,-2.78149321,-6.04575582,-22.21457292,-2.78149321
552,116.66000000,-6.65525090,-22.36127434,-2.87678343,map,37.56629890,126.97792690,0,-6.45785450,-22.31958289,0.06000000,0.06000000,3.31550768,-0.23913366,-0.51247856,-0.51234327,-0.26129312,-1.62978067,-2.87678342,-6.64335325,-22.36070274,-2.87678342
553,116.82000000,-7.15437139,-22.42744540,-2.95371156,map,37.56629800,126.97791972,0,-7.09255274,-22.41964149,0.02000000,0.02000000,3.09330032,-0.20428694,-0.43753416,-0.43445866,-1.59516391,-0.99494283,-2.95371156,-7.15073248,-22.44029763,-2.95371156
554,117.02000000,-7.75815209,-22.49826890,-3.02250497,map,37.56629733,126.97791285,0,-7.69916274,-22.49355037,0.02000000,0.02000000,2.96703837,-0.11924894,-0.25550561,-0.25164567,1.10373984,-0.34444350,-3.02250497,-7.74755513,-22.49833210,-3.02250497
555,117.22000000,-8.37318322,-22.54291378,-3.05739425,map,37.56629681,126.97790605,0,-7.69916274,-22.49355037,0.22000000,0.22000000,3.19638892,-0.05881541,-0.12599655,-0.12395611,1.18888599,-0.18045936,-3.05739425,-8.36383008,-22.54332248,-3.05739425
556,117.42000000,-9.02558885,-22.60261017,-3.07608471,map,37.56629638,126.97789861,0,-8.95752716,-22.59874957,0.02000000,0.02000000,3.38252677,-0.03077807,-0.06592729,-0.06479808,-1.64852393,-0.08856488,-3.07608471,-9.02567160,-22.58349111,-3.07608471
557,117.58000000,-9.55187437,-22.63164219,-3.08301421,map,37.56629638,126.97789861,0,-8.95752716,-22.59874957,0.18000000,0.18000000,3.21241473,-0.00993249,-0.02127776,-0.02026839,0.11337757,0.05580476,-3.08301421,-9.55124253,-22.61258865,-3.08301421
558,117.76000000,-10.12662589,-22.63504586,-3.08229197,map,37.56629634,126.97789130,0,-9.60338162,-22.60406883,0.16000000,0.16000000,3.30056224,0.00968931,0.02076106,0.02248126,1.35268460,0.24724631,-3.08229197,-10.13908667,-22.64728884,-3.08229197
559,117.92000000,-10.66610104,-22.68321296,-3.07605004,map,37.56629587,126.97788370,0,-10.27480456,-22.65624875,0.12000000,0.12000000,3.30253024,0.02262876,0.04848779,0.04849159,1.16558562,0.17415154,-3.07605004,-10.66210132,-22.68272664,-3.07605004
560,118.08000000,-11.20487959,-22.73614341,-3.06819559,map,37.56629534,126.97787628,0,-10.92983918,-22.71460521,0.08000000,0.08000000,3.43591703,0.02331360,0.04998257,0.05001167,-0.03331531,0.21075621,-3.06819559,-11.20538217,-22.72423056,-3.06819559
561,118.26000000,-11.80273028,-22.78279757,-3.05915678,map,37.56629488,126.97786863,0,-11.60614359,-22.76544931,0.06000000,0.06000000,3.31035777,0.02355242,0.05046342,0.05054502,1.15053117,0.18633184,-3.05915678,-11.80520765,-22.77528816,-3.05915678
562,118.42000000,-12.33985506,-22.82665385,-3.05230051,map,37.56629439,126.97786105,0,-12.27531645,-22.82056276,0.02000000,0.02000000,3.21579437,0.01621834,0.03474446,0.03392919,-1.63625801,0.05846309,-3.05230051,-12.33054533,-22.82383638,-3.05230051
563,118.58000000,-12.85464487,-22.87583112,-3.04832330,map,37.56629439,126.97786105,0,-12.27531645,-22.82056276,0.18000000,0.18000000,3.21814220,0.00630145,0.01350221,0.01269011,0.08406057,-0.04202686,-3.04832330,-12.84550074,-22.87298926,-3.04832330
564,118.76000000,-13.40480834,-22.92399438,-3.05027392,map,37.56629386,126.97785388,0,-12.90943683,-22.87860719,0.16000000,0.16000000,2.99411657,-0.01958216,-0.04193127,-0.04461602,-1.61231740,-0.40344478,-3.05027392,-13.40322535,-22.92416109,-3.05027392
565,118.96000000,-13.98996530,-22.95887166,-3.06785104,map,37.56629342,126.97784681,0,-13.53341893,-22.92829939,0.16000000,0.16000000,2.87349412,-0.05686404,-0.12171828,-0.12366021,1.14209373,-0.52748616,-3.06785104,-13.97776710,-22.96421943,-3.06785104
566,119.16000000,-14.55244850,-22.99093070,-3.09501994,map,37.56629299,126.97784038,0,-14.10227795,-22.97519348,0.16000000,0.16000000,2.70715694,-0.06396158,-0.13687675,-0.13653384,-1.63347084,-0.32142806,-3.09501994,-14.54276130,-22.98568246,-3.09501994
567,119.36000000,-15.06451316,-23.00457869,-3.12125426,map,37.56629275,126.97783415,0,-14.65265195,-23.00165758,0.16000000,0.16000000,2.58818264,-0.06056203,-0.12956793,-0.12981230,1.19017040,-0.37169367,-3.12125426,-15.06172527,-22.99072967,-3.12125426
568,119.56000000,-15.56685472,-22.98834726,3.13698841,map,37.56629281,126.97782835,0,-15.16435387,-22.99553296,0.16000000,0.16000000,2.42993595,-0.05442463,-0.11640493,-0.11600231,-1.55127488,-0.20660819,3.13698841,-15.56671129,-22.98296577,3.13698841
569,119.78000000,-16.08749433,-22.96129604,3.11253930,map,37.56629296,126.97782261,0,-15.67166022,-22.97853796,0.18000000,0.18000000,2.20492764,-0.05105063,-0.10914924,-0.10945992,-1.55491407,-0.25551271,3.11253930,-16.07749455,-22.96294618,3.11253930
570,120.06000000,-16.66321839,-22.92275423,3.08024423,map,37.56629337,126.97781279,0,-16.53933954,-22.93327757,0.06000000,0.06000000,2.09138630,-0.05595839,-0.11954596,-0.12045197,2.45399585,-0.30968307,3.08024423,-16.66471818,-22.92145491,3.08024423
571,120.32000000,-17.21943192,-22.86868186,3.05006651,map,37.56629369,126.97780810,0,-16.95344493,-22.89767994,0.12000000,0.12000000,2.25906315,-0.04909659,-0.10496618,-0.10431700,-0.05840020,-0.17734231,3.05006651,-17.22891247,-22.86374438,3.05006651
572,120.56000000,-17.72446176,-22.81307854,3.02985219,map,37.56629410,126.97780302,0,-17.40261453,-22.85263309,0.14000000,0.14000000,2.23728870,-0.02777602,-0.05942962,-0.05809060,-1.58242622,-0.02155620,3.02985219,-17.77797206,-22.79772140,3.02985219
573,120.78000000,-18.23219800,-22.73424227,3.02157488,map,37.56629475,126.97779779,0,-17.86428343,-22.78053446,0.18000000,0.18000000,1.96689101,-0.01136763,-0.02428747,-0.02382759,-0.04592180,-0.00407182,3.02157488,-18.23242730,-22.74067419,3.02157488
574,121.06000000,-18.80031724,-22.68216661,3.01696403,map,37.56629549,126.97778859,0,-18.67751116,-22.69778572,0.06000000,0.06000000,2.03261188,-0.00288054,-0.00616842,-0.00574580,-1.58091006,0.03721697,3.01696403,-18.79463836,-22.66914982,3.01696403
575,121.32000000,-19.30268627,-22.60530327,3.01878578,map,37.56629608,126.97778410,0,-19.07417142,-22.63298409,0.12000000,0.12000000,1.94179310,0.00677553,0.01448322,0.01448029,-0.00422025,0.06010128,3.01878578,-19.29613515,-22.60740135,3.01878578
576,121.62000000,-19.83850708,-22.54550012,3.02414374,map,37.56629683,126.97777583,0,-19.80491559,-22.54925770,0.02000000,0.02000000,1.66608583,0.01087781,0.02322620,0.02322605,-1.52914632,0.07271180,3.02414374,-19.84018070,-22.54410603,3.02414374
577,121.96000000,-20.36005120,-22.48331745,3.03219081,map,37.56629720,126.97777222,0,-20.12337523,-22.50803112,0.16000000,0.16000000,1.54567884,0.01112709,0.02375376,0.02397809,1.27767161,0.06636419,3.03219081,-20.36500713,-22.48810642,3.03219081
578,122.26000000,-20.88236457,-22.42991082,3.03957708,map,37.56629781,126.97776491,0,-20.76968318,-22.44086213,0.06000000,0.06000000,1.92447084,0.01039299,0.02220370,0.02204441,1.24679479,0.04227022,3.03957708,-20.88523900,-22.43648771,3.03957708
579,122.52000000,-21.45378687,-22.38324454,3.04536631,map,37.56629809,126.97776036,0,-21.17131524,-22.40940152,0.12000000,0.12000000,2.44632859,0.00970634,0.02075906,0.02077375,1.17878171,0.07547783,3.04536631,-21.46341064,-22.38147000,3.04536631
580,122.72000000,-21.97297482,-22.33854815,3.04856708,map,37.56629848,126.97775473,0,-21.66864933,-22.36638014,0.12000000,0.12000000,2.48039232,0.00413627,0.00854924,0.00839067,-1.59267564,-0.03442093,3.04856708,-21.96655352,-22.33533623,3.04856708
581,122.92000000,-22.47659673,-22.29233247,3.04858723,map,37.56629889,126.97774900,0,-22.17535055,-22.32048683,0.12000000,0.12000000,2.45805197,-0.00294860,-0.00630663,-0.00676364,-1.56398393,-0.05082965,3.04858723,-22.46253470,-22.28919548,3.04858723
582,123.16000000,-22.97580546,-22.22907412,3.04652908,map,37.56629943,126.97774358,0,-22.65351357,-22.26019924,0.14000000,0.14000000,2.27392423,-0.00515208,-0.01103511,-0.01142251,-1.58720397,-0.07449708,3.04652908,-23.02152083,-22.23554906,3.04652908
583,123.38000000,-23.49518834,-22.19208142,3.04359632,map,37.56629971,126.97773835,0,-23.11589130,-22.23004557,0.18000000,0.18000000,1.99724205,-0.00647137,-0.01383321,-0.01339653,-2.87684261,-0.00541008,3.04359632,-23.48855193,-22.18897808,3.04359632
584,123.66000000,-23.99322702,-22.13009226,3.03969007,map,37.56630051,126.97772959,0,-23.88956192,-22.14101055,0.06000000,0.06000000,1.69341366,-0.00532415,-0.01136936,-0.01151512,-1.55051975,0.00391721,3.03969007,-24.00311469,-22.13552869,3.03969007
585,124.02000000,-24.50007944,-22.09878559,3.03769621,map,37.56630087,126.97772293,0,-24.47802759,-22.10110544,0.02000000,0.02000000,1.09567220,-0.00084181,-0.00179526,-0.00126876,-1.50999273,-0.00911277,3.03769621,-24.50996371,-22.08212932,3.03769621
586,124.82000000,-25.01000449,-22.03730107,3.03672652,map,37.56630143,126.97771707,0,-24.99591540,-22.03880516,0.02000000,0.02000000,0.72611783,-0.00118622,-0.00252751,-0.00261802,1.42790877,-0.00494040,3.03672652,-24.99789148,-22.03059669,3.03672652
587,125.32000000,-25.54835872,-21.94620180,3.03498532,map,37.56630210,126.97771268,0,-25.38347575,-21.96406314,0.12000000,0.12000000,1.45951449,-0.00200076,-0.00427004,-0.00422518,1.25882668,-0.01755975,3.03498532,-25.54335871,-21.97188806,3.03498532
588,125.66000000,-26.05189281,-21.92424190,3.03373461,map,37.56630238,126.97770610,0,-25.96502604,-21.93372167,0.06000000,0.06000000,1.41160633,-0.00123316,-0.00263182,-0.00244286,-1.50763219,-0.00099983,3.03373461,-26.06600659,-21.91499003,3.03373461
589,126.12000000,-26.56403235,-21.84757945,3.03297298,map,37.56630306,126.97770039,0,-26.46971059,-21.85787491,0.10000000,0.10000000,0.89463141,0.00006952,0.00014805,-0.00000910,-1.47782419,-0.00150205,3.03297298,-26.59023042,-21.85761995,3.03297298
590,130.22000000,-26.05013705,-21.91889944,3.03961057,map,37.56630254,126.97770479,0,-26.08107876,-21.91567541,0.02000000,0.02000000,-1.56851530,0.00195032,0.00413605,0.00374906,-1.27356906,-0.08025642,3.03961057,-26.06153145,-21.91676569,3.03961057
591,130.62000000,-25.51449106,-21.97500622,3.03025545,map,37.56630202,126.97771094,0,-25.53705885,-21.97289103,0.02000000,0.02000000,-1.10800292,-0.02025187,-0.04298875,-0.04335747,1.53344787,-0.00544099,3.03025545,-25.52193763,-21.96910342,3.03025545
592,131.36000000,-25.01742373,-22.04102423,3.00145000,map,37.56630148,126.97771599,0,-25.09156875,-22.03296087,0.16000000,0.16000000,-0.57570355,-0.01684002,-0.03578614,-0.03619764,-1.29212808,-0.01856208,3.00145000,-25.00671115,-22.02009859,3.00145000
593,131.98000000,-24.51141846,-22.07545281,2.96577779,map,37.56630126,126.97772104,0,-24.64482747,-22.05782514,0.18000000,0.18000000,-0.61856985,-0.02502630,-0.05280930,-0.05218658,1.51298734,0.10810106,2.96577779,-24.51201986,-22.08135645,2.96577779
594,132.96000000,-24.00747994,-22.17182310,2.92427488,map,37.56630033,126.97772757,0,-24.06802169,-22.16087507,0.16000000,0.16000000,-0.49569041,-0.01812716,-0.03852784,-0.03922077,-1.40591232,-0.04752174,2.92427488,-24.00545096,-22.16260252,2.92427488
595,134.06000000,-23.51055840,-22.26743767,2.87635650,map,37.56629944,126.97773346,0,-23.54777142,-22.25935996,0.06000000,0.06000000,-0.70109069,-0.03481387,-0.07396182,-0.07509771,-2.22410440,-0.07907031,2.87635650,-23.52359029,-22.25741373,2.87635650
596,134.56000000,-22.99871213,-22.37917505,2.81993515,map,37.56629886,126.97773733,0,-23.20569870,-22.32346119,0.16000000,0.16000000,-1.43318749,-0.06822124,-0.14470987,-0.14461404,-0.03001872,0.23190272,2.81993515,-22.99315122,-22.39038753,2.81993515
597,134.98000000,-22.51475163,-22.52582967,2.76968901,map,37.56629757,126.97774312,0,-22.69423226,-22.46734452,0.18000000,0.18000000,-0.94085288,-0.04372555,-0.09284723,-0.09196910,1.49631421,0.14407706,2.76968901,-22.51896407,-22.53662734,2.76968901
598,135.42000000,-22.01572298,-22.71582604,2.71876956,map,37.56629543,126.97775047,0,-22.04512514,-22.70418817,0.02000000,0.02000000,-1.59277690,-0.07077153,-0.15006968,-0.15082928,-1.33965404,0.17168483,2.71876956,-22.01619464,-22.72189365,2.71876956
599,135.72000000,-21.54174271,-22.94027071,2.66706158,map,37.56629415,126.97775378,0,-21.75275632,-22.84625073,0.12000000,0.12000000,-2.01325571,-0.09007539,-0.19083284,-0.19142550,-1.33920058,0.30799593,2.66706158,-21.51678662,-22.93558124,2.66706158
600,135.96000000,-21.06421640,-23.15261971,2.61897676,map,37.56629274,126.97775816,0,-21.36559132,-23.00291647,0.16000000,0.16000000,-2.00939608,-0.09172848,-0.19437299,-0.19380045,1.48384986,0.46392230,2.61897676,-21.06581661,-23.15527462,2.61897676
601,136.26000000,-20.58394312,-23.40964642,2.56659256,map,37.56628953,126.97776603,0,-20.67055452,-23.35947194,0.06000000,0.06000000,-1.62546416,-0.07280708,-0.15437653,-0.15308857,1.45892056,0.40480534,2.56659256,-20.59025567,-23.41719070,2.56659256
602,136.62000000,-20.15170931,-23.70072626,2.54481355,map,37.56628658,126.97777167,0,-20.17201561,-23.68658621,0.02000000,0.02000000,-1.21407980,0.01506234,0.03196525,0.03335416,1.54387610,0.10724981,2.54481355,-20.16239911,-23.69236009,2.54481355
603,137.16000000,-19.73270323,-23.98111765,2.57371670,map,37.56628468,126.97777527,0,-19.85430455,-23.89747784,0.16000000,0.16000000,-1.02478779,0.03014777,0.06400436,0.06418632,-1.28746882,-0.01427518,2.57371670,-19.73954186,-23.98785983,2.57371670
604,137.56000000,-19.30384966,-24.28241342,2.60743968,map,37.56628237,126.97777926,0,-19.50200954,-24.15400318,0.16000000,0.16000000,-1.53774919,0.05600637,0.11872419,0.11955582,1.49490845,-0.07645572,2.60743968,-19.29974901,-24.27746102,2.60743968
605,137.96000000,-18.86515580,-24.54993135,2.65442989,map,37.56627965,126.97778468,0,-19.02246839,-24.45617497,0.16000000,0.16000000,-1.04248231,0.03823278,0.08116610,0.08012536,0.08113260,-0.16579488,2.65442989,-18.86188540,-24.54815823,2.65442989
606,139.12000000,-18.41313545,-24.78932145,2.65023652,map,37.56627677,126.97779125,0,-18.44219174,-24.77575511,0.12000000,0.12000000,-0.38558682,-0.01858714,-0.03951487,-0.04060105,-1.92954709,-0.05183812,2.65023652,-18.42552072,-24.77385511,2.65023652
607,139.86000000,-17.95353448,-25.00405164,2.59413014,map,37.56627487,126.97779642,0,-17.98571219,-24.98692702,0.06000000,0.06000000,-0.57261873,-0.03244880,-0.06895574,-0.06802861,1.40734658,0.09129395,2.59413014,-17.95500901,-25.01198017,2.59413014
608,140.88000000,-17.51119541,-25.25401459,2.51636403,map,37.56627275,126.97780118,0,-17.56482275,-25.22193864,0.08000000,0.08000000,-0.72525584,-0.06073653,-0.12902736,-0.12827083,1.33153484,0.16045347,2.51636403,-17.50566215,-25.26522268,2.51636403
609,142.26000000,-17.08356693,-25.53213370,2.37335235,map,37.56627024,126.97780608,0,-17.13197225,-25.50004669,0.06000000,0.06000000,-1.02212923,-0.17779312,-0.37746215,-0.38071206,-1.86119509,0.07182520,2.37335235,-17.09233899,-25.51727078,2.37335235
610,142.88000000,-16.68510060,-25.84168023,2.18362711,map,37.56626744,126.97781079,0,-16.71577643,-25.81160061,0.08000000,0.08000000,-0.54091614,-0.09534819,-0.20263522,-0.20526648,-1.42286035,-0.14397484,2.18362711,-16.69373066,-25.84592874,2.18362711
611,143.56000000,-16.36359919,-26.25358318,1.99189113,map,37.56626424,126.97781410,0,-16.42352789,-26.16645562,0.16000000,0.16000000,-0.56116283,-0.08088188,-0.17188332,-0.16903726,1.14065486,0.39541626,1.99189114,-16.35998823,-26.25189343,1.99189114
612,146.52000000,-16.09939197,-26.70065921,1.77017505,map,37.56626002,126.97781742,0,-16.13026191,-26.63498527,0.12000000,0.12000000,-0.72518305,-0.16344073,-0.34721035,-0.35179224,-2.18296951,-0.25191723,1.77017504,-16.09332015,-26.72159584,1.77017504
613,149.02000000,-15.97180804,-27.18628633,1.57180475,map,37.56625506,126.97781921,0,-15.97184645,-27.18482500,0.02000000,0.02000000,-0.06678135,-0.00157742,-0.00335567,-0.00309013,1.45590907,0.04688961,1.57180475,-15.95877564,-27.18397144,1.57180475
614,152.08000000,-15.95940546,-27.69022019,1.50384972,map,37.56625075,126.97781938,0,-15.95717232,-27.66409225,0.08000000,0.08000000,-0.30026030,0.00528298,0.01123460,0.01103922,-0.00933721,-0.02521639,1.50384972,-15.95577931,-27.68286371,1.50384972
615,153.56000000,-16.00422651,-28.19337725,1.52435119,map,37.56624675,126.97781891,0,-15.99847062,-28.10754581,0.16000000,0.16000000,-0.44406859,0.00827679,0.01759362,0.01760131,0.00251213,0.01384759,1.52435119,-15.99479391,-28.19998638,1.52435119
616,156.16000000,-16.04664133,-28.71646726,1.54023299,map,37.56624215,126.97781841,0,-16.04273327,-28.61860944,0.16000000,0.16000000,-0.66684746,0.00583125,0.01238910,0.01261975,0.00958138,-0.01215345,1.54023299,-16.02113898,-28.70625087,1.54023299
617,158.82000000,-16.08262130,-28.20881673,1.62549337,map,37.56624560,126.97781799,0,-16.07978518,-28.23525783,0.02000000,0.02000000,1.35050199,0.07012227,0.14962620,0.14898895,2.53031393,0.13430788,1.62549336,-16.07264254,-28.20410069,1.62549336
618,159.16000000,-16.12294808,-27.69520365,1.66139878,map,37.56624833,126.97781780,0,-16.09688516,-27.93187125,0.16000000,0.16000000,1.38899589,0.02227606,0.04750744,0.04583241,-1.17352926,-0.05347699,1.66139878,-16.12842810,-27.69104579,1.66139878
619,159.62000000,-16.16959341,-27.13436414,1.64909685,map,37.56625528,126.97781699,0,-16.16813145,-27.16098514,0.02000000,0.02000000,1.35776722,-0.03288457,-0.07031794,-0.07090643,2.51989344,-0.18415795,1.64909685,-16.17159203,-27.13946737,1.64909685
620,159.92000000,-16.19677526,-26.62965775,1.61769707,map,37.56625801,126.97781673,0,-16.19120582,-26.85835740,0.12000000,0.12000000,1.97962406,-0.06018436,-0.12859362,-0.12879946,0.00576240,-0.27220393,1.61769707,-16.18932286,-26.62538792,1.61769707
621,160.22000000,-16.17471984,-26.07523632,1.56569925,map,37.56626477,126.97781689,0,-16.17702756,-26.10802007,0.02000000,0.02000000,1.63842461,-0.11328525,-0.24187577,-0.24438232,0.24185433,-0.64502246,1.56569925,-16.17827334,-26.08780205,1.56569925
622,160.56000000,-16.10347873,-25.55875552,1.46075059,map,37.56626751,126.97781720,0,-16.14938798,-25.80380174,0.16000000,0.16000000,1.65782558,-0.17911807,-0.38245068,-0.38596906,1.18782270,-1.01195352,1.46075059,-16.10092051,-25.56794289,1.46075059
623,160.86000000,-15.94098293,-25.04042768,1.32017234,map,37.56627336,126.97781908,0,-15.98340740,-25.15383352,0.06000000,0.06000000,2.04067030,-0.25541402,-0.54580303,-0.54788383,1.01941535,-1.37153046,1.32017234,-15.93763631,-25.03538320,1.32017234
624,161.08000000,-15.73008437,-24.58607076,1.18946439,map,37.56627703,126.97782099,0,-15.81458014,-24.74669955,0.08000000,0.08000000,2.33826576,-0.30036217,-0.64555320,-0.64645416,1.13908148,-1.71089307,1.18946439,-15.73008113,-24.59823867,1.18946439
625,161.28000000,-15.45977495,-24.16131897,1.05553219,map,37.56628079,126.97782367,0,-15.57791374,-24.32975776,0.08000000,0.08000000,2.59228263,-0.31672261,-0.67761620,-0.67791892,0.83231041,-1.76821305,1.05553219,-15.45764823,-24.17806774,1.05553219
626,161.48000000,-15.09407953,-23.76284604,0.91521407,map,37.56628439,126.97782740,0,-15.24822022,-23.93017776,0.08000000,0.08000000,2.88100113,-0.34111346,-0.73024883,-0.73175429,0.85625102,-2.26117382,0.91521407,-15.09969640,-23.75713309,0.91521407
627,161.66000000,-14.69414360,-23.38868462,0.77757329,map,37.56628826,126.97783210,0,-14.83317248,-23.50092180,0.06000000,0.06000000,2.98383154,-0.36594132,-0.79211533,-0.79189927,1.02917043,-3.27777742,0.77757329,-14.69991462,-23.40192546,0.77757329
628,161.86000000,-14.17724542,-23.05320677,0.61214874,map,37.56629143,126.97783764,0,-14.34415614,-23.14880158,0.06000000,0.06000000,3.21466779,-0.40271924,-0.86275142,-0.86425408,0.73836479,-2.92042215,0.61214874,-14.17542762,-23.06498494,0.61214874
629,162.02000000,-13.68358277,-22.83916151,0.46937014,map,37.56629400,126.97784439,0,-13.74793124,-22.86302350,0.02000000,0.02000000,3.42133371,-0.41820671,-0.91839878,-0.90968308,0.98653038,-3.12874386,0.46937014,-13.68474532,-22.84809540,0.46937014
630,162.20000000,-13.07656135,-22.66897048,0.31393995,map,37.56629571,126.97785194,0,-13.74793124,-22.86302350,0.20000000,0.20000000,3.43324611,-0.34736808,-0.74451948,-0.73557269,-0.97608724,-1.61808585,0.31393996,-13.07797330,-22.67785359,0.31393996
631,162.36000000,-12.55440714,-22.57222132,0.22844612,map,37.56629571,126.97785194,0,-13.08058696,-22.67333276,0.16000000,0.16000000,3.30098925,-0.17286466,-0.37040227,-0.36335820,-0.83231479,-0.49532924,0.22844612,-12.55246370,-22.57602281,0.22844612
632,162.52000000,-12.04045022,-22.49677810,0.18446145,map,37.56629674,126.97785937,0,-12.42402780,-22.55927608,0.12000000,0.12000000,3.26444732,-0.10251223,-0.21963746,-0.21671020,1.11423740,-0.42984707,0.18446145,-12.03994470,-22.49068365,0.18446145
633,162.68000000,-11.50695702,-22.41183257,0.15639185,map,37.56629773,126.97786668,0,-11.77811186,-22.44967623,0.08000000,0.08000000,3.46718548,-0.06417952,-0.13774961,-0.13587954,1.12482318,-0.24678557,0.15639185,-11.50614480,-22.41276627,0.15639185
634,162.86000000,-10.87287997,-22.31845650,0.13598113,map,37.56629866,126.97787446,0,-11.09064007,-22.34599892,0.06000000,0.06000000,3.69119287,-0.04895105,-0.10497647,-0.10544360,1.09698818,-0.45272979,0.13598113,-10.86504795,-22.32835203,0.13598113
635,163.02000000,-10.25567512,-22.26851631,0.11543348,map,37.56629929,126.97788306,0,-10.33118219,-22.27591843,0.02000000,0.02000000,3.76684398,-0.07679750,-0.16471934,-0.16706311,-1.77956679,-0.90322276,0.11543348,-10.26563971,-22.26179348,0.11543348
636,163.16000000,-9.74253517,-22.22947606,0.08636464,map,37.56629929,126.97788306,0,-10.33118219,-22.27591843,0.16000000,0.16000000,3.61361781,-0.11436259,-0.24520565,-0.24801728,-0.32156677,-1.17890594,0.08636464,-9.75301179,-22.22304432,0.08636464
637,163.32000000,-9.16589710,-22.22326190,0.03615380,map,37.56629971,126.97789125,0,-9.60739730,-22.22998595,0.12000000,0.12000000,3.74650435,-0.17116251,-0.36713396,-0.36943455,0.83833050,-1.63349843,0.03615380,-9.16503693,-22.20964776,0.03615380
638,163.46000000,-8.63151207,-22.22861602,-0.01735345,map,37.56629983,126.97789975,0,-8.85691870,-22.21652688,0.06000000,0.06000000,3.77752104,-0.18103271,-0.38829697,-0.38826775,-0.06244839,-1.45586457,-0.01735345,-8.63928061,-22.22966497,-0.01735345
639,163.62000000,-8.04283324,-22.27018377,-0.07719178,map,37.56629942,126.97790814,0,-8.11571446,-22.26148790,0.02000000,0.02000000,3.67911007,-0.16521227,-0.35428941,-0.35420356,1.01896802,-1.23793767,-0.07719178,-8.04491337,-22.28604373,-0.07719178
640,163.76000000,-7.52984627,-22.34422589,-0.12400934,map,37.56629942,126.97790814,0,-8.11571446,-22.26148790,0.16000000,0.16000000,3.70113578,-0.14907717,-0.31985219,-0.31832609,-1.66102761,-0.97851276,-0.12400934,-7.53187687,-22.36007667,-0.12400934
641,163.92000000,-6.96178026,-22.45561199,-0.17323215,map,37.56629843,126.97791635,0,-7.39035084,-22.37142983,0.12000000,0.12000000,3.64621840,-0.14523674,-0.31143167,-0.31241420,1.07156643,-1.23020556,-0.17323215,-6.95860875,-22.46920365,-0.17323215
642,164.06000000,-6.45283286,-22.59371359,-0.21835707,map,37.56629693,126.97792448,0,-6.67165060,-22.53805190,0.06000000,0.06000000,3.79563929,-0.15392090,-0.33015766,-0.33049900,1.01340764,-1.28601680,-0.21835707,-6.45112031,-22.59136368,-0.21835707
643,164.22000000,-5.84644489,-22.75019351,-0.27327192,map,37.56629524,126.97793297,0,-5.92189986,-22.72587679,0.02000000,0.02000000,3.95635057,-0.16740501,-0.35920421,-0.35923328,-1.83364056,-1.44956233,-0.27327192,-5.85420659,-22.76748986,-0.27327192
644,164.36000000,-5.33221915,-22.93374564,-0.32500057,map,37.56629524,126.97793297,0,-5.92189986,-22.72587679,0.16000000,0.16000000,3.89762779,-0.17843502,-0.38270956,-0.38392987,1.04732745,-1.62928802,-0.32500057,-5.34056112,-22.95102597,-0.32500057
645,164.52000000,-4.76507835,-23.19366077,-0.38997959,map,37.56629273,126.97794119,0,-5.19589612,-23.00453588,0.12000000,0.12000000,3.83217728,-0.19729224,-0.42383084,-0.42432350,-1.87801970,-1.68378792,-0.38997959,-4.76496786,-23.19801291,-0.38997959
646,164.66000000,-4.30654213,-23.43911285,-0.45261800,map,37.56628976,126.97794906,0,-4.50053813,-23.33391350,0.06000000,0.06000000,3.64339026,-0.22386929,-0.48045776,-0.48518953,-0.54682600,-2.27085305,-0.45261800,-4.30143075,-23.43728463,-0.45261800
647,164.82000000,-3.80461946,-23.75793216,-0.54242833,map,37.56628623,126.97795638,0,-4.50053813,-23.33391350,0.22000000,0.22000000,3.80896494,-0.28978609,-0.61565626,-0.62073880,1.50644156,-0.45735744,-0.54242833,-3.79871597,-23.75713745,-0.54242833
648,164.98000000,-3.36531618,-24.11393876,-0.64705428,map,37.56628623,126.97795638,0,-3.85358966,-23.72570985,0.16000000,0.16000000,3.90350916,-0.31066156,-0.66807781,-0.66690079,-1.82565874,-2.49324817,-0.64705428,-3.31088503,-24.14587890,-0.64705428
649,165.12000000,-2.93391251,-24.52368687,-0.74043487,map,37.56628200,126.97796304,0,-3.26571114,-24.19519505,0.12000000,0.12000000,3.86511992,-0.31113993,-0.66748857,-0.66639585,-1.90067111,-2.25574638,-0.74043487,-2.92164712,-24.52634466,-0.74043487
650,165.26000000,-2.56831491,-24.93679953,-0.83432734,map,37.56627695,126.97796928,0,-2.71380601,-24.75546874,0.06000000,0.06000000,3.82000379,-0.30696474,-0.66090383,-0.65953835,-1.70961318,-2.35372464,-0.83432734,-2.56948867,-24.94208639,-0.83432734
651,165.42000000,-2.23321527,-25.42949589,-0.93721759,map,37.56627145,126.97797427,0,-2.27307611,-25.36596022,0.02000000,0.02000000,3.74205653,-0.29975354,-0.64289314,-0.64250691,-0.04967283,-2.39831584,-0.93721759,-2.22874179,-25.43524339,-0.93721759
652,165.56000000,-1.97486722,-25.89279435,-1.02776674,map,37.56627145,126.97797427,0,-2.27307611,-25.36596022,0.16000000,0.16000000,3.83164497,-0.30421125,-0.65267585,-0.65078459,-1.76178564,-2.32657835,-1.02776674,-1.97030633,-25.89905656,-1.02776674
653,165.72000000,-1.72423799,-26.44650336,-1.12865884,map,37.56626542,126.97797851,0,-1.89852315,-26.03543259,0.12000000,0.12000000,3.66140497,-0.28436263,-0.60977715,-0.60914996,-0.28791278,-2.16048517,-1.12865884,-1.72991311,-26.44698251,-1.12865884
654,165.88000000,-1.55106642,-26.97947951,-1.21739414,map,37.56625935,126.97798148,0,-1.63600967,-26.70889587,0.08000000,0.08000000,3.52298267,-0.22331512,-0.47873071,-0.47331070,-0.65091966,-1.10524390,-1.21739414,-1.54770349,-26.98997297,-1.21739414
655,166.02000000,-1.41968287,-27.48098291,-1.27246703,map,37.56625302,126.97798372,0,-1.43805330,-27.41126620,0.02000000,0.02000000,3.61382079,-0.15598667,-0.33445866,-0.33161782,1.17180578,-0.91216450,-1.27246703,-1.41327091,-27.47090175,-1.27246703
656,166.16000000,-1.29747122,-27.98607848,-1.31556207,map,37.56625302,126.97798372,0,-1.43805330,-27.41126620,0.16000000,0.16000000,3.79240878,-0.13742101,-0.29476467,-0.29446453,0.99310825,-0.96876572,-1.31556207,-1.29073355,-27.97703541,-1.31556207
657,166.32000000,-1.17046803,-28.57659505,-1.36236161,map,37.56624668,126.97798574,0,-1.25971044,-28.11523727,0.12000000,0.12000000,3.97934665,-0.13508473,-0.28986991,-0.29027560,1.03892920,-1.13768338,-1.36236161,-1.16896948,-28.58872835,-1.36236161
658,166.46000000,-1.08415722,-29.14530724,-1.40184294,map,37.56623954,126.97798734,0,-1.11871902,-28.90831228,0.06000000,0.06000000,3.99032140,-0.12823294,-0.27569164,-0.27567338,0.12262209,-1.08581565,-1.40184294,-1.08238432,-29.14115799,-1.40184294
659,166.62000000,-1.02270885,-29.77220145,-1.44401781,map,37.56623245,126.97798834,0,-1.03036670,-29.69514053,0.02000000,0.02000000,3.85406637,-0.11604821,-0.24895338,-0.24811096,-0.56326026,-0.91093249,-1.44401781,-1.00930511,-29.76676763,-1.44401781
660,166.76000000,-0.98026837,-30.29794179,-1.47728145,map,37.56623245,126.97798834,0,-1.03036670,-29.69514053,0.16000000,0.16000000,3.67267328,-0.10769238,-0.23092215,-0.23116270,-0.02464244,-0.83402167,-1.47728145,-0.96702879,-30.29100899,-1.47728145
661,166.92000000,-0.93805215,-30.88675492,-1.51515227,map,37.56622576,126.97798918,0,-0.95621088,-30.43762738,0.12000000,0.12000000,3.80991602,-0.11490278,-0.24644678,-0.24664544,1.05926327,-1.01731056,-1.51515227,-0.94016872,-30.88755197,-1.51515227
662,167.06000000,-0.93274144,-31.42278601,-1.55074618,map,37.56621900,126.97798945,0,-0.93206275,-31.18781326,0.06000000,0.06000000,3.88843070,-0.11946588,-0.25630284,-0.25597590,-1.68290914,-0.96119160,-1.55074618,-0.93622461,-31.43123395,-1.55074618
663,167.22000000,-0.94986640,-32.04229551,-1.59114509,map,37.56621199,126.97798929,0,-0.94615073,-31.96559507,0.02000000,0.02000000,3.84946728,-0.11728214,-0.25159634,-0.25179173,1.10257480,-0.99730288,-1.59114509,-0.95524108,-32.04393149,-1.59114509
664,167.36000000,-0.98719347,-32.59121889,-1.62631397,map,37.56621199,126.97798929,0,-0.94615073,-31.96559507,0.16000000,0.16000000,3.98712984,-0.11642065,-0.24982213,-0.24916102,0.01573909,-0.96598551,-1.62631397,-0.99265109,-32.59362895,-1.62631397
665,167.52000000,-1.05804066,-33.23764114,-1.66602764,map,37.56620482,126.97798862,0,-1.00575075,-32.76082190,0.12000000,0.12000000,4.01165448,-0.11639348,-0.24977700,-0.25056732,-0.07055764,-1.06989732,-1.66602764,-1.05934611,-33.22977223,-1.66602764
666,167.66000000,-1.15003211,-33.80546942,-1.70437234,map,37.56619755,126.97798741,0,-1.11216980,-33.56805732,0.06000000,0.06000000,3.99976835,-0.14085744,-0.30226854,-0.30583959,0.49737192,-1.51662033,-1.70437234,-1.14087805,-33.78537380,-1.70437234
667,167.82000000,-1.26035837,-34.41140628,-1.75921700,map,37.56619066,126.97798594,0,-1.24228182,-34.33317018,0.02000000,0.02000000,4.01966600,-0.17063858,-0.36619232,-0.36690870,-0.09839879,-1.52213554,-1.75921700,-1.26802292,-34.41120778,-1.75921700
668,167.96000000,-1.40362734,-34.95564495,-1.81126807,map,37.56619066,126.97798594,0,-1.24228182,-34.33317018,0.16000000,0.16000000,3.99212619,-0.17436998,-0.37417810,-0.37396842,-0.16099917,-1.51519802,-1.81126807,-1.41132580,-34.95507173,-1.81126807
669,168.12000000,-1.62951483,-35.56964295,-1.87187840,map,37.56618361,126.97798327,0,-1.47784491,-35.11569979,0.12000000,0.12000000,3.99899044,-0.18107749,-0.38857750,-0.39014959,1.06004909,-1.71410628,-1.87187840,-1.60906080,-35.56181415,-1.87187840
670,168.26000000,-1.82012275,-36.08642699,-1.92836733,map,37.56617687,126.97798044,0,-1.72780533,-35.86352539,0.06000000,0.06000000,4.01441679,-0.19234171,-0.41276187,-0.41336763,-0.00174722,-1.72281339,-1.92836733,-1.81578830,-36.08539461,-1.92836733
671,168.42000000,-2.09584892,-36.65983664,-1.99532368,map,37.56617033,126.97797668,0,-2.05985882,-36.58889437,0.02000000,0.02000000,3.97611624,-0.19597369,-0.42052323,-0.42099738,-0.02695231,-1.70903012,-1.99532368,-2.08902602,-36.66619639,-1.99532368
672,168.56000000,-2.36616834,-37.14946742,-2.05539351,map,37.56617033,126.97797668,0,-2.05985882,-36.58889437,0.16000000,0.16000000,4.00142739,-0.20201345,-0.43350636,-0.43431289,1.08763339,-1.83019707,-2.05539351,-2.35973031,-37.15624947,-2.05539351
673,168.72000000,-2.71880419,-37.67925728,-2.12611957,map,37.56616414,126.97797222,0,-2.45457406,-37.27594902,0.12000000,0.12000000,3.99961954,-0.21006228,-0.45118607,-0.45140347,-1.72570182,-1.83487973,-2.12611957,-2.70709765,-37.69671482,-2.12611957
674,168.86000000,-3.04830554,-38.15416064,-2.19194429,map,37.56615793,126.97796716,0,-2.90106974,-37.96549666,0.06000000,0.06000000,3.98602176,-0.22657803,-0.48620322,-0.48703859,-0.19744696,-2.00713233,-2.19194429,-3.04159552,-38.14316427,-2.19194429
675,169.02000000,-3.45782641,-38.60831505,-2.27171157,map,37.56615267,126.97796149,0,-3.40264483,-38.54956594,0.02000000,0.02000000,4.02280187,-0.23459764,-0.50345231,-0.50398560,-0.13240745,-2.02486292,-2.27171157,-3.46551082,-38.62758926,-2.27171157
676,169.16000000,-3.85676348,-38.99999856,-2.34205724,map,37.56615267,126.97796149,0,-3.40264483,-38.54956594,0.16000000,0.16000000,3.98054510,-0.23580851,-0.50600513,-0.50642763,-0.15240118,-2.00892482,-2.34205724,-3.86434872,-39.01891392,-2.34205724
677,169.32000000,-4.35124956,-39.43174425,-2.42403926,map,37.56614749,126.97795497,0,-3.97823196,-39.12454620,0.12000000,0.12000000,4.01916009,-0.23983349,-0.51468690,-0.51470007,-0.30112185,-2.06064036,-2.42403926,-4.35639522,-39.43243021,-2.42403926
678,169.46000000,-4.80044701,-39.76583420,-2.49582959,map,37.56614293,126.97794790,0,-4.60325194,-39.63061553,0.06000000,0.06000000,3.97913162,-0.24062782,-0.51665671,-0.51725478,-0.13979619,-2.08743076,-2.49582959,-4.81046691,-39.75768645,-2.49582959
679,169.62000000,-5.33846785,-40.09715334,-2.58117723,map,37.56613907,126.97794037,0,-5.26797578,-40.05844233,0.02000000,0.02000000,4.01370134,-0.25758609,-0.55419075,-0.55504806,-0.22683499,-2.39045927,-2.58117723,-5.36021976,-40.08823669,-2.58117723
680,169.76000000,-5.84137562,-40.34191270,-2.66237032,map,37.56613907,126.97794037,0,-5.26797578,-40.05844233,0.16000000,0.16000000,3.95998349,-0.28082395,-0.60257412,-0.60403491,-0.00948521,-2.58385118,-2.66237032,-5.86310299,-40.33273333,-2.66237032
681,169.92000000,-6.46005645,-40.56058419,-2.76454047,map,37.56613599,126.97793200,0,-6.00768595,-40.40006612,0.12000000,0.12000000,4.02528252,-0.31039960,-0.66613127,-0.66689451,-0.11068664,-2.78597029,-2.76454047,-6.46237704,-40.55419789,-2.76454047
682,170.06000000,-6.99904630,-40.69850428,-2.85823836,map,37.56613379,126.97792342,0,-6.76598431,-40.64511290,0.06000000,0.06000000,3.96554316,-0.31068256,-0.66665088,-0.66672743,-0.21343523,-2.64372284,-2.85823836,-7.00593958,-40.69425173,-2.85823836
683,170.22000000,-7.63591361,-40.79116364,-2.96317333,map,37.56613255,126.97791448,0,-7.55561337,-40.78220553,0.02000000,0.02000000,4.03238962,-0.29660184,-0.63653236,-0.63385452,-0.48007448,-2.29362439,-2.96317333,-7.63863156,-40.79221550,-2.96317333
684,170.36000000,-8.19750403,-40.83160255,-3.04146822,map,37.56613255,126.97791448,0,-7.55561337,-40.78220553,0.16000000,0.16000000,3.95854367,-0.22258158,-0.47697956,-0.46754576,-1.66920673,-0.88808009,-3.04146822,-8.19995575,-40.83291149,-3.04146822
685,170.52000000,-8.84612399,-40.84786870,-3.09940565,map,37.56613205,126.97790530,0,-8.36653143,-40.83799198,0.12000000,0.12000000,3.99447144,-0.13628602,-0.29245720,-0.28960907,0.09416686,-0.86205402,-3.09940565,-8.83909754,-40.84980066,-3.09940565
686,170.66000000,-9.41077934,-40.84768876,-3.13136181,map,37.56613195,126.97789619,0,-9.17149589,-40.84943084,0.06000000,0.06000000,3.97306831,-0.08070104,-0.17315195,-0.16917206,-0.18929363,-0.26502279,-3.13136180,-9.39985549,-40.84878084,-3.13136180
687,170.82000000,-10.03809782,-40.84369905,3.13332658,map,37.56613199,126.97788728,0,-9.95828474,-40.84499448,0.02000000,0.02000000,3.99311848,-0.03240424,-0.06953578,-0.06756902,0.19170597,-0.04258590,3.13332658,-10.03890860,-40.83987485,3.13332658
688,170.96000000,-10.59793396,-40.83472514,3.12795850,map,37.56613199,126.97788728,0,-9.95828474,-40.84499448,0.16000000,0.16000000,3.99445696,-0.01357502,-0.02913025,-0.02987456,1.10947211,-0.20654332,3.12795850,-10.59858787,-40.83099085,3.12795850
689,171.12000000,-11.22829862,-40.83183394,3.12072474,map,37.56613200,126.97787834,0,-10.74832455,-40.84299524,0.12000000,0.12000000,4.01077626,-0.02922615,-0.06271831,-0.06416182,-0.11840555,-0.37347263,3.12072474,-11.23864698,-40.81685431,3.12072474
690,171.26000000,-11.78599893,-40.79026332,3.10996913,map,37.56613239,126.97786931,0,-11.54626952,-40.79956085,0.06000000,0.06000000,3.99799758,-0.03871831,-0.08308966,-0.08270214,0.07729818,-0.25953735,3.10996913,-11.79851567,-40.79726507,3.10996913
691,171.42000000,-12.44321402,-40.77469897,3.09960656,map,37.56613259,126.97786006,0,-12.36351794,-40.77843432,0.02000000,0.02000000,3.99341602,-0.01981849,-0.04252822,-0.04180459,0.07807062,-0.05685126,3.09960656,-12.43759769,-40.76849961,3.09960656
692,171.56000000,-13.00276362,-40.74895554,3.09722658,map,37.56613259,126.97786006,0,-12.36351794,-40.77843432,0.16000000,0.16000000,3.99899770,0.00274383,0.00588816,0.00709965,-1.64231334,0.13119822,3.09722658,-12.99714496,-40.74287955,3.09722658
693,171.72000000,-13.62922176,-40.70561120,3.09893739,map,37.56613306,126.97785116,0,-13.14996498,-40.72578532,0.12000000,0.12000000,3.99760815,0.00703804,0.01510319,0.01737859,0.19548504,0.30576670,3.09893739,-13.63596314,-40.71584573,3.09893739
694,171.86000000,-14.19889386,-40.70047027,3.10673357,map,37.56613323,126.97784201,0,-13.95826460,-40.70730178,0.06000000,0.06000000,4.01393377,0.04098321,0.08794950,0.08913173,-0.13166740,0.51752573,3.10673357,-14.19624135,-40.69725128,3.10673357
695,172.02000000,-14.83779615,-40.68871111,3.12113676,map,37.56613339,126.97783296,0,-14.75776951,-40.68966106,0.02000000,0.02000000,4.00282203,0.03593042,0.07710434,0.07587551,0.11546854,0.16561440,3.12113676,-14.83635594,-40.68639977,3.12113676
696,172.16000000,-15.39806508,-40.68281087,3.12793994,map,37.56613339,126.97783296,0,-14.75776951,-40.68966106,0.16000000,0.16000000,3.98959314,0.01180188,0.02532497,0.02410765,0.14057681,0.02113496,3.12793994,-15.39620787,-40.68038754,3.12793994
697,172.32000000,-16.03011543,-40.67146569,3.12688939,map,37.56613349,126.97782398,0,-15.55051381,-40.67848011,0.12000000,0.12000000,3.98375849,-0.01803617,-0.03870282,-0.04004708,0.11223900,-0.34396576,3.12688939,-16.03591927,-40.67140833,3.12688939
698,172.46000000,-16.61026795,-40.66542019,3.12022027,map,37.56613355,126.97781470,0,-16.37047518,-40.67156797,0.06000000,0.06000000,4.00012550,-0.02014701,-0.04323519,-0.04262015,-0.09186006,-0.09845516,3.12022027,-16.59617411,-40.65818373,3.12022027
699,172.62000000,-17.24555902,-40.64710701,3.11517937,map,37.56613375,126.97780570,0,-17.16557670,-40.64941869,0.02000000,0.02000000,3.99862010,-0.01058694,-0.02272019,-0.02285679,0.00837822,-0.09642885,3.11517937,-17.23565094,-40.64036538,3.11517937
700,172.76000000,-17.80576136,-40.62934869,3.11089611,map,37.56613375,126.97780570,0,-17.16557670,-40.64941869,0.16000000,0.16000000,3.99272326,-0.02119223,-0.04547629,-0.04657794,0.10133707,-0.28114496,3.11089611,-17.79571463,-40.62253727,3.11089611
701,172.92000000,-18.43522543,-40.61395792,3.10158179,map,37.56613388,126.97779676,0,-17.95597785,-40.63466056,0.12000000,0.12000000,3.99153980,-0.03188473,-0.06842094,-0.06851383,0.03549574,-0.27111998,3.10158179,-18.43467298,-40.59577427,3.10158179
702,173.06000000,-18.98476525,-40.55880285,3.09145920,map,37.56613444,126.97778783,0,-18.74489733,-40.57236666,0.06000000,0.06000000,4.00316365,-0.03502622,-0.07516419,-0.07551985,0.03122315,-0.30534180,3.09145920,-18.99396922,-40.56584381,3.09145920
703,173.22000000,-19.62608047,-40.52709390,3.07866174,map,37.56613480,126.97777875,0,-19.54632458,-40.53283115,0.02000000,0.02000000,3.99450520,-0.03774491,-0.08099672,-0.08039253,-0.02458336,-0.26528076,3.07866174,-19.63252917,-40.52376731,3.07866174
704,173.36000000,-20.18432090,-40.48401567,3.06821372,map,37.56613480,126.97777875,0,-19.54632458,-40.53283115,0.16000000,0.16000000,3.99981135,-0.03206286,-0.06880432,-0.06896201,0.03176406,-0.25557020,3.06821372,-20.19089493,-40.48067061,3.06821372
705,173.52000000,-20.82863098,-40.40501133,3.05774682,map,37.56613557,126.97776965,0,-20.35084233,-40.44697282,0.12000000,0.12000000,3.99555915,-0.02854053,-0.06124520,-0.06092694,0.06612724,-0.20535023,3.05774682,-20.82846331,-40.42546350,3.05774682
706,173.66000000,-21.38207261,-40.36707029,3.04976949,map,37.56613608,126.97776068,0,-21.14290574,-40.39025278,0.06000000,0.06000000,3.99562841,-0.02389890,-0.05128472,-0.05033875,0.06789179,-0.08843604,3.04976949,-21.38588261,-40.37256559,3.04976949
707,173.82000000,-22.02056698,-40.28518849,3.04439265,map,37.56613696,126.97775165,0,-21.94108625,-40.29312432,0.02000000,0.02000000,3.99265716,-0.00899652,-0.01930334,-0.01888568,0.03170796,-0.04057191,3.04439265,-22.02267831,-40.30938883,3.04439265
708,173.96000000,-22.57792203,-40.22934221,3.04251989,map,37.56613696,126.97775165,0,-21.94108625,-40.29312432,0.16000000,0.16000000,3.99918826,-0.00338043,-0.00725367,-0.00680737,0.05909503,0.00550476,3.04251989,-22.57982175,-40.25358353,3.04251989
709,174.12000000,-23.22323385,-40.18109085,3.04252815,map,37.56613754,126.97774255,0,-22.74521103,-40.22854393,0.12000000,0.12000000,4.00351096,-0.00070205,-0.00150653,-0.00171833,0.00002412,-0.01387266,3.04252815,-23.21686463,-40.19023845,3.04252815
710,174.26000000,-23.77763928,-40.13662960,3.04204213,map,37.56613815,126.97773356,0,-23.53882981,-40.16058734,0.06000000,0.06000000,3.99931379,-0.00079041,-0.00169620,-0.00143456,0.03843151,0.04807147,3.04204213,-23.77411149,-40.13449603,3.04204213
711,174.42000000,-24.40042918,-40.08222189,3.04361248,map,37.56613879,126.97772471,0,-24.32088466,-40.08988679,0.02000000,0.02000000,3.99629933,0.00853361,0.01831230,0.01841826,0.03608983,0.08264325,3.04361248,-24.41083987,-40.07196280,3.04361248
712,174.56000000,-24.95790747,-40.02908550,3.04567603,map,37.56613879,126.97772471,0,-24.32088466,-40.08988679,0.16000000,0.16000000,4.00282021,0.00392014,0.00841245,0.00832992,-0.05652312,-0.00865217,3.04567603,-24.96833329,-40.01879341,3.04567603
713,174.72000000,-25.59712945,-39.97916520,3.04613644,map,37.56613937,126.97771567,0,-25.11937726,-40.02483551,0.12000000,0.12000000,4.00033311,0.00031292,0.00067151,0.00091472,0.00860529,0.00750267,3.04613644,-25.60545035,-39.95792387,3.04613644
714,174.86000000,-26.15893332,-39.92141975,3.04631824,map,37.56614010,126.97770661,0,-25.92004979,-39.94422674,0.06000000,0.06000000,3.99993134,0.00035246,0.00075630,0.00022614,0.01508018,-0.01535977,3.04631824,-26.16292679,-39.90468806,3.04631824
715,175.02000000,-26.79806355,-39.84604314,3.04606201,map,37.56614092,126.97769757,0,-26.71843481,-39.85370568,0.02000000,0.02000000,3.99980073,-0.00221293,-0.00474871,-0.00493532,-0.01374654,-0.03720336,3.04606201,-26.80005394,-39.84364900,3.04606201
716,175.16000000,-27.35529349,-39.79104022,3.04350563,map,37.56614092,126.97769757,0,-26.71843481,-39.85370568,0.16000000,0.16000000,3.99280321,-0.01619989,-0.03476321,-0.03608132,0.13901975,-0.23976123,3.04350563,-27.35719884,-39.78857147,3.04350563
717,175.32000000,-27.98707763,-39.71544022,3.03204929,map,37.56614167,126.97768861,0,-27.50994172,-39.76965694,0.12000000,0.12000000,3.99023717,-0.05146941,-0.11044729,-0.11386969,0.36967451,-0.82110499,3.03204929,-27.99355561,-39.71754255,3.03204929
718,175.46000000,-28.55382817,-39.64887443,3.00890630,map,37.56614244,126.97767948,0,-28.31715293,-39.68433072,0.06000000,0.06000000,3.96079764,-0.10126191,-0.21743355,-0.22399112,-0.41009032,-1.57867122,3.00890630,-28.54758704,-39.63987789,3.00890630
719,175.62000000,-29.16095333,-39.50982219,2.95388268,map,37.56614385,126.97767081,0,-29.08303003,-39.52846196,0.02000000,0.02000000,3.98648600,-0.21323430,-0.45757054,-0.46410880,-1.76894308,-2.47931417,2.95388268,-29.17642062,-39.51430937,2.95388268
720,175.76000000,-29.69629708,-39.35180819,2.87783295,map,37.56614385,126.97767081,0,-29.08303003,-39.52846196,0.16000000,0.16000000,3.94974216,-0.27753136,-0.59549559,-0.59758581,0.08688687,-2.67124047,2.87783295,-29.71162876,-39.35581165,2.87783295
721,175.92000000,-30.28779832,-39.12674208,2.77764385,map,37.56614578,126.97766218,0,-29.84552024,-39.31353850,0.12000000,0.12000000,3.97638013,-0.29413478,-0.63064955,-0.63052071,0.88614627,-2.36404535,2.77764385,-30.30300312,-39.11478820,2.77764385
722,176.06000000,-30.81139722,-38.85493955,2.68953402,map,37.56614888,126.97765361,0,-30.60211880,-38.97015013,0.06000000,0.06000000,4.02243961,-0.28412563,-0.60974010,-0.60784487,0.06282386,-2.15928360,2.68953402,-30.80195521,-38.85401978,2.68953402
723,176.22000000,-31.35396447,-38.51656705,2.60600229,map,37.56615248,126.97764598,0,-30.60211880,-38.97015013,0.22000000,0.22000000,3.95120181,-0.20671301,-0.44354289,-0.44032593,0.24879959,-1.42021035,2.60600229,-31.34437735,-38.51601924,2.60600229
724,176.38000000,-31.79888399,-38.19894903,2.53959096,map,37.56615248,126.97764598,0,-31.27635006,-38.57038970,0.16000000,0.16000000,4.02289569,-0.18141590,-0.38932450,-0.38665247,-0.50298713,-1.27306840,2.53959096,-31.86741794,-38.14424923,2.53959096
725,176.52000000,-32.31787914,-37.80691968,2.49236464,map,37.56615668,126.97763845,0,-31.94158575,-38.10464073,0.12000000,0.12000000,3.98125226,-0.13333399,-0.28611242,-0.28233811,-1.71390329,-0.76468492,2.49236464,-32.30785257,-37.79796089,2.49236464
726,176.66000000,-32.73618825,-37.44080498,2.45492401,map,37.56616124,126.97763153,0,-32.55288084,-37.59818963,0.06000000,0.06000000,4.01853199,-0.12557117,-0.26948257,-0.27247687,-1.68347164,-1.39829145,2.45492401,-32.73648426,-37.43739357,2.45492401
727,176.82000000,-33.21024713,-37.01668494,2.40089039,map,37.56616597,126.97762473,0,-33.15396559,-37.07268921,0.02000000,0.02000000,3.97431437,-0.18770479,-0.40277794,-0.40639451,1.01510552,-1.94762332,2.40089039,-33.20179495,-37.00261441,2.40089039
728,176.96000000,-33.59151791,-36.60555493,2.33809671,map,37.56616597,126.97762473,0,-33.15396559,-37.07268921,0.16000000,0.16000000,4.01124108,-0.22378121,-0.48023100,-0.48251839,0.13198251,-2.17632221,2.33809671,-33.58296574,-36.59112496,2.33809671
729,177.12000000,-33.97983201,-36.08787150,2.25689830,map,37.56617143,126.97761870,0,-33.68692128,-36.46728109,0.12000000,0.12000000,3.96841663,-0.24411528,-0.52381745,-0.52476817,-0.06538306,-2.17798294,2.25689830,-33.97919033,-36.08890266,2.25689830
730,177.26000000,-34.28657808,-35.62102667,2.18170968,map,37.56617722,126.97761336,0,-34.15806149,-35.82411914,0.06000000,0.06000000,4.02322269,-0.25336748,-0.54371902,-0.54358423,-0.14091341,-2.18396350,2.18170968,-34.28834896,-35.62287962,2.18170968
731,177.42000000,-34.61681739,-35.06003705,2.09616431,map,37.56618347,126.97760858,0,-34.58069866,-35.13128430,0.02000000,0.02000000,3.97730223,-0.24438875,-0.52441299,-0.52435168,-0.13649297,-2.04773493,2.09616431,-34.59976576,-35.06049671,2.09616431
732,177.56000000,-34.84838104,-34.55215261,2.02309135,map,37.56618347,126.97760858,0,-34.58069866,-35.13128430,0.16000000,0.16000000,4.00499447,-0.24315876,-0.52180560,-0.52191851,0.88595536,-2.12810988,2.02309135,-34.83130118,-34.55233924,2.02309135
733,177.72000000,-35.05286174,-33.93904713,1.93967469,map,37.56619011,126.97760506,0,-34.89208562,-34.39403234,0.12000000,0.12000000,3.97794334,-0.24029613,-0.51563170,-0.51556305,-0.12849649,-2.03023569,1.93967469,-35.05180787,-33.94803204,1.93967469
734,177.86000000,-35.19802666,-33.41821626,1.86762212,map,37.56619681,126.97760227,0,-35.13821586,-33.65024539,0.06000000,0.06000000,4.01710914,-0.24090693,-0.51698615,-0.51737539,0.14687411,-2.06623763,1.86762212,-35.20206565,-33.41015073,1.86762212
735,178.02000000,-35.32469199,-32.77690788,1.78640025,map,37.56620397,126.97760031,0,-35.31171501,-32.85590287,0.02000000,0.02000000,3.97936437,-0.22868773,-0.49072396,-0.48979140,-0.05460717,-1.85959140,1.78640025,-35.32803143,-32.77855795,1.78640025
736,178.16000000,-35.39464763,-32.22337470,1.71933204,map,37.56620397,126.97760031,0,-35.31171501,-32.85590287,0.16000000,0.16000000,3.98143962,-0.21887747,-0.47063649,-0.46999401,-0.15867825,-1.80043935,1.71933204,-35.39790763,-32.22502143,1.71933204
737,178.32000000,-35.43401511,-31.59319212,1.64635467,map,37.56621099,126.97759919,0,-35.40997757,-32.07594018,0.12000000,0.12000000,4.03172838,-0.20121406,-0.43188799,-0.42953147,1.12988629,-1.42847235,1.64635467,-35.43541455,-31.58286208,1.64635467
738,178.46000000,-35.43173602,-31.01950799,1.59460627,map,37.56621835,126.97759893,0,-35.43317210,-31.25957960,0.06000000,0.06000000,4.00987613,-0.14121036,-0.30303331,-0.29766421,-0.51204618,-0.67585232,1.59460627,-35.43829222,-31.02046132,1.59460627
739,178.62000000,-35.42539257,-30.37064172,1.55816584,map,37.56622563,126.97759899,0,-35.42801986,-30.45106914,0.02000000,0.02000000,4.02160933,-0.08642348,-0.18547110,-0.18397608,-0.18729521,-0.57101227,1.55816584,-35.42382468,-30.38095024,1.55816584
740,178.76000000,-35.40075996,-29.80975567,1.53514671,map,37.56622563,126.97759899,0,-35.42801986,-30.45106914,0.16000000,0.16000000,3.99896667,-0.06736831,-0.14456770,-0.14313967,-0.13215114,-0.43638056,1.53514671,-35.39925436,-29.82016625,1.53514671
741,178.92000000,-35.36232360,-29.19144461,1.51910762,map,37.56623267,126.97759942,0,-35.39010399,-29.67029115,0.12000000,0.12000000,4.01801142,-0.02296229,-0.04927763,-0.04552375,-0.46725706,0.24156850,1.51910762,-35.36295739,-29.18093916,1.51910762
742,179.06000000,-35.32251111,-28.62571924,1.52024350,map,37.56623992,126.97760005,0,-35.33401685,-28.86504989,0.06000000,0.06000000,4.01297550,0.02403022,0.05156968,0.05424773,1.10737791,0.46295285,1.52024350,-35.33426515,-28.62247949,1.52024350
743,179.22000000,-35.32309315,-27.97441236,1.53302366,map,37.56624723,126.97760015,0,-35.32532256,-28.05454215,0.02000000,0.02000000,3.99660976,0.04326343,0.09283981,0.09278953,-0.01619050,0.37745772,1.53302366,-35.31166563,-27.98311515,1.53302366
744,179.36000000,-35.31098645,-27.41442205,1.54471933,map,37.56624723,126.97760015,0,-35.32532256,-28.05454215,0.16000000,0.16000000,3.99717169,0.02871728,0.06162589,0.05966451,0.15196322,0.03417522,1.54471933,-35.29947675,-27.42296007,1.54471933
745,179.52000000,-35.29310213,-26.77664553,1.55001468,map,37.56625441,126.97760041,0,-35.30223343,-27.25683564,0.12000000,0.12000000,3.99743687,0.01042581,0.02237440,0.02270561,-0.01605645,0.11600296,1.55001468,-35.28729159,-26.78320737,1.55001468
746,179.66000000,-35.26825294,-26.23128075,1.55300037,map,37.56626149,126.97760075,0,-35.27208688,-26.47125443,0.06000000,0.06000000,3.99799960,0.00627519,0.01346658,0.01162325,-0.16151928,-0.07929366,1.55300037,-35.27793342,-26.22334187,1.55300037
747,179.82000000,-35.26952842,-25.58163655,1.54818646,map,37.56626879,126.97760075,0,-35.27195974,-25.66176116,0.02000000,0.02000000,4.01277876,-0.03724759,-0.07993180,-0.08277992,-3.25334980,-0.36336301,1.54818646,-35.26362713,-25.58309367,1.54818646
748,179.96000000,-35.24417935,-25.02249477,1.53012781,map,37.56626879,126.97760075,0,-35.27195974,-25.66176116,0.16000000,0.16000000,4.00592522,-0.07373088,-0.15822299,-0.15934522,-0.05921820,-0.75200219,1.53012781,-35.23797538,-25.02375402,1.53012781
749,180.12000000,-35.20613842,-24.36968857,1.50505153,map,37.56627612,126.97760109,0,-35.24203964,-24.84802518,0.12000000,0.12000000,3.99379716,-0.06510147,-0.13970108,-0.13666220,0.13798938,-0.23599705,1.50505153,-35.19207949,-24.38585243,1.50505153
750,180.26000000,-35.14784376,-23.83048765,1.49055630,map,37.56628313,126.97760192,0,-35.16892304,-24.06944802,0.06000000,0.06000000,3.98678088,-0.03679800,-0.07896388,-0.07778983,0.12445530,-0.18500724,1.49055630,-35.14404660,-23.82739825,1.49055630
751,180.42000000,-35.09356156,-23.19326470,1.48070917,map,37.56629031,126.97760269,0,-35.10116241,-23.27286118,0.02000000,0.02000000,3.99446924,-0.02116310,-0.04542163,-0.04460380,0.07052528,-0.09181428,1.48070917,-35.08476418,-23.19053784,1.48070917
752,180.56000000,-35.03957275,-22.63559899,1.47637601,map,37.56629031,126.97760269,0,-35.10116241,-23.27286118,0.16000000,0.16000000,3.99701759,-0.00298099,-0.00639757,-0.00171490,-1.66433700,0.53393726,1.47637601,-35.03089787,-22.63295381,1.47637601
753,180.72000000,-34.98246874,-21.98989657,1.48562194,map,37.56629755,126.97760358,0,-35.02191590,-22.46881173,0.12000000,0.12000000,3.98564256,0.04705144,0.10099952,0.10355776,0.30986280,0.71259087,1.48562194,-34.97694901,-21.99488863,1.48562194
754,180.86000000,-34.93075991,-21.42276455,1.50400911,map,37.56630482,126.97760447,0,-34.94388730,-21.66297216,0.06000000,0.06000000,4.00238862,0.06657070,0.14289034,0.14313773,-0.01004911,0.59209707,1.50400911,-34.94276804,-21.43587855,1.50400911
755,181.02000000,-34.90401282,-20.80316123,1.52527442,map,37.56631184,126.97760489,0,-34.90662637,-20.88308128,0.02000000,0.02000000,3.99678065,0.05505075,0.11814407,0.11721343,-0.11641856,0.37822625,1.52527442,-34.91699860,-20.79592167,1.52527442
756,181.16000000,-34.88942284,-20.24442664,1.53940056,map,37.56631184,126.97760489,0,-34.90662637,-20.88308128,0.16000000,0.16000000,4.00562175,0.03929735,0.08432976,0.08349440,1.11926701,0.21751497,1.53940056,-34.90234082,-20.23687275,1.53940056
757,181.32000000,-34.88992783,-19.61011666,1.55024270,map,37.56631899,126.97760499,0,-34.89790698,-20.09031325,0.12000000,0.12000000,4.00278897,0.02536152,0.05442390,0.05333560,-0.09653521,0.12880285,1.55024270,-34.89103091,-19.59643673,1.55024270
758,181.46000000,-34.88323778,-19.03077280,1.55620611,map,37.56632637,126.97760512,0,-34.88593496,-19.27053825,0.06000000,0.06000000,3.99243349,0.01555338,0.03337277,0.03206839,1.10377192,0.03524180,1.55620611,-34.88411194,-19.03665155,1.55620611
759,181.62000000,-34.88271685,-18.39691926,1.55923518,map,37.56633352,126.97760515,0,-34.88357314,-18.47680640,0.02000000,0.02000000,3.99690676,0.00324590,0.00696504,0.00662790,1.14030752,-0.00624124,1.55923518,-34.87739370,-18.39640688,1.55923518
760,181.76000000,-34.87686812,-17.83648261,1.56018262,map,37.56633352,126.97760515,0,-34.88357314,-18.47680640,0.16000000,0.16000000,4.00640420,0.00670086,0.01437943,0.01611103,-0.15625653,0.21750680,1.56018262,-34.87157346,-17.83605159,1.56018262
761,181.92000000,-34.87406647,-17.20262856,1.56451820,map,37.56634068,126.97760523,0,-34.87630847,-17.68269772,0.12000000,0.12000000,3.99953801,0.01315820,0.02823601,0.02784743,0.01648561,0.10646582,1.56451820,-34.86810388,-17.19627488,1.56451820
762,182.06000000,-34.86699444,-16.63408824,1.56426429,map,37.56634797,126.97760532,0,-34.86891781,-16.87380264,0.06000000,0.06000000,3.98464665,-0.02160427,-0.04635993,-0.04998884,0.36363691,-0.55645612,1.56426429,-34.86491391,-16.63635797,1.56426429
763,182.22000000,-34.85224763,-15.99603226,1.54566738,map,37.56635516,126.97760547,0,-34.85570637,-16.07547744,0.02000000,0.02000000,3.97981802,-0.08456632,-0.18146525,-0.18476218,0.28023286,-1.11815468,1.54566738,-34.84725982,-15.99705099,1.54566738
764,182.36000000,-34.81205406,-15.43673642,1.50858966,map,37.56635516,126.97760547,0,-34.85570637,-16.07547744,0.16000000,0.16000000,3.98503559,-0.15985086,-0.34307817,-0.34951606,0.95967974,-2.36762893,1.50858965,-34.80651128,-15.43770521,1.50858965
765,182.52000000,-34.69922741,-14.81204192,1.43560930,map,37.56636229,126.97760637,0,-34.77561730,-15.28385598,0.12000000,0.12000000,3.94201082,-0.25502739,-0.54720317,-0.55197795,0.34770703,-2.78073404,1.43560930,-34.71153087,-14.80717376,1.43560930
766,182.68000000,-34.57502646,-14.27954992,1.33558318,map,37.56636929,126.97760786,0,-34.64381942,-14.50760863,0.06000000,0.06000000,3.95421353,-0.31828991,-0.68147083,-0.68639129,0.87631751,-3.08955554,1.33558318,-34.55045841,-14.19599623,1.33558318
767,182.82000000,-34.33832406,-13.66828723,1.23317589,map,37.56637618,126.97761095,0,-34.37123473,-13.74241265,0.02000000,0.02000000,4.03884689,-0.35651796,-0.76512106,-0.76718797,-0.45009164,-3.27586589,1.23317589,-34.34623670,-13.67057973,1.23317589
768,182.96000000,-34.07590921,-13.17010102,1.12144310,map,37.56637618,126.97761095,0,-34.37123473,-13.74241265,0.16000000,0.16000000,3.98714828,-0.38606745,-0.82844708,-0.83092924,-0.56503640,-3.54924960,1.12144310,-34.08349954,-13.17268698,1.12144310
769,183.12000000,-33.70581487,-12.63719846,0.98275039,map,37.56638263,126.97761523,0,-33.99345866,-13.02669880,0.12000000,0.12000000,4.04404460,-0.41933793,-0.89995166,-0.90109194,-0.47078818,-3.78436634,0.98275039,-33.70980810,-12.64774009,0.98275039
770,183.26000000,-33.32270778,-12.23530342,0.85543766,map,37.56638824,126.97762088,0,-33.49377840,-12.40347082,0.06000000,0.06000000,3.95430753,-0.42232555,-0.90617955,-0.90662572,-0.30566738,-3.63596591,0.85543766,-33.32257205,-12.23780011,0.85543766
771,183.42000000,-32.83115245,-11.85404443,0.70855224,map,37.56639278,126.97762763,0,-32.89760090,-11.90054878,0.02000000,0.02000000,4.03763391,-0.43470246,-0.93424694,-0.93458060,-0.45170448,-3.72523635,0.70855224,-32.82293883,-11.83825290,0.70855224
772,183.56000000,-32.34634152,-11.56585422,0.57865864,map,37.56639278,126.97762763,0,-32.89760090,-11.90054878,0.16000000,0.16000000,3.95734265,-0.42499883,-0.91192588,-0.91175992,-0.42690966,-3.55438035,0.57865864,-32.33710530,-11.54972905,0.57865864
773,183.72000000,-31.74445944,-11.30250263,0.43253500,map,37.56639655,126.97763563,0,-32.19041602,-11.48115314,0.12000000,0.12000000,4.03336939,-0.42737650,-0.91983216,-0.91940473,-0.38589000,-3.63560533,0.43253500,-31.74758197,-11.30139905,0.43253500
774,183.86000000,-31.19797747,-11.16674416,0.30646884,map,37.56639889,126.97764420,0,-31.43350501,-11.22190347,0.06000000,0.06000000,3.96201019,-0.40360024,-0.86761975,-0.86653522,-0.15398333,-3.28792939,0.30646884,-31.20135219,-11.15329934,0.30646884
775,184.02000000,-30.56859989,-11.06574605,0.17667492,map,37.56640023,126.97765309,0,-30.64844253,-11.07346564,0.02000000,0.02000000,4.00245509,-0.34181652,-0.73459870,-0.72787468,0.29901728,-2.18882218,0.17667493,-30.56932919,-11.06133290,0.17667493
776,184.16000000,-30.00213082,-11.03369359,0.08812226,map,37.56640023,126.97765309,0,-30.64844253,-11.07346564,0.16000000,0.16000000,4.04827695,-0.25560634,-0.54875805,-0.54180921,1.18575383,-1.50360822,0.08812227,-30.00257398,-11.02895273,0.08812227
777,184.32000000,-29.35539129,-11.03210799,0.02241383,map,37.56640061,126.97766229,0,-29.83551939,-11.03080612,0.12000000,0.12000000,3.97158013,-0.13422840,-0.28808462,-0.28145913,0.53627024,-0.45620966,0.02241383,-29.36000374,-11.02635155,0.02241383
778,184.46000000,-28.78930816,-11.03160138,-0.00461926,map,37.56640064,126.97767141,0,-29.02976525,-11.02719917,0.06000000,0.06000000,3.97199492,-0.06043182,-0.12967486,-0.12639623,0.39633360,-0.17389114,-0.00461926,-28.80045014,-11.03502187,-0.00461926
779,184.62000000,-28.16316852,-11.03301967,-0.01454835,map,37.56640060,126.97768032,0,-28.24285107,-11.03166583,0.02000000,0.02000000,3.98627306,-0.00840648,-0.01803977,-0.01656091,0.16580554,0.11502606,-0.01454835,-28.16124007,-11.04673909,-0.01454835
780,184.76000000,-27.60326067,-11.04128837,-0.01437318,map,37.56640060,126.97768032,0,-28.24285107,-11.03166583,0.16000000,0.16000000,3.99500181,0.00530925,0.01139212,0.01182703,0.04172375,0.07357223,-0.01437318,-27.60142618,-11.05493278,-0.01437318
781,184.92000000,-26.96475110,-11.04522888,-0.01289731,map,37.56640053,126.97768935,0,-27.44449504,-11.03939304,0.12000000,0.12000000,4.00268878,0.00059077,0.00126689,0.00089458,-0.01072388,-0.04824545,-0.01289731,-26.96177744,-11.06283426,-0.01289731
782,185.06000000,-26.40781797,-11.06990299,-0.01347152,map,37.56640029,126.97769837,0,-26.64773533,-11.06653113,0.06000000,0.06000000,4.00188630,-0.00423451,-0.00908780,-0.00918430,-0.03320220,-0.06028797,-0.01347152,-26.40182963,-11.07041279,-0.01347152
783,185.22000000,-25.76134605,-11.07935199,-0.01811174,map,37.56640019,126.97770750,0,-25.84115656,-11.07741170,0.02000000,0.02000000,4.00245344,-0.03176333,-0.06816287,-0.07158029,1.06681789,-0.64773317,-0.01811174,-25.76208854,-11.08218289,-0.01811174
784,185.36000000,-25.20114983,-11.10251437,-0.03694331,map,37.56640019,126.97770750,0,-25.84115656,-11.07741170,0.16000000,0.16000000,3.98594313,-0.08499806,-0.18239597,-0.18356731,0.18281430,-0.90745955,-0.03694331,-25.20261775,-11.10562894,-0.03694331
785,185.52000000,-24.57571916,-11.16623270,-0.06889101,map,37.56639974,126.97771641,0,-25.05421060,-11.12776531,0.12000000,0.12000000,4.00045935,-0.09536730,-0.20465201,-0.20478360,1.08671814,-0.84420893,-0.06889101,-24.56478619,-11.15423094,-0.06889101
786,185.66000000,-24.00975027,-11.22062245,-0.09676185,map,37.56639915,126.97772553,0,-24.24827528,-11.19338964,0.06000000,0.06000000,4.00958321,-0.08917635,-0.19137420,-0.19071620,-0.10220051,-0.72102202,-0.09676185,-24.00735928,-11.21369444,-0.09676185
787,185.82000000,-23.37230137,-11.32387467,-0.12615289,map,37.56639808,126.97773455,0,-23.45162101,-11.31228188,0.02000000,0.02000000,3.99771144,-0.08253655,-0.17711695,-0.17759241,1.13574536,-0.71119541,-0.12615289,-23.37228697,-11.29872926,-0.12615289
788,185.96000000,-22.81892312,-11.41226467,-0.15011062,map,37.56639808,126.97773455,0,-23.45162101,-11.31228188,0.16000000,0.16000000,4.00015356,-0.07395005,-0.15869033,-0.15685599,1.13501212,-0.41926663,-0.15011062,-22.81904635,-11.38708315,-0.15011062
789,186.12000000,-22.18002702,-11.48381352,-0.16834466,map,37.56639729,126.97774357,0,-22.65467263,-11.39975256,0.12000000,0.12000000,4.00963449,-0.03007335,-0.06453796,-0.06203261,-0.34431530,0.04031264,-0.16834466,-22.18644686,-11.49816657,-0.16834466
790,186.26000000,-21.62867749,-11.59302201,-0.17223862,map,37.56639592,126.97775250,0,-21.86579407,-11.55146230,0.06000000,0.06000000,4.00928567,-0.00325896,-0.00699311,-0.00636264,-0.06721366,0.05882737,-0.17223862,-21.63318049,-11.59552318,-0.17223862
791,186.42000000,-20.99798682,-11.71006638,-0.17319283,map,37.56639462,126.97776143,0,-21.07675070,-11.69620189,0.02000000,0.02000000,3.99876488,-0.00491133,-0.01053861,-0.01106439,0.02469914,-0.10798943,-0.17319283,-21.00274942,-11.70590888,-0.17319283
792,186.56000000,-20.44629203,-11.80744982,-0.17405552,map,37.56639462,126.97776143,0,-21.07675070,-11.69620189,0.16000000,0.16000000,4.00081943,0.00392439,0.00842237,0.01022582,-0.18000612,0.19520476,-0.17405552,-20.45094715,-11.80324331,-0.17405552
793,186.72000000,-19.81724762,-11.92072701,-0.16455327,map,37.56639329,126.97777032,0,-20.29097973,-11.84344978,0.12000000,0.12000000,4.00972505,0.05305239,0.11400811,0.11769186,1.08508023,0.89537485,-0.16455327,-19.81968293,-11.90759724,-0.16455327
794,186.86000000,-19.25825773,-11.98308670,-0.14258937,map,37.56639231,126.97777933,0,-19.49544855,-11.95262837,0.06000000,0.06000000,4.00920985,0.08670891,0.18622208,0.18739274,1.06566776,0.90172886,-0.14258937,-19.26633530,-11.98330689,-0.14258937
795,187.02000000,-18.62880642,-12.04655720,-0.11034925,map,37.56639152,126.97778824,0,-18.70820216,-12.03955236,0.02000000,0.02000000,3.99396037,0.09815491,0.21068147,0.21107956,-0.02221388,0.89100357,-0.11034925,-18.62891109,-12.04936206,-0.11034925
796,187.16000000,-18.07082391,-12.08593682,-0.08035396,map,37.56639152,126.97778824,0,-18.70820216,-12.03955236,0.16000000,0.16000000,3.99249236,0.10145468,0.21771504,0.21853028,1.10483642,0.96148993,-0.08035396,-18.07085324,-12.08867270,-0.08035396
797,187.32000000,-17.42408747,-12.12176281,-0.04479802,map,37.56639092,126.97779734,0,-17.90450099,-12.10631922,0.12000000,0.12000000,4.01062844,0.10116704,0.21709969,0.21608805,-3.02684224,0.71393542,-0.04479802,-17.43033978,-12.11210425,-0.04479802
798,187.46000000,-16.87229750,-12.11958181,-0.01631191,map,37.56639080,126.97780631,0,-17.11190313,-12.11980803,0.06000000,0.06000000,3.99468517,0.09119886,0.19570994,0.19498897,-0.00935785,0.75390956,-0.01631191,-16.87073224,-12.11574146,-0.01631191
799,187.62000000,-16.22086743,-12.09969252,0.01396004,map,37.56639096,126.97781549,0,-16.30105314,-12.10239182,0.02000000,0.02000000,4.00891723,0.08525223,0.18294900,0.18209875,-0.12204979,0.64651419,0.01396004,-16.23066421,-12.10220874,0.01396004
800,187.76000000,-15.66141524,-12.07338984,0.03862107,map,37.56639096,126.97781549,0,-16.30105314,-12.10239182,0.16000000,0.16000000,3.99471606,0.07963131,0.17088001,0.17071127,-0.02396109,0.65811781,0.03862107,-15.67113649,-12.07587851,0.03862107
801,187.92000000,-15.02718585,-12.04666534,0.06411060,map,37.56639114,126.97782449,0,-15.50567980,-12.08176650,0.12000000,0.12000000,4.00832292,0.06994128,0.15009083,0.14947409,-0.05866068,0.58473951,0.06411060,-15.03312404,-12.03093842,0.06411060
802,188.06000000,-14.47665381,-11.97383801,0.08250952,map,37.56639191,126.97783343,0,-14.71564877,-11.99617679,0.06000000,0.06000000,4.00080782,0.05234081,0.11231889,0.11070120,-0.16488376,0.25126829,0.08250952,-14.47510394,-11.98107192,0.08250952
803,188.22000000,-13.83439421,-11.90664178,0.09278970,map,37.56639265,126.97784251,0,-13.91410192,-11.91417369,0.02000000,0.02000000,4.01395236,0.00144753,0.00310443,-0.00110568,1.08458523,-0.41676338,0.09278970,-13.83865463,-11.91936436,0.09278970
804,188.36000000,-13.27627855,-11.85881436,0.08642752,map,37.56639265,126.97784251,0,-13.91410192,-11.91417369,0.16000000,0.16000000,3.99645662,-0.03374833,-0.07243434,-0.07359856,1.10882125,-0.41778855,0.08642752,-13.28024256,-11.87171836,0.08642752
805,188.52000000,-12.63872484,-11.82541756,0.07342115,map,37.56639316,126.97785152,0,-13.11784303,-11.85842855,0.12000000,0.12000000,4.00265046,-0.03854972,-0.08272616,-0.08301212,-0.02268473,-0.33881381,0.07342115,-12.64100841,-11.82656399,0.07342115
806,188.66000000,-12.08521385,-11.80514487,0.06145722,map,37.56639352,126.97786050,0,-12.32470046,-11.81807204,0.06000000,0.06000000,3.99525468,-0.04087502,-0.08771483,-0.08788926,1.62748485,-0.39474746,0.06145722,-12.08233325,-11.79440303,0.06145722
807,188.82000000,-11.43439575,-11.76326671,0.04662997,map,37.56639399,126.97786967,0,-11.51444479,-11.76618237,0.02000000,0.02000000,4.00402817,-0.04585727,-0.09841006,-0.09875376,0.06263505,-0.46786051,0.04662997,-11.44239887,-11.76664550,0.04662997
808,188.96000000,-10.87445077,-11.74870830,0.03076551,map,37.56639399,126.97786967,0,-11.51444479,-11.76618237,0.16000000,0.16000000,3.98997277,-0.05947415,-0.12762513,-0.12893222,0.07453471,-0.62337373,0.03076551,-10.88280669,-11.75220703,0.03076551
809,189.12000000,-10.25306752,-11.76802534,0.00741073,map,37.56639397,126.97787851,0,-10.73329206,-11.76767989,0.12000000,0.12000000,4.00222479,-0.07422889,-0.15929312,-0.15973500,0.04499339,-0.68275548,0.00741073,-10.24280017,-11.75065495,0.00741073
810,189.26000000,-9.69123582,-11.76941540,-0.01553075,map,37.56639402,126.97788759,0,-9.93143127,-11.76224502,0.06000000,0.06000000,3.99072274,-0.07718716,-0.16563508,-0.16562876,-0.00170393,-0.67571064,-0.01553075,-9.68240876,-11.76362221,-0.01553075
811,189.42000000,-9.04279512,-11.79315270,-0.04178423,map,37.56639379,126.97789674,0,-9.12262332,-11.78841940,0.02000000,0.02000000,4.00671430,-0.07657220,-0.16428983,-0.16442334,-0.00661209,-0.68648362,-0.04178423,-9.04286021,-11.79426659,-0.04178423
812,189.56000000,-8.48323247,-11.83380663,-0.06489411,map,37.56639379,126.97789674,0,-9.12262332,-11.78841940,0.16000000,0.16000000,4.00473598,-0.07707903,-0.16540802,-0.16549875,-0.14135419,-0.67949582,-0.06489411,-8.48332281,-11.83496318,-0.06489411
813,189.72000000,-7.84681976,-11.89573888,-0.09135397,map,37.56639325,126.97790577,0,-8.32470673,-11.84746340,0.12000000,0.12000000,3.99429645,-0.07701518,-0.16526577,-0.16531742,0.25821091,-0.66049929,-0.09135397,-7.84639211,-11.89724228,-0.09135397
814,189.86000000,-7.29031272,-11.96121605,-0.11381876,map,37.56639250,126.97791478,0,-7.52888489,-11.93065920,0.06000000,0.06000000,4.00869873,-0.07157428,-0.15359634,-0.15296586,-0.09723980,-0.54611879,-0.11381876,-7.28935109,-11.96524615,-0.11381876
815,190.02000000,-6.65595423,-12.05382493,-0.13458746,map,37.56639150,126.97792376,0,-6.73519522,-12.04214529,0.02000000,0.02000000,4.00405347,-0.05061421,-0.10861435,-0.10755851,-0.05327507,-0.30640722,-0.13458746,-6.65540929,-12.05459541,-0.13458746
816,190.16000000,-6.10276641,-12.13712455,-0.14467685,map,37.56639150,126.97792376,0,-6.73519522,-12.04214529,0.16000000,0.16000000,4.00417482,-0.01204173,-0.02581707,-0.02241556,1.11398737,0.25790045,-0.14467685,-6.10226090,-12.13766281,-0.14467685
817,190.32000000,-5.45783812,-12.22576364,-0.13485774,map,37.56639041,126.97793286,0,-5.93161968,-12.16289325,0.12000000,0.12000000,4.00537667,0.05963989,0.12802664,0.13161412,1.08736815,0.94742038,-0.13485774,-5.46939561,-12.22338979,-0.13485774
818,190.46000000,-4.91956914,-12.28020655,-0.11037535,map,37.56638956,126.97794161,0,-5.15860344,-12.25766323,0.06000000,0.06000000,4.00489090,0.09933301,0.21324829,0.21789018,0.75085183,1.31584983,-0.11037535,-4.91138386,-12.28113234,-0.11037535
819,190.62000000,-4.27306419,-12.30838421,-0.06600422,map,37.56638912,126.97795073,0,-4.35251518,-12.30591239,0.02000000,0.02000000,3.96789903,0.15576642,0.33488648,0.33916987,1.00735577,1.83558034,-0.06600422,-4.27356090,-12.31773848,-0.06600422
820,190.76000000,-3.71234968,-12.30584695,-0.01213893,map,37.56638912,126.97795073,0,-4.35251518,-12.30591239,0.16000000,0.16000000,4.00425870,0.19454812,0.41751637,0.41935543,0.05843755,1.90700490,-0.01213893,-3.71291928,-12.31491962,-0.01213893
821,190.92000000,-3.06525048,-12.27195755,0.05811026,map,37.56638907,126.97795988,0,-3.54430643,-12.31173418,0.12000000,0.12000000,3.97434924,0.20876577,0.44797156,0.44817951,0.01147266,1.78363669,0.05811026,-3.07407991,-12.26762539,0.05811026
822,191.08000000,-2.52434048,-12.18126397,0.12985576,map,37.56638988,126.97796874,0,-2.76156365,-12.22161092,0.06000000,0.06000000,4.02533323,0.20851067,0.44795847,0.44796059,-0.23122521,1.78128782,0.12985576,-2.44137580,-12.17420452,0.12985576
823,191.22000000,-1.89856585,-12.05519010,0.19281379,map,37.56639121,126.97797763,0,-1.97603998,-12.07426664,0.02000000,0.02000000,3.98007049,0.21287865,0.45680151,0.45820966,0.00043615,1.95555106,0.19281379,-1.89153149,-12.05498342,0.19281379
824,191.36000000,-1.36130838,-11.89918401,0.26100525,map,37.56639121,126.97797763,0,-1.97603998,-12.07426664,0.16000000,0.16000000,4.01911404,0.24539786,0.52662668,0.52777526,0.12978233,2.37554029,0.26100525,-1.35448429,-11.89870956,0.26100525
825,191.52000000,-0.76079090,-11.66651426,0.35448208,map,37.56639325,126.97798636,0,-1.20544091,-11.84782667,0.12000000,0.12000000,3.95092118,0.29389132,0.63060274,0.63434667,0.08095385,2.80341963,0.35448208,-0.75814649,-11.66437269,0.35448208
826,191.66000000,-0.26507651,-11.39660177,0.44719127,map,37.56639627,126.97799463,0,-0.47416397,-11.51238439,0.06000000,0.06000000,3.97959762,0.31731392,0.68264772,0.68338022,-0.26750048,2.80121795,0.44719127,-0.26443793,-11.40836398,0.44719127
827,191.82000000,0.27900913,-11.05243174,0.55861149,map,37.56639999,126.97800242,0,0.21379273,-11.10021461,0.02000000,0.02000000,4.02743567,0.32624599,0.70014097,0.70014990,-0.33445806,2.81992431,0.55861149,0.27366543,-11.05299507,0.55861149
828,191.96000000,0.71111712,-10.69742142,0.65548976,map,37.56639999,126.97800242,0,0.21379273,-11.10021461,0.16000000,0.16000000,3.97142266,0.32028636,0.68891259,0.68874609,-0.14818509,2.68189052,0.65548976,0.70533511,-10.69804712,0.65548976
829,192.12000000,1.15846231,-10.22610114,0.76592364,map,37.56640472,126.97800931,0,0.82217126,-10.57536126,0.12000000,0.12000000,4.02975890,0.31975075,0.68643591,0.68565725,-0.32820055,2.73268308,0.76592364,1.15847355,-10.23973561,0.76592364
830,192.26000000,1.51786608,-9.80724027,0.85965852,map,37.56640993,126.97801554,0,1.37272066,-9.99690139,0.06000000,0.06000000,3.97554928,0.30564627,0.65747504,0.65568813,-0.82506569,2.59906824,0.85965852,1.50934684,-9.80513277,0.85965852
831,192.42000000,1.88008970,-9.26622403,0.95632245,map,37.56641589,126.97802080,0,1.83732787,-9.33484436,0.02000000,0.02000000,4.02972637,0.24725235,0.53066640,0.52605092,-0.74343487,1.61499337,0.95632245,1.86733023,-9.27104873,0.95632245
832,192.56000000,2.17373987,-8.78398352,1.00220308,map,37.56641589,126.97802080,0,1.83732787,-9.33484436,0.16000000,0.16000000,4.01953922,0.06417143,0.13771375,0.12401177,1.09323190,-0.86154325,1.00220308,2.16213887,-8.78895198,1.00220308
833,192.72000000,2.50729992,-8.25999961,0.99874233,map,37.56642195,126.97802544,0,2.24750244,-8.66286342,0.12000000,0.12000000,3.98696087,-0.05418304,-0.11626941,-0.11964571,1.10943385,-0.79661451,0.99874233,2.50782835,-8.24923794,0.99874233
834,192.86000000,2.82371970,-7.77841977,0.97869370,map,37.56642814,126.97803042,0,2.68736698,-7.97560142,0.06000000,0.06000000,4.01096288,-0.06992286,-0.15007144,-0.15027504,0.79413273,-0.55561117,0.97869370,2.82354231,-7.78630422,0.97869370
835,193.02000000,3.18785934,-7.27554318,0.96679728,map,37.56643385,126.97803557,0,3.14248724,-7.34227047,0.02000000,0.02000000,4.00158214,0.04275298,0.09174501,0.10540750,-1.65205796,1.81908584,0.96679728,3.19083597,-7.26081896,0.96679728
836,193.16000000,3.47663176,-6.80339728,1.01300084,map,37.56643385,126.97803557,0,3.14248724,-7.34227047,0.16000000,0.16000000,3.90008651,0.23324851,0.50042661,0.51176736,0.74499057,3.05616064,1.01300085,3.47801515,-6.78892362,1.01300085
837,193.32000000,3.75245394,-6.20869536,1.11411477,map,37.56644016,126.97804028,0,3.55876938,-6.64185987,0.12000000,0.12000000,4.00191535,0.32894505,0.70780282,0.71011707,0.87762339,3.14102251,1.11411477,3.74380719,-6.21657799,1.11411477
838,193.46000000,3.91786943,-5.67742781,1.21733071,map,37.56644675,126.97804356,0,3.84862193,-5.90986241,0.06000000,0.06000000,4.01869728,0.35209810,0.75562047,0.75666055,-0.33579084,3.16439055,1.21733071,3.92158034,-5.68022739,1.21733071
839,193.62000000,4.04702719,-5.05324538,1.33900722,map,37.56645359,126.97804576,0,3.84862193,-5.90986241,0.22000000,0.22000000,3.96422260,0.35732551,0.76671810,0.76717044,-0.04601163,3.07012063,1.33900722,4.05040182,-5.05596157,1.33900722
840,193.78000000,4.09469080,-4.50871154,1.46254733,map,37.56645359,126.97804576,0,4.04291390,-5.15101529,0.16000000,0.16000000,4.02801080,0.35417590,0.76020916,0.75965008,1.56899573,3.10988149,1.46254733,4.10202082,-4.41284664,1.46254733
841,193.92000000,4.08379845,-3.85572112,1.56357986,map,37.56646093,126.97804641,0,4.10022746,-4.33602149,0.12000000,0.12000000,3.97858871,0.31925507,0.68507392,0.68332739,0.98476870,2.54073414,1.56357986,4.08663399,-3.85202160,1.56357986
842,194.06000000,4.02778634,-3.30751177,1.65436904,map,37.56646806,126.97804597,0,4.06107448,-3.54495545,0.06000000,0.06000000,4.00875297,0.29270746,0.62813987,0.62788440,1.01185823,2.48849719,1.65436904,4.02255106,-3.29764660,1.65436904
843,194.22000000,3.88539105,-2.67074691,1.75033196,map,37.56647524,126.97804419,0,3.90427393,-2.74830597,0.02000000,0.02000000,3.99689876,0.25946850,0.55679429,0.55419590,-0.40584766,1.91945701,1.75033196,3.89314060,-2.66622820,1.75033196
844,194.36000000,3.73846585,-2.13345821,1.81230455,map,37.56647524,126.97804419,0,3.90427393,-2.74830597,0.16000000,0.16000000,3.94456231,0.13845267,0.29707386,0.28334450,-1.59402145,-0.34796566,1.81230455,3.74699421,-2.12908119,1.81230455
845,194.52000000,3.58512333,-1.53042121,1.82206661,map,37.56648209,126.97804194,0,3.70486704,-1.98774624,0.12000000,0.12000000,3.93894973,-0.05256093,-0.11693243,-0.12985773,1.37411098,-2.11819647,1.82206661,3.58554628,-1.52017556,1.82206661
846,194.66000000,3.46546065,-0.97255522,1.79339797,map,37.56648912,126.97803977,0,3.51370185,-1.20719619,0.06000000,0.06000000,3.99317278,-0.11591770,-0.24874435,-0.25105150,0.23993217,-1.23914667,1.79339796,3.46685380,-0.97455324,1.79339796
847,194.82000000,3.37474061,-0.33024033,1.74701770,map,37.56649631,126.97803833,0,3.38600644,-0.40912570,0.02000000,0.02000000,3.96457116,-0.15509467,-0.33331164,-0.33753987,0.45206990,-1.77463327,1.74701770,3.36107406,-0.34502555,1.74701770
848,194.96000000,3.31654243,0.22805504,1.69148450,map,37.56649631,126.97803833,0,3.38600644,-0.40912570,0.16000000,0.16000000,4.00233445,-0.19918972,-0.42744523,-0.42807542,-0.01996753,-1.77863614,1.69148450,3.30317943,0.21371179,1.69148450
849,195.12000000,3.27283727,0.85024976,1.62824744,map,37.56650334,126.97803723,0,3.28919592,0.37097195,0.12000000,0.12000000,3.99825383,-0.15487442,-0.33234739,-0.32714818,-0.51268593,-0.77262210,1.62824744,3.27672215,0.85261437,1.62824744
850,195.26000000,3.26801658,1.40925927,1.59519283,map,37.56651053,126.97803701,0,3.26978462,1.16893712,0.06000000,0.06000000,4.03440039,-0.07681000,-0.16484062,-0.16141173,-0.38266273,-0.31724094,1.59519283,3.27047063,1.41164254,1.59519283
851,195.42000000,3.27031597,2.05220734,1.57537415,map,37.56651777,126.97803701,0,3.26983268,1.97216937,0.02000000,0.02000000,4.00545818,-0.04435331,-0.09518015,-0.09236756,-0.22943783,-0.13374008,1.57537415,3.27104030,2.05081974,1.57537415
852,195.56000000,3.27466113,2.61215428,1.56689482,map,37.56651777,126.97803701,0,3.26983268,1.97216937,0.16000000,0.16000000,4.01354341,-0.01475104,-0.03165576,-0.02978676,-0.22174884,0.09187048,1.56689482,3.27523254,2.61065462,1.56689482
853,195.72000000,3.27069768,3.24801805,1.56636154,map,37.56652494,126.97803700,0,3.26848681,2.76853230,0.12000000,0.12000000,4.00463966,0.00445531,0.00956059,0.00999467,-0.01501177,0.05042787,1.56636154,3.27848394,3.25018197,1.56636154
854,195.86000000,3.26787922,3.79580116,1.56893840,map,37.56653204,126.97803699,0,3.26790087,3.55600887,0.06000000,0.06000000,4.00211762,0.01002562,0.02151408,0.02151810,0.04421668,0.04272507,1.56893840,3.27912561,3.81002882,1.56893840
855,196.02000000,3.28078439,4.44133498,1.57151691,map,37.56653930,126.97803714,0,3.28094036,4.36142328,0.02000000,0.02000000,3.99562983,0.00502950,0.01079261,0.01019248,0.03610181,-0.03501653,1.57151691,3.27821194,4.45010460,1.57151691
856,196.16000000,3.27928794,5.00112409,1.57299035,map,37.56653930,126.97803714,0,3.28094036,4.36142328,0.16000000,0.16000000,4.00110929,0.00496525,0.01065486,0.01060345,0.03277075,0.03564454,1.57299035,3.27671466,5.00998011,1.57299035
857,196.32000000,3.27685845,5.64488305,1.57391188,map,37.56654654,126.97803711,0,3.27856452,5.16481230,0.12000000,0.12000000,3.99903224,-0.00133397,-0.00286277,-0.00360228,0.03832194,-0.07687538,1.57391188,3.27445748,5.65003252,1.57391188
858,196.46000000,3.27198967,6.21087789,1.57203751,map,37.56655379,126.97803704,0,3.27191956,5.97056454,0.06000000,0.06000000,4.00348218,-0.00986191,-0.02116313,-0.02172824,-1.70001576,-0.13720534,1.57203751,3.27398981,6.21025119,1.57203751
859,196.62000000,3.27152567,6.83907880,1.56733017,map,37.56656090,126.97803702,0,3.27092548,6.75902983,0.02000000,0.02000000,3.99931592,-0.01752500,-0.03760737,-0.03777700,-0.13971895,-0.16641288,1.56733017,3.27673776,6.85026943,1.56733017
860,196.76000000,3.27889148,7.39915229,1.55946941,map,37.56656090,126.97803702,0,3.27092548,6.75902983,0.16000000,0.16000000,4.01614788,-0.03731114,-0.08006947,-0.08117573,-0.09603610,-0.43729530,1.55946941,3.28422181,7.41072198,1.55946941
861,196.92000000,3.30964308,8.03061551,1.54516312,map,37.56656803,126.97803730,0,3.29493852,7.55097259,0.12000000,0.12000000,3.99801232,-0.04431729,-0.09510110,-0.09525050,-0.01463786,-0.39185693,1.54516312,3.30261815,8.05049394,1.54516312
862,197.06000000,3.32957857,8.62695632,1.53323403,map,37.56657557,126.97803757,0,3.31889582,8.38720215,0.06000000,0.06000000,3.99903186,-0.03502210,-0.07515276,-0.07448970,0.06609115,-0.23898565,1.53323403,3.32602490,8.60969532,1.53323403
863,197.22000000,3.36423446,9.24915382,1.52212287,map,37.56658262,126.97803803,0,3.35976168,9.16931633,0.02000000,0.02000000,3.99896105,-0.03170636,-0.06803679,-0.06811870,1.10260908,-0.25163336,1.52212287,3.35885002,9.24894688,1.52212287
864,197.36000000,3.39799504,9.80819585,1.51357960,map,37.56658262,126.97803803,0,3.35976168,9.16931633,0.16000000,0.16000000,3.99927641,-0.02521959,-0.05411915,-0.05407485,0.03547167,-0.19264450,1.51357960,3.39257685,9.80781754,1.51357960
865,197.52000000,3.42672124,10.43283322,1.50570444,map,37.56658968,126.97803842,0,3.39411057,9.95369769,0.12000000,0.12000000,3.99536911,-0.02043497,-0.04384552,-0.04336167,0.07163352,-0.14081648,1.50570444,3.43545154,10.44633345,1.50570444
866,197.68000000,3.47290858,11.00773062,1.49920671,map,37.56659702,126.97803911,0,3.45492377,10.76834475,0.06000000,0.06000000,4.00109483,-0.01815689,-0.03896293,-0.03885883,0.02141415,-0.13998058,1.49920671,3.48223389,11.08472226,1.49920671
867,197.82000000,3.51493566,11.66126947,1.49475862,map,37.56660435,126.97803971,0,3.50866862,11.58153025,0.02000000,0.02000000,3.99475101,-0.00968053,-0.02077354,-0.01957305,0.17690169,0.07076552,1.49475862,3.52573369,11.64290127,1.49475862
868,197.96000000,3.55761580,12.21967848,1.49520861,map,37.56660435,126.97803971,0,3.50866862,11.58153025,0.16000000,0.16000000,3.98929256,0.01216012,0.02609387,0.02730742,0.13125790,0.24668152,1.49520861,3.56829251,12.20164534,1.49520861
869,198.12000000,3.60523169,12.84090823,1.50158776,map,37.56661138,126.97804044,0,3.57312128,12.36198597,0.12000000,0.12000000,4.00111342,0.02118671,0.04546889,0.04576828,-0.00521372,0.18771237,1.50158776,3.61174094,12.83993130,1.50158776
870,198.26000000,3.63865392,13.38395005,1.50827375,map,37.56661843,126.97804103,0,3.62467872,13.14446360,0.06000000,0.06000000,3.99640269,0.02278866,0.04890209,0.04836288,-0.00169272,0.20967745,1.50827375,3.64551246,13.39901858,1.50827375
871,198.42000000,3.68676882,14.01883025,1.51631974,map,37.56662559,126.97804169,0,3.68284195,13.93891129,0.02000000,0.02000000,4.00232739,0.02422304,0.05198073,0.05236464,0.02885393,0.26658024,1.51631974,3.67919236,14.03804487,1.51631974
872,198.56000000,3.71177613,14.57871849,1.52368073,map,37.56662559,126.97804169,0,3.68284195,13.93891129,0.16000000,0.16000000,3.99938462,0.02407489,0.05166251,0.05149946,-0.03069748,0.15214637,1.52368073,3.70418624,14.59762753,1.52368073
873,198.68000000,3.72310787,15.08469132,1.52921832,map,37.56663303,126.97804200,0,3.71094645,14.76490886,0.08000000,0.08000000,3.99541794,0.01833638,0.03934774,0.03854095,0.07079713,0.07358411,1.52921832,3.72281043,15.07717122,1.52921832
874,198.82000000,3.75700530,15.64423323,1.53336984,map,37.56664023,126.97804249,0,3.75418040,15.56406660,0.02000000,0.02000000,3.99865477,0.00893218,0.01916747,0.01801588,0.08220653,-0.01903537,1.53336984,3.74286917,15.63698234,1.53336984
875,198.96000000,3.77722561,16.20400830,1.53405835,map,37.56664023,126.97804249,0,3.75418040,15.56406660,0.16000000,0.16000000,4.00369757,-0.00222306,-0.00477038,-0.00508811,-0.03011230,-0.09111217,1.53405835,3.76315749,16.19668143,1.53405835
876,199.12000000,3.78979066,16.76158909,1.53143399,map,37.56664742,126.97804271,0,3.77357295,16.36180830,0.10000000,0.10000000,3.99945710,-0.01279203,-0.02745074,-0.02796510,-0.05416163,-0.21608789,1.53143399,3.78854033,16.83627000,1.53143399
877,199.26000000,3.81190459,17.39466249,1.52622522,map,37.56665456,126.97804302,0,3.80033326,17.15464072,0.06000000,0.06000000,4.00509287,-0.02085028,-0.04474180,-0.04513589,-0.04474627,-0.21256053,1.52622522,3.81435718,17.39572771,1.52622522
878,199.42000000,3.85164008,18.02510431,1.51883238,map,37.56666169,126.97804355,0,3.84708907,17.94527072,0.02000000,0.02000000,3.99907732,-0.02182993,-0.04684172,-0.04734281,1.08993197,-0.15414299,1.51883238,3.84867110,18.03468330,1.51883238
879,199.56000000,3.88550882,18.58429139,1.51248465,map,37.56666169,126.97804355,0,3.84708907,17.94527072,0.16000000,0.16000000,3.99991207,-0.01959548,-0.04204844,-0.04181528,0.00627566,-0.16517710,1.51248465,3.88253862,18.59369113,1.51248465
880,199.72000000,3.90950381,19.15255523,1.50612344,map,37.56666897,126.97804395,0,3.88261366,18.75349234,0.10000000,0.10000000,3.99798013,-0.01798419,-0.03858761,-0.03886493,0.00890250,-0.18402523,1.50612344,3.92486461,19.23226056,1.50612344
881,199.86000000,3.96304853,19.78363798,1.50203832,map,37.56667609,126.97804467,0,3.94602460,19.54421797,0.06000000,0.06000000,3.99231629,-0.00589897,-0.01265875,-0.00993348,0.24934574,0.25029747,1.50203832,3.96426733,19.79085159,1.50203832
882,200.02000000,3.99723213,20.44497782,1.50680368,map,37.56668349,126.97804519,0,3.99262601,20.36523915,0.02000000,0.02000000,3.99519194,0.02952650,0.06336078,0.06526639,0.20764518,0.42907107,1.50680368,4.00513175,20.42960489,1.50680368
883,200.16000000,4.02465611,21.00453482,1.51841396,map,37.56668349,126.97804519,0,3.99262601,20.36523915,0.16000000,0.16000000,3.99119849,0.04373639,0.09385305,0.09436162,0.03241994,0.42774426,1.51841396,4.03246858,20.98906260,1.51841396
884,200.32000000,4.03302481,21.64227500,1.53365153,map,37.56669068,126.97804548,0,4.01779653,21.16287566,0.12000000,0.12000000,4.00346232,0.04332115,0.09296433,0.09249452,-0.04594450,0.38299959,1.53365153,4.05393944,21.62818126,1.53365153
885,200.46000000,4.06013158,22.17958413,1.54567557,map,37.56669768,126.97804591,0,4.05581213,21.93946789,0.06000000,0.06000000,4.00148609,0.03598121,0.07721305,0.07664181,-0.06757792,0.27789589,1.54567557,4.06565071,22.18852787,1.54567557
886,200.62000000,4.06666606,22.83302872,1.55701788,map,37.56670501,126.97804603,0,4.06613608,22.75314126,0.02000000,0.02000000,4.00528535,0.03101344,0.06655299,0.06618194,-0.03362773,0.23089693,1.55701788,4.07270397,22.82827566,1.55701788
887,200.76000000,4.06802491,23.39349602,1.56528805,map,37.56670501,126.97804603,0,4.06613608,22.75314126,0.16000000,0.16000000,4.00228532,0.02185512,0.04689939,0.04557925,0.08372979,0.09970872,1.56528805,4.07411103,23.38866842,1.56528805
888,200.92000000,4.08489073,24.03793606,1.56559772,map,37.56671226,126.97804621,0,4.08277052,23.55818175,0.12000000,0.12000000,3.98885766,-0.02248183,-0.04824331,-0.05130088,1.11703916,-0.46964005,1.56559772,4.07651604,24.02858133,1.56559772
889,201.06000000,4.08354936,24.57742526,1.55442125,map,37.56671929,126.97804616,0,4.07776587,24.33793654,0.06000000,0.06000000,3.98899578,-0.04610176,-0.09892876,-0.09969521,0.09140001,-0.51227521,1.55442125,4.08748820,24.58878522,1.55442125
890,201.22000000,4.11157097,25.23508906,1.53672510,map,37.56672665,126.97804650,0,4.10786237,25.15509147,0.02000000,0.02000000,4.00407210,-0.05391420,-0.11569708,-0.11555391,0.03627452,-0.48124096,1.53672510,4.11180145,25.22910108,1.53672510
891,201.36000000,4.14258383,25.79401879,1.52081301,map,37.56672665,126.97804650,0,4.10786237,25.15509147,0.16000000,0.16000000,3.99701099,-0.05042327,-0.10820413,-0.10758776,-0.05750725,-0.37049235,1.52081301,4.14280956,25.78792724,1.52081301
892,201.52000000,4.18347365,26.42161191,1.50826508,map,37.56673374,126.97804699,0,4.15111528,25.94183836,0.12000000,0.12000000,4.01337882,-0.01968674,-0.04224780,-0.03942000,-0.00812977,0.17909483,1.50826508,4.18529200,26.42697402,1.50826508
893,201.68000000,4.21115327,26.98730740,1.50758952,map,37.56674100,126.97804750,0,4.19616789,26.74745406,0.06000000,0.06000000,4.00893115,0.00865797,0.01857930,0.01935433,-0.09164739,0.16806810,1.50758952,4.22626449,27.06514684,1.50758952
894,201.82000000,4.25926608,27.60933130,1.51133936,map,37.56674804,126.97804816,0,4.25475417,27.52936742,0.02000000,0.02000000,3.99898446,0.01330059,0.02854158,0.02832135,0.00366796,0.08204281,1.51133936,4.25887745,27.62396118,1.51133936
895,201.96000000,4.28972132,28.16861550,1.51508499,map,37.56674804,126.97804816,0,4.25475417,27.52936742,0.16000000,0.16000000,3.99986107,0.01130611,0.02426179,0.02412081,0.05798329,0.04213059,1.51508499,4.28934284,28.18322123,1.51508499
896,202.12000000,4.32990082,28.82354948,1.51667301,map,37.56675538,126.97804872,0,4.30431825,28.34411867,0.12000000,0.12000000,3.99618082,-0.00445940,-0.00956972,-0.01100658,0.12548223,-0.19407387,1.51667301,4.32344675,28.82239464,1.51667301
897,202.26000000,4.36520030,29.37270708,1.51258791,map,37.56676249,126.97804924,0,4.35046718,29.13287296,0.06000000,0.06000000,3.99842490,-0.01866771,-0.04005892,-0.04083239,0.04913367,-0.24414951,1.51258791,4.35660631,29.38147471,1.51258791
898,202.42000000,4.39254735,30.01764432,1.50531821,map,37.56676974,126.97804966,0,4.38691274,29.93780110,0.02000000,0.02000000,3.99794995,-0.02180661,-0.04679529,-0.04676607,0.02376397,-0.18499137,1.50531821,4.39950887,30.01997968,1.50531821
899,202.56000000,4.43390915,30.57603775,1.49905573,map,37.56676974,126.97804966,0,4.38691274,29.93780110,0.16000000,0.16000000,3.99810632,-0.01916466,-0.04112122,-0.04094711,1.11046428,-0.15643158,1.49905573,4.44085602,30.57834616,1.49905573
900,202.72000000,4.49214794,31.22658118,1.49377475,map,37.56677704,126.97805042,0,4.45425976,30.74827594,0.12000000,0.12000000,3.99967569,-0.00954341,-0.02047785,-0.01942482,-0.08852387,0.06624946,1.49377475,4.49103820,31.21622600,1.49377475
901,202.86000000,4.52309836,31.77661962,1.49661475,map,37.56678415,126.97805101,0,4.50611403,31.53723927,0.06000000,0.06000000,3.99222228,0.02898387,0.06219659,0.06486561,0.27661188,0.51936622,1.49661475,4.53259230,31.77480524,1.49661475
902,203.02000000,4.57236862,32.41191276,1.51109593,map,37.56679131,126.97805171,0,4.56844772,32.33217638,0.02000000,0.02000000,3.99309252,0.04591027,0.09852929,0.09848598,-0.04426369,0.38787725,1.51109593,4.56890977,32.41399456,1.51109593
903,203.16000000,4.59633471,32.97151452,1.52346723,map,37.56679131,126.97805171,0,4.56844772,32.33217638,0.16000000,0.16000000,4.00616219,0.03584505,0.07692159,0.07608696,-0.08563274,0.19867658,1.52346723,4.59292278,32.97348702,1.52346723
904,203.32000000,4.61906168,33.60476242,1.53378090,map,37.56679846,126.97805210,0,4.60306944,33.12511759,0.12000000,0.12000000,3.99932144,0.02614628,0.05610785,0.05588937,-0.01394560,0.16807716,1.53378090,4.61491932,33.61327283,1.53378090
905,203.46000000,4.63901147,34.19955758,1.54101338,map,37.56680598,126.97805244,0,4.63290798,33.95971146,0.06000000,0.06000000,4.00315057,0.02299467,0.04934493,0.04937042,-0.02576033,0.19809288,1.54101338,4.63019193,34.17295883,1.54101338
906,203.62000000,4.64805084,34.79914116,1.54933331,map,37.56681282,126.97805260,0,4.64680390,34.71921688,0.02000000,0.02000000,3.99507367,0.02610251,0.05601335,0.05660394,0.00662525,0.26080637,1.54933331,4.64276240,34.81307484,1.54933331
907,203.76000000,4.65320426,35.35859237,1.55889575,map,37.56681282,126.97805260,0,4.64680390,34.71921688,0.16000000,0.16000000,3.99613017,0.03965708,0.08510066,0.08680023,0.22203952,0.55334398,1.55889575,4.64782557,35.37258272,1.55889575
908,203.92000000,4.65358648,36.00855643,1.57771239,map,37.56682011,126.97805275,0,4.65996321,35.52790988,0.12000000,0.12000000,3.99981677,0.06874159,0.14751601,0.14958453,-1.68903731,0.78349475,1.57771239,4.64113735,36.01297004,1.57771239
909,204.06000000,4.61548345,36.57723064,1.60222314,map,37.56682740,126.97805237,0,4.62690769,36.33739264,0.06000000,0.06000000,3.99823298,0.08988433,0.19288399,0.19373985,-0.09101132,0.84162837,1.60222314,4.61925193,36.57122210,1.60222314
910,204.22000000,4.56218546,37.21084368,1.63400007,map,37.56683455,126.97805172,0,4.56894287,37.13088399,0.02000000,0.02000000,4.01131715,0.09234775,0.19817603,0.19815814,-0.02194658,0.80630984,1.63400007,4.57410439,37.21085715,1.63400007
911,204.36000000,4.50737759,37.76713205,1.65987450,map,37.56683455,126.97805172,0,4.56894287,37.13088399,0.16000000,0.16000000,3.98535050,0.07870128,0.16888165,0.16778785,0.13735623,0.52225950,1.65987450,4.51928807,37.76754441,1.65987450
912,204.52000000,4.46037037,38.39436531,1.68215790,map,37.56684163,126.97805114,0,4.51775775,37.91701446,0.12000000,0.12000000,3.99407291,0.04845028,0.10396946,0.10188020,0.17071877,0.16525743,1.68215790,4.44428037,38.40347375,1.68215790
913,204.66000000,4.37758976,38.94287304,1.69343880,map,37.56684873,126.97804990,0,4.40844515,38.70493693,0.06000000,0.06000000,3.99355018,0.03412031,0.07321871,0.07411416,-0.07478671,0.40097036,1.69343880,4.37347441,38.95899733,1.69343880
914,204.82000000,4.28341429,39.59278097,1.70994398,map,37.56685602,126.97804862,0,4.29569247,39.51343171,0.02000000,0.02000000,4.02238011,0.06856945,0.14711648,0.15042752,-0.31798020,0.93349312,1.70994398,4.28292800,39.59268279,1.70994398
915,204.96000000,4.18649821,40.14426254,1.73704533,map,37.56685602,126.97804862,0,4.29569247,39.51343171,0.16000000,0.16000000,3.97579064,0.10902761,0.23395295,0.23720936,1.05960238,1.24698458,1.73704533,4.18586866,40.14377961,1.73704533
916,205.10000000,4.05015281,40.69090542,1.77562143,map,37.56686311,126.97804685,0,4.13871804,40.30059076,0.10000000,0.10000000,4.00070446,0.14228221,0.30541542,0.30761710,0.08333156,1.39219904,1.77562143,4.06527194,40.69088189,1.77562143
917,205.26000000,3.89379775,41.31319073,1.82940774,map,37.56687017,126.97804484,0,3.96183802,41.08423584,0.06000000,0.06000000,3.97599186,0.16872801,0.36206073,0.36416650,0.10137324,1.62468761,1.82940774,3.89443213,41.30745391,1.82940774
918,205.42000000,3.69330308,41.89944429,1.89396385,map,37.56687684,126.97804213,0,3.72227659,41.82461800,0.02000000,0.02000000,4.00843455,0.20492540,0.43975757,0.44115459,0.07732204,1.92095128,1.89396385,3.68274569,41.91162799,1.89396385
919,205.56000000,3.47104416,42.41352889,1.95801435,map,37.56687684,126.97804213,0,3.72227659,41.82461800,0.16000000,0.16000000,3.97322951,0.21739468,0.46648454,0.46730060,-0.06683387,1.91656263,1.95801435,3.46044240,42.42533414,1.95801435
920,205.72000000,3.15980126,42.98717655,2.03389241,map,37.56688350,126.97803832,0,3.38583114,42.56331167,0.12000000,0.12000000,4.02207731,0.22382818,0.48034039,0.48054551,-0.06224716,1.94247661,2.03389241,3.16478096,42.99244654,2.03389241
921,205.86000000,2.86145119,43.46123666,2.10105879,map,37.56688977,126.97803386,0,2.99133238,43.25940255,0.06000000,0.06000000,3.97724830,0.22201216,0.47639721,0.47628317,-0.08206655,1.89946337,2.10105879,2.86981000,43.47074848,2.10105879
922,206.02000000,2.48670754,43.98536026,2.17819040,map,37.56689574,126.97802871,0,2.53607205,43.92165792,0.02000000,0.02000000,4.02097096,0.22887022,0.49116005,0.49127109,-0.06193539,2.02729991,2.17819040,2.49558585,43.98929806,2.17819040
923,206.16000000,2.12455668,44.41598920,2.24738033,map,37.56689574,126.97802871,0,2.53607205,43.92165792,0.16000000,0.16000000,3.98023558,0.23000007,0.49354131,0.49348265,-0.09122077,2.02175506,2.24738033,2.13351008,44.41961143,2.24738033
924,206.32000000,1.69882036,44.88007111,2.32641993,map,37.56690131,126.97802306,0,2.03683951,44.54084418,0.12000000,0.12000000,4.02141223,0.23292450,0.49986124,0.50007129,-0.12045700,2.05042795,2.32641993,1.68715812,44.87623499,2.32641993
925,206.46000000,1.25934669,45.25263001,2.39759528,map,37.56690632,126.97801635,0,1.44428068,45.09684107,0.06000000,0.06000000,4.01710673,0.24307472,0.52164048,0.52266845,-0.22457358,2.20288380,2.39759528,1.26354625,45.24839606,2.39759528
926,206.62000000,0.75264794,45.62007317,2.48403055,map,37.56691063,126.97800926,0,0.81847467,45.57524517,0.02000000,0.02000000,3.97546344,0.26092478,0.56111140,0.56300519,0.96987991,2.46506176,2.48403055,0.75178942,45.62774608,2.48403055
927,206.76000000,0.27189673,45.91378051,2.56688971,map,37.56691063,126.97800926,0,0.81847467,45.57524517,0.16000000,0.16000000,4.01928559,0.28339037,0.61088858,0.61119425,-0.29713809,2.58266395,2.56688971,0.27082918,45.92122612,2.56688971
928,206.92000000,-0.30511918,46.20061464,2.66643091,map,37.56691444,126.97800144,0,0.12735239,45.99711299,0.12000000,0.12000000,3.96361303,0.29683897,0.63694178,0.63798181,-0.04063566,2.65070389,2.66643091,-0.30275928,46.19997492,2.66643091
929,207.06000000,-0.81544298,46.39572582,2.75864907,map,37.56691733,126.97799335,0,-0.58709821,46.31863215,0.06000000,0.06000000,4.02759706,0.31462536,0.67520297,0.67582667,-0.19635588,2.73173947,2.75864907,-0.82915685,46.39356397,2.75864907
930,207.22000000,-1.43575897,46.58496706,2.86495249,map,37.56691958,126.97798463,0,-1.35758252,46.56848786,0.02000000,0.02000000,3.97592820,0.29758587,0.63856512,0.63653233,-0.30420510,2.39043152,2.86495249,-1.44982846,46.55321925,2.86495249
931,207.36000000,-1.98634378,46.67709821,2.94565383,map,37.56691958,126.97798463,0,-1.35758252,46.56848786,0.16000000,0.16000000,3.96644581,0.22615215,0.48553961,0.47972392,1.01504292,1.26765287,2.94565383,-2.00047553,46.64593604,2.94565383
932,207.48000000,-2.49499700,46.70248499,2.99008732,map,37.56692043,126.97797539,0,-2.17375692,46.66235918,0.08000000,0.08000000,4.04229793,0.12753472,0.27370586,0.26574053,-1.08163691,0.20840921,2.99008732,-2.48018569,46.70796955,2.99008732
933,207.62000000,-3.04916609,46.76420537,3.01354565,map,37.56692126,126.97796639,0,-2.96910716,46.75472910,0.02000000,0.02000000,4.02564083,0.04068953,0.08672859,0.08509105,-1.70413317,-0.15046022,3.01354565,-3.03954351,46.77434742,3.01354565
934,207.76000000,-3.60439854,46.83266045,3.01602531,map,37.56692126,126.97796639,0,-2.96910716,46.75472910,0.16000000,0.16000000,4.01192492,-0.01902655,-0.04083045,-0.04443075,-0.38526313,-0.52982622,3.01602531,-3.59459128,46.84309478,3.01602531
935,207.92000000,-4.22105862,46.93190597,3.00147332,map,37.56692223,126.97795759,0,-3.74708272,46.86256306,0.12000000,0.12000000,4.00928974,-0.05333352,-0.11449521,-0.11410898,0.02735409,-0.43478091,3.00147332,-4.22742895,46.93392087,3.00147332
936,208.06000000,-4.77877797,47.03701043,2.98705538,map,37.56692345,126.97794859,0,-4.54221749,46.99810271,0.06000000,0.06000000,3.98964938,-0.03981391,-0.08544273,-0.08348861,0.30150180,-0.15105730,2.98705538,-4.77999813,47.02294446,2.98705538
937,208.22000000,-5.41794190,47.12006543,2.97845344,map,37.56692443,126.97793957,0,-5.33914233,47.10680865,0.02000000,0.02000000,3.99225962,-0.01368260,-0.02936126,-0.02797240,0.06304163,-0.01827603,2.97845344,-5.41089003,47.12857002,2.97845344
938,208.36000000,-5.97008076,47.21257436,2.97665379,map,37.56692443,126.97793957,0,-5.33914233,47.10680865,0.16000000,0.16000000,3.99522308,-0.00049225,-0.00105575,-0.00049997,0.11389918,0.05591358,2.97665379,-5.96311249,47.22101422,2.97665379
939,208.52000000,-6.59789703,47.30532582,2.97973227,map,37.56692553,126.97793068,0,-6.12404503,47.22826652,0.12000000,0.12000000,3.97793139,0.02357656,0.05059143,0.05327154,0.29750541,0.52702085,2.97973227,-6.59410764,47.32401615,2.97973227
940,208.66000000,-7.14869883,47.39796289,2.99233844,map,37.56692675,126.97792177,0,-6.91094459,47.36441524,0.06000000,0.06000000,3.99071269,0.05537396,0.11882593,0.12093315,0.13911665,0.66290829,2.99233844,-7.14771265,47.40531102,2.99233844
941,208.82000000,-7.77880377,47.47825449,3.01528578,map,37.56692770,126.97791285,0,-7.69950720,47.46953474,0.02000000,0.02000000,3.98743607,0.07370960,0.15817086,0.15882717,0.02015833,0.66667007,3.01528578,-7.78355618,47.48297424,3.01528578
942,208.96000000,-8.33519666,47.53151256,3.03859756,map,37.56692770,126.97791285,0,-7.69950720,47.46953474,0.16000000,0.16000000,3.99675010,0.07971269,0.17114682,0.17178255,1.06548523,0.74288013,3.03859756,-8.34007149,47.53615705,3.03859756
943,209.12000000,-8.98094324,47.57244265,3.06602711,map,37.56692834,126.97790377,0,-8.50162095,47.54081077,0.12000000,0.12000000,3.99239788,0.07941618,0.17042082,0.17025301,-0.01974938,0.65641509,3.06602711,-8.97903649,47.58045676,3.06602711
944,209.26000000,-9.54408365,47.60811831,3.08934727,map,37.56692887,126.97789468,0,-9.30471102,47.59903306,0.06000000,0.06000000,3.99145693,0.07288134,0.15640955,0.15546038,1.07841376,0.53889291,3.08934727,-9.53741439,47.60516474,3.08934727
945,209.42000000,-10.16444995,47.61931111,3.10909788,map,37.56692903,126.97788585,0,-10.08458910,47.61748486,0.02000000,0.02000000,3.98737914,0.03863438,0.08292669,0.08026106,0.19327129,0.06665665,3.10909788,-10.17760730,47.62236571,3.10909788
946,209.56000000,-10.72437525,47.63123310,3.11701553,map,37.56692903,126.97788585,0,-10.08458910,47.61748486,0.16000000,0.16000000,3.99397754,0.01769003,0.03796136,0.03678954,0.11948252,0.00487736,3.11701553,-10.73742734,47.63437369,3.11701553
947,209.72000000,-11.37050702,47.65383054,3.11865379,map,37.56692927,126.97787673,0,-10.89052174,47.64318748,0.12000000,0.12000000,3.99198551,-0.00546572,-0.01172841,-0.01309313,0.07460359,-0.13688751,3.11865379,-11.37684969,47.64837027,3.11865379
948,209.86000000,-11.93228776,47.67121830,3.11603680,map,37.56692946,126.97786765,0,-11.69227704,47.66467029,0.06000000,0.06000000,3.99816497,-0.01000521,-0.02147008,-0.02121617,-0.03796001,-0.02776973,3.11603680,-11.93664324,47.66312786,3.11603680
949,210.02000000,-12.55423606,47.68543209,3.11395301,map,37.56692963,126.97785880,0,-12.47425514,47.68315674,0.02000000,0.02000000,4.00062375,-0.00316415,-0.00678962,-0.00654895,-0.03396657,-0.01897506,3.11395301,-12.57627939,47.68124115,3.11395301
950,210.16000000,-13.11384983,47.70111717,3.11383831,map,37.56692963,126.97785880,0,-12.47425514,47.68315674,0.16000000,0.16000000,4.00207278,0.00205587,0.00441219,0.00477603,0.00636566,0.03743782,3.11383831,-13.13596923,47.69688074,3.11383831
951,210.28000000,-13.63483920,47.70597750,3.11476671,map,37.56692976,126.97784929,0,-13.31497086,47.69760168,0.08000000,0.08000000,4.00219596,0.00410040,0.00879962,0.00890183,-0.02164198,0.03124096,3.11476671,-13.61587090,47.70956854,3.11476671
952,210.42000000,-14.18259005,47.71723007,3.11583490,map,37.56692992,126.97784037,0,-14.10260538,47.71522347,0.02000000,0.02000000,4.00036460,0.00286640,0.00615139,0.00593264,-0.01768302,-0.00395888,3.11583490,-14.17571974,47.72376882,3.11583490
953,210.56000000,-14.74236764,47.73101666,3.11675058,map,37.56692992,126.97784037,0,-14.10260538,47.71522347,0.16000000,0.16000000,4.00022927,0.00422148,0.00905736,0.00932357,0.00622460,0.08140394,3.11675058,-14.73551491,47.73752727,3.11675058
954,210.72000000,-15.37200860,47.73871046,3.11788009,map,37.56693003,126.97783143,0,-14.89230109,47.72750741,0.12000000,0.12000000,3.99829701,0.00293534,0.00629780,0.00613280,-0.02002279,-0.01075529,3.11788009,-15.37512045,47.75250902,3.11788009
955,210.86000000,-15.96032513,47.79021138,3.11784011,map,37.56693054,126.97782206,0,-15.72053739,47.78444142,0.06000000,0.06000000,3.99988345,-0.00210450,-0.00451694,-0.00472505,-0.00999623,-0.04068681,3.11784011,-15.93478247,47.76573430,3.11784011
956,211.02000000,-16.56169926,47.78637996,3.11636239,map,37.56693054,126.97781344,0,-16.48181404,47.78424531,0.02000000,0.02000000,3.99886051,-0.00620222,-0.01331055,-0.01306050,0.03270826,0.00561923,3.11636239,-16.57445657,47.78198920,3.11636239
957,211.16000000,-17.12171554,47.80165426,3.11482652,map,37.56693054,126.97781344,0,-16.48181404,47.78424531,0.16000000,0.16000000,3.99909236,-0.00521142,-0.01118306,-0.01091106,-0.00342772,-0.03087782,3.11482652,-17.13428393,47.79726508,3.11482652
958,211.32000000,-17.78078321,47.82565455,3.11286890,map,37.56693078,126.97780417,0,-17.30118077,47.81156603,0.12000000,0.12000000,3.99706236,-0.00632871,-0.01358083,-0.01312879,-0.01698169,-0.04235069,3.11286890,-17.77375434,47.81588694,3.11286890
959,211.46000000,-18.33648897,47.83639036,3.11116221,map,37.56693094,126.97779516,0,-18.09655428,47.82884284,0.06000000,0.06000000,3.99990209,-0.00593274,-0.01272996,-0.01243963,0.02763002,-0.05409152,3.11116221,-18.33354968,47.83324972,3.11116221
960,211.62000000,-18.97838120,47.84509597,3.10899559,map,37.56693106,126.97778609,0,-18.89841751,47.84234420,0.02000000,0.02000000,4.00070445,-0.00815419,-0.01749568,-0.01792770,0.01420348,-0.09694226,3.10899559,-18.97314924,47.85438410,3.10899559
961,211.76000000,-19.53843957,47.86624405,3.10481064,map,37.56693106,126.97778609,0,-18.89841751,47.84234420,0.16000000,0.16000000,3.99647111,-0.01990020,-0.04270379,-0.04379028,0.11770775,-0.28994064,3.10481064,-19.53300607,47.87559257,3.10481064
962,211.92000000,-20.15997425,47.91558273,3.09655878,map,37.56693151,126.97777723,0,-19.68060378,47.89257927,0.12000000,0.12000000,3.99718926,-0.02614188,-0.05609782,-0.05639819,0.03693431,-0.23781765,3.09655878,-20.17211349,47.90552545,3.09655878
963,212.06000000,-20.73179655,47.94113082,3.08805583,map,37.56693182,126.97776804,0,-20.49233378,47.92702360,0.06000000,0.06000000,4.00281796,-0.02869105,-0.06156896,-0.06182815,-0.00114361,-0.24289768,3.08805583,-20.73153854,47.93707847,3.08805583
964,212.22000000,-21.36675588,47.97148502,3.07978341,map,37.56693218,126.97775905,0,-21.28690833,47.96619417,0.02000000,0.02000000,4.00085983,-0.01812402,-0.03889254,-0.03847931,-0.07557388,-0.06024920,3.07978341,-21.37008082,47.97802542,3.07978341
965,212.36000000,-21.92542374,48.00919331,3.07578177,map,37.56693218,126.97775905,0,-21.28690833,47.96619417,0.16000000,0.16000000,4.00240438,-0.01027453,-0.02204829,-0.02141379,-0.05139906,-0.04348373,3.07578177,-21.92878202,48.01570126,3.07578177
966,212.52000000,-22.55496402,48.05998270,3.07308977,map,37.56693272,126.97775011,0,-22.07651648,48.02670260,0.12000000,0.12000000,3.99948461,-0.00674974,-0.01448413,-0.01414453,-0.00854943,-0.05799921,3.07308977,-22.56725809,48.05995492,3.07308977
967,212.66000000,-23.11378974,48.08842480,3.07134622,map,37.56693312,126.97774108,0,-22.87435257,48.07132479,0.06000000,0.06000000,4.00180534,-0.00580684,-0.01246093,-0.01223156,-0.03242739,-0.04549388,3.07134622,-23.12595836,48.09960441,3.07134622
968,212.82000000,-23.76722466,48.15262561,3.07047045,map,37.56693380,126.97773188,0,-23.68749235,48.14695827,0.02000000,0.02000000,4.00296288,0.00148789,0.00319304,0.00341881,-0.06430256,0.09232999,3.07047045,-23.76430432,48.14535946,3.07047045
969,212.96000000,-24.32602243,48.19154775,3.07178977,map,37.56693380,126.97773188,0,-23.68749235,48.14695827,0.16000000,0.16000000,4.00059010,0.00792377,0.01700404,0.01798033,0.09312008,0.16947604,3.07178977,-24.32307360,48.18425222,3.07178977
970,213.12000000,-24.95801096,48.22333344,3.07733902,map,37.56693422,126.97772292,0,-24.47888902,48.19344422,0.12000000,0.12000000,3.99927216,0.02090543,0.04486167,0.04514687,1.12142394,0.24369522,3.07733902,-24.96204264,48.22477248,3.07733902
971,213.26000000,-25.51469768,48.25587978,3.08484035,map,37.56693467,126.97771391,0,-25.27517085,48.24345793,0.06000000,0.06000000,3.99582471,0.02934375,0.06298200,0.06338254,0.02730085,0.30757455,3.08484035,-25.52126873,48.25525471,3.08484035
972,213.42000000,-26.16527302,48.28086799,3.09686045,map,37.56693499,126.97770474,0,-26.08533716,48.27801118,0.02000000,0.02000000,4.00004001,0.04039854,0.08669252,0.08730813,0.04435134,0.40716692,3.09686045,-26.16058014,48.28229924,3.09686045
973,213.56000000,-26.72557213,48.29618686,3.11008992,map,37.56693499,126.97770474,0,-26.08533716,48.27801118,0.16000000,0.16000000,3.99301096,0.04582194,0.09832917,0.09836119,-0.01797012,0.38743393,3.11008992,-26.72078506,48.29754640,3.11008992
974,213.72000000,-27.37239643,48.31764000,3.12400829,map,37.56693529,126.97769559,0,-26.89330584,48.31177577,0.12000000,0.12000000,4.00298732,0.02885102,0.06191265,0.05991262,-0.23539873,0.04664178,3.12400829,-27.35974677,48.30639215,3.12400829
975,213.86000000,-27.93121374,48.31481622,3.12611087,map,37.56693528,126.97768655,0,-27.69183178,48.31105977,0.06000000,0.06000000,4.00564094,-0.00674568,-0.01447707,-0.01551087,1.09871346,-0.17929837,3.12611087,-27.91910698,48.31416218,3.12611087
976,214.02000000,-28.57247090,48.33936831,3.12395685,map,37.56693553,126.97767749,0,-28.49262007,48.33798678,0.02000000,0.02000000,3.98256349,0.00395293,0.00848079,0.01055907,0.21482281,0.25423659,3.12395686,-28.55912106,48.32598921,3.12395686
977,214.16000000,-29.13303399,48.34376564,3.13264579,map,37.56693553,126.97767749,0,-28.49262007,48.33798678,0.16000000,0.16000000,4.00672019,0.05320166,0.11416271,0.11743489,-1.65409905,0.82639374,3.13264579,-29.11989451,48.33007734,3.13264579
978,214.32000000,-29.76522194,48.31720985,-3.12026101,map,37.56693548,126.97766852,0,-29.28500658,48.33234253,0.12000000,0.12000000,3.99497177,0.12318325,0.26435120,0.27035621,-1.69496933,1.75422235,-3.12026101,-29.75916022,48.31326899,-3.12026101
979,214.46000000,-30.32009438,48.26137945,-3.06729169,map,37.56693507,126.97765948,0,-30.08346032,48.28782501,0.06000000,0.06000000,3.93243753,0.22318322,0.47879764,0.48568793,-1.82381049,2.62519420,-3.06729168,-30.31334388,48.26337762,-3.06729168
980,214.62000000,-30.93399140,48.15400240,-2.97362066,map,37.56693404,126.97765074,0,-30.85608434,48.17283703,0.02000000,0.02000000,3.99958247,0.30523337,0.65500520,0.65697778,-0.11073562,2.88587701,-2.97362066,-30.93624321,48.14476860,-2.97362066
981,214.76000000,-31.47407961,47.99017720,-2.87767588,map,37.56693404,126.97765074,0,-30.85608434,48.17283703,0.16000000,0.16000000,4.03294809,0.32839045,0.70474955,0.70557998,-0.53863924,2.90914315,-2.87767588,-31.47662262,47.98056618,-2.87767588
982,214.92000000,-32.06062633,47.73575273,-2.76312403,map,37.56693185,126.97764204,0,-31.62438607,47.92999326,0.12000000,0.12000000,3.98229093,0.34306323,0.73615853,0.73795212,1.03555477,3.13970073,-2.76312403,-32.06342196,47.72927169,-2.76312403
983,215.06000000,-32.55218107,47.44095453,-2.65790468,map,37.56692858,126.97763388,0,-32.34477383,47.56755163,0.06000000,0.06000000,4.03568105,0.34874677,0.74931466,0.74798794,-0.35300217,2.86761500,-2.65790468,-32.55478352,47.44913684,-2.65790468
984,215.22000000,-33.08231953,47.07819905,-2.54448181,map,37.56692462,126.97762624,0,-33.01980179,47.12771271,0.02000000,0.02000000,3.98226209,0.31512921,0.67996273,0.67896544,-0.22143622,2.58530032,-2.54448181,-33.07523243,47.07437724,-2.54448181
985,215.36000000,-33.50487000,46.70644292,-2.45102268,map,37.56692462,126.97762624,0,-33.01980179,47.12771271,0.16000000,0.16000000,4.03975862,0.30545991,0.65658604,0.65542629,-0.36894202,2.46175632,-2.45102268,-33.49815982,46.70210060,-2.45102268
986,215.52000000,-33.93935313,46.24833934,-2.35321143,map,37.56691988,126.97761954,0,-33.61242754,46.60152091,0.12000000,0.12000000,3.98306951,0.25901682,0.55581304,0.55104974,0.96512346,1.73419463,-2.35321143,-33.94027704,46.23588103,-2.35321143
987,215.66000000,-34.31992879,45.79361462,-2.28467334,map,37.56691431,126.97761324,0,-34.16843182,45.98326711,0.06000000,0.06000000,4.04350393,0.20555225,0.44114052,0.43800812,-0.42237661,1.42269644,-2.28467334,-34.29846352,45.80169415,-2.28467334
988,215.82000000,-34.67752906,45.27723673,-2.22109781,map,37.56690854,126.97760800,0,-34.63180653,45.34261119,0.02000000,0.02000000,3.99607761,0.17157085,0.36817380,0.36617492,1.02533052,1.26326036,-2.22109781,-34.67871067,45.28546793,-2.22109781
989,215.96000000,-34.98754176,44.81027523,-2.17334530,map,37.56690854,126.97760800,0,-34.63180653,45.34261119,0.16000000,0.16000000,4.01118961,0.15199927,0.32618569,0.32607012,1.03353198,1.35609861,-2.17334530,-34.98871485,44.81852386,-2.17334530
990,216.12000000,-35.29204057,44.24748757,-2.12031723,map,37.56690240,126.97760328,0,-35.04886467,44.66150405,0.12000000,0.12000000,3.98255719,0.16144108,0.34642649,0.34823278,0.09352316,1.56810397,-2.12031723,-35.31671047,44.26836758,-2.12031723
991,216.26000000,-35.57451602,43.77518340,-2.06562586,map,37.56689636,126.97759854,0,-35.46766537,43.99113549,0.06000000,0.06000000,4.01960740,0.20279196,0.43519342,0.43686187,-1.92302351,1.93235300,-2.06562586,-35.57367343,43.77171024,-2.06562586
992,216.42000000,-35.82188013,43.17979800,-1.98830656,map,37.56688973,126.97759485,0,-35.79335800,43.25498247,0.02000000,0.02000000,4.01825333,0.24442551,0.52453878,0.52725980,0.97405797,2.39441466,-1.98830656,-35.82391286,43.18130800,-1.98830656
993,216.56000000,-35.99559206,42.64824003,-1.91119075,map,37.56688973,126.97759485,0,-35.79335800,43.25498247,0.16000000,0.16000000,3.96514942,0.26386338,0.56701472,0.56754688,0.26060990,2.40937167,-1.91119075,-35.99743271,42.64898921,-1.91119075
994,216.72000000,-36.13147830,42.02436726,-1.81894225,map,37.56688287,126.97759219,0,-36.02868992,42.49397373,0.12000000,0.12000000,4.03186229,0.26755055,0.57418062,0.57289233,-0.24273925,2.19023150,-1.81894225,-36.14142849,42.02499752,-1.81894225
995,216.86000000,-36.23124958,41.45898085,-1.74219963,map,37.56687569,126.97759023,0,-36.20131096,41.69728583,0.06000000,0.06000000,3.98661908,0.24174458,0.51875070,0.51629278,0.76745977,1.78227684,-1.74219963,-36.22282889,41.46872429,-1.74219963
996,217.02000000,-36.26928080,40.83725988,-1.66827036,map,37.56686867,126.97758951,0,-36.26498795,40.91767986,0.02000000,0.02000000,4.02727888,0.19031045,0.40839117,0.40458935,-0.48144658,1.25747613,-1.66827037,-36.27301166,40.83241371,-1.66827037
997,217.16000000,-36.28984286,40.27355329,-1.62441653,map,37.56686867,126.97758951,0,-36.26498795,40.91767986,0.16000000,0.16000000,4.02579847,0.10179694,0.21846089,0.21174619,-0.65634005,0.14950822,-1.62441653,-36.29386978,40.26801903,-1.62441653
998,217.32000000,-36.30912258,39.62373891,-1.60524927,map,37.56686131,126.97758915,0,-36.29659594,40.10047817,0.12000000,0.12000000,4.01075193,0.02535916,0.05442352,0.05149736,1.01721789,-0.10988049,-1.60524927,-36.31165133,39.62966977,-1.60524927
999,217.46000000,-36.34145072,39.07026713,-1.60194224,map,37.56685418,126.97758873,0,-36.33428373,39.30983260,0.06000000,0.06000000,4.00749228,0.00075093,0.00161043,0.00035714,-0.10275271,-0.10799004,-1.60194224,-36.32815677,39.06982084,-1.60194224
1000,217.62000000,-36.33842410,38.42679668,-1.60399426,map,37.56684695,126.97758871,0,-36.33559730,38.50672691,0.02000000,0.02000000,4.00034885,-0.00968795,-0.02079080,-0.02090542,-0.03191661,-0.10663739,-1.60399426,-36.34953142,38.43010382,-1.60399426
1001,217.76000000,-36.35952451,37.86735862,-1.60743429,map,37.56684695,126.97758871,0,-36.33559730,38.50672691,0.16000000,0.16000000,4.00077081,-0.01241097,-0.02663292,-0.02668934,-0.00644563,-0.11001163,-1.60743429,-36.37065004,37.87066745,-1.60743429
1002,217.92000000,-36.40089436,37.22667274,-1.61223558,map,37.56683973,126.97758821,0,-36.38018822,37.70636548,0.12000000,0.12000000,3.99913499,-0.01483712,-0.03184055,-0.03191736,0.00287990,-0.10628667,-1.61223558,-36.39784104,37.23099108,-1.61223558
1003,218.06000000,-36.42575615,36.67783457,-1.61678079,map,37.56683263,126.97758782,0,-36.41405244,36.91745659,0.06000000,0.06000000,3.99857567,-0.01528333,-0.03279800,-0.03226230,0.01559459,-0.11059742,-1.61678079,-36.42442305,36.67180829,-1.61678079
1004,218.22000000,-36.45366239,36.03367956,-1.61943786,map,37.56682538,126.97758742,0,-36.44970647,36.11361230,0.02000000,0.02000000,4.00122335,-0.00318597,-0.00683829,-0.00629959,-0.05562712,0.00949225,-1.61943786,-36.45615669,36.03290369,-1.61943786
1005,218.36000000,-36.48125985,35.47440504,-1.61991341,map,37.56682538,126.97758742,0,-36.44970647,36.11361230,0.16000000,0.16000000,3.99924566,-0.00157907,-0.00338823,-0.00318787,0.01111343,0.00596082,-1.61991341,-36.48375378,35.47366109,-1.61991341
1006,218.52000000,-36.50987453,34.85179891,-1.62045616,map,37.56681833,126.97758701,0,-36.48594252,35.33128628,0.12000000,0.12000000,3.99780136,-0.00195233,-0.00418913,-0.00399015,-0.00158037,-0.00064580,-1.62045616,-36.51560732,34.83441676,-1.62045616
1007,218.66000000,-36.54754812,34.30037255,-1.62057677,map,37.56681121,126.97758645,0,-36.53561968,34.54007418,0.06000000,0.06000000,3.99982673,0.00024951,0.00053601,0.00041001,-0.01797368,0.01612441,-1.62057677,-36.54352556,34.27524311,-1.62057677
1008,218.82000000,-36.55393005,33.64247456,-1.62004952,map,37.56680384,126.97758629,0,-36.55002928,33.72241945,0.02000000,0.02000000,4.00220920,0.00192748,0.00413693,0.00406949,0.00546006,0.00507895,-1.62004952,-36.57500830,33.63600505,-1.62004952
1009,218.96000000,-36.58109843,33.08300816,-1.61949495,map,37.56680384,126.97758629,0,-36.55002928,33.72241945,0.16000000,0.16000000,4.00070575,0.00163708,0.00351380,0.00289209,0.03887112,-0.00400985,-1.61949495,-36.60217849,33.07660882,-1.61949495
1010,219.12000000,-36.63275756,32.43391623,-1.61940314,map,37.56679655,126.97758561,0,-36.60946616,32.91345094,0.12000000,0.12000000,4.00058690,-0.00055176,-0.00118333,-0.00142485,0.02046742,-0.02254401,-1.61940314,-36.63324231,32.43723764,-1.61940314
1011,219.26000000,-36.65462703,31.89176735,-1.62009494,map,37.56678951,126.97758524,0,-36.64265785,32.13161723,0.06000000,0.06000000,3.99717495,-0.00164415,-0.00352724,-0.00317294,-0.03612821,0.04889852,-1.62009494,-36.66095505,31.87780760,-1.62009494
1012,219.42000000,-36.69059679,31.24428670,-1.61733571,map,37.56678223,126.97758473,0,-36.68721001,31.32402073,0.02000000,0.02000000,4.00653856,0.01992380,0.04275988,0.04386811,-0.15629012,0.31680498,-1.61733571,-36.69073363,31.23903457,-1.61733571
1013,219.56000000,-36.71114323,30.68421777,-1.60978621,map,37.56678223,126.97758473,0,-36.68721001,31.32402073,0.16000000,0.16000000,4.00168782,0.02710103,0.05816024,0.05812148,0.10670557,0.22468163,-1.60978621,-36.71124011,30.67900762,-1.60978621
1014,219.72000000,-36.71180779,30.04955918,-1.60042706,map,37.56677507,126.97758460,0,-36.69917742,30.52928868,0.12000000,0.12000000,3.99730840,0.02698100,0.05790211,0.05803663,-0.00931888,0.20738276,-1.60042706,-36.72881532,30.03928307,-1.60042706
1015,219.86000000,-36.74990490,29.46696326,-1.59257918,map,37.56676766,126.97758407,0,-36.74581807,29.70702317,0.06000000,0.06000000,4.00336532,0.02520011,0.05407877,0.05425136,-0.02576112,0.21006155,-1.59257918,-36.73950752,29.47938999,-1.59257918
1016,220.02000000,-36.75744726,28.82690016,-1.58449704,map,37.56676047,126.97758410,0,-36.74581807,29.70702317,0.22000000,0.22000000,3.99839437,0.02263195,0.04856733,0.04854036,-0.00801929,0.20985658,-1.58449704,-36.74703594,28.83939696,-1.58449704
1017,220.18000000,-36.74606816,28.26938217,-1.57698500,map,37.56676047,126.97758410,0,-36.74325574,28.90935422,0.16000000,0.16000000,4.00299386,0.02086346,0.04477288,0.04490979,-0.11313186,0.17935196,-1.57698500,-36.74984826,28.19938274,-1.57698500
1018,220.32000000,-36.75071627,27.64037722,-1.57087535,map,37.56675336,126.97758400,0,-36.75189676,28.12042460,0.12000000,0.12000000,3.99828185,0.02005436,0.04303588,0.04311266,-0.01372586,0.16191632,-1.57087535,-36.74873390,27.63935177,-1.57087535
1019,220.46000000,-36.74825233,27.07696914,-1.56463953,map,37.56674613,126.97758401,0,-36.75067896,27.31694028,0.06000000,0.06000000,4.00298838,0.02083907,0.04471836,0.04455065,-0.01970916,0.16851802,-1.56463953,-36.74412895,27.07942293,-1.56463953
1020,220.62000000,-36.73257165,26.45197350,-1.55802747,map,37.56673905,126.97758420,0,-36.73391713,26.53196977,0.02000000,0.02000000,4.00009606,0.01724539,0.03700643,0.03625503,-0.04390206,0.05215049,-1.55802747,-36.73490930,26.43934298,-1.55802747
1021,220.76000000,-36.72278654,25.89198681,-1.55496043,map,37.56673905,126.97758420,0,-36.73391713,26.53196977,0.16000000,0.16000000,4.01159851,-0.00017733,-0.00038176,-0.00343710,-0.18550847,-0.33145799,-1.55496043,-36.72521477,25.87949698,-1.55496043
1022,220.92000000,-36.71633531,25.25416941,-1.56287509,map,37.56673185,126.97758437,0,-36.71893507,25.73304528,0.12000000,0.12000000,4.00674322,-0.04155710,-0.08918061,-0.09122237,1.11853993,-0.57403386,-1.56287509,-36.72057540,25.24024405,-1.56287509
1023,221.06000000,-36.73271577,24.67641149,-1.57794794,map,37.56672450,126.97758426,0,-36.72865857,24.91628237,0.06000000,0.06000000,4.00133817,-0.05413708,-0.11617647,-0.11663286,-0.01945653,-0.48773717,-1.57794794,-36.72725660,24.67947256,-1.57794794
1024,221.22000000,-36.75021398,24.03518358,-1.59654594,map,37.56671728,126.97758405,0,-36.74720346,24.11498680,0.02000000,0.02000000,4.00087034,-0.05042534,-0.10821024,-0.10717173,0.08886522,-0.34867122,-1.59654594,-36.74654382,24.04045039,-1.59654594
1025,221.36000000,-36.77453810,23.47512254,-1.60946566,map,37.56671728,126.97758405,0,-36.74720346,24.11498680,0.16000000,0.16000000,4.00791379,-0.03789395,-0.08132026,-0.08055451,-0.06954881,-0.25365399,-1.60946566,-36.77081965,23.48033657,-1.60946566
1026,221.52000000,-36.80580720,22.82619223,-1.62135040,map,37.56670998,126.97758369,0,-36.77951152,23.30499695,0.12000000,0.12000000,4.00082653,-0.03064929,-0.06574628,-0.06519859,-0.05076486,-0.15017080,-1.62135040,-36.80500901,22.84180861,-1.62135040
1027,221.66000000,-36.83620606,22.29545536,-1.62890974,map,37.56670304,126.97758322,0,-36.82121927,22.53540986,0.06000000,0.06000000,4.00424935,-0.02011017,-0.04315367,-0.04229549,-0.09305211,-0.08561936,-1.62890974,-36.83911269,22.28262092,-1.62890974
1028,221.82000000,-36.88973150,21.63313643,-1.63352758,map,37.56669563,126.97758250,0,-36.88456302,21.71302793,0.02000000,0.02000000,4.00246309,-0.00772252,-0.01656874,-0.01600289,0.02035556,-0.00960868,-1.63352758,-36.88013670,21.64423111,-1.63352758
1029,221.96000000,-36.92633245,21.07428611,-1.63553758,map,37.56669563,126.97758250,0,-36.88456302,21.71302793,0.16000000,0.16000000,4.00013438,-0.00613474,-0.01316417,-0.01282649,-0.03946231,-0.04107734,-1.63553758,-36.91675476,21.08544435,-1.63553758
1030,222.12000000,-36.95054120,20.44539564,-1.63738611,map,37.56668853,126.97758212,0,-36.91830065,20.92426185,0.12000000,0.12000000,3.99829117,-0.00537651,-0.01153693,-0.01182259,0.01430215,-0.03240171,-1.63738611,-36.95961762,20.44695691,-1.63738611
1031,222.26000000,-37.00053446,19.89684391,-1.63913275,map,37.56668143,126.97758138,0,-36.98388028,20.13632203,0.06000000,0.06000000,4.00024460,-0.00623844,-0.01338654,-0.01350550,0.01393909,-0.07338330,-1.63913275,-36.99817080,19.88825238,-1.63913275
1032,222.42000000,-37.03902226,19.23413729,-1.64124040,map,37.56667402,126.97758082,0,-37.03330130,19.31389447,0.02000000,0.02000000,3.99787020,-0.00489215,-0.01049737,-0.00980164,-0.01297510,-0.02206898,-1.64124040,-37.04354415,19.24994338,-1.64124040
1033,222.56000000,-37.07898394,18.67569306,-1.64184276,map,37.56667402,126.97758082,0,-37.03330130,19.31389447,0.16000000,0.16000000,4.00132177,0.00075984,0.00163143,0.00203325,-0.01819406,0.05611932,-1.64184276,-37.08348455,18.69146523,-1.64184276
1034,222.72000000,-37.13411539,18.06677187,-1.64100691,map,37.56666710,126.97758005,0,-37.10056436,18.54591874,0.12000000,0.12000000,4.00149487,0.00317720,0.00681879,0.00652079,0.03233276,0.01571392,-1.64100691,-37.12831157,18.05285569,-1.64100691
1035,222.86000000,-37.15942603,17.48796035,-1.64018084,map,37.56665972,126.97757958,0,-37.14290016,17.72726202,0.06000000,0.06000000,4.00003321,0.00172523,0.00370334,0.00338272,0.04156480,-0.00128215,-1.64018084,-37.16695888,17.49423511,-1.64018084
1036,223.02000000,-37.19890939,16.84647519,-1.63958650,map,37.56665251,126.97757900,0,-37.19347179,16.92632484,0.02000000,0.02000000,4.00029790,0.00363100,0.00779400,0.00801286,-0.00385359,0.08756936,-1.63958650,-37.21089805,16.85583771,-1.63958650
1037,223.16000000,-37.23631045,16.28766827,-1.63807826,map,37.56665251,126.97757900,0,-37.19347179,16.92632484,0.16000000,0.16000000,4.00021398,0.00525774,0.01128362,0.01156844,-0.02339343,0.05294710,-1.63807826,-37.24829188,16.29700663,-1.63807826
1038,223.32000000,-37.29065090,15.63342650,-1.63646971,map,37.56664517,126.97757826,0,-37.25944908,16.11236491,0.12000000,0.12000000,3.99898244,0.00307097,0.00659141,0.00626252,-0.04040311,0.00812633,-1.63646971,-37.29001787,15.65842432,-1.63646971
1039,223.46000000,-37.33182259,15.09557687,-1.63595163,map,37.56663817,126.97757761,0,-37.31624759,15.33510126,0.06000000,0.06000000,3.99946756,0.00183395,0.00393629,0.00378972,0.00395926,0.05140538,-1.63595163,-37.32635860,15.09969550,-1.63595163
1040,223.62000000,-37.35640995,14.45311769,-1.63453132,map,37.56663094,126.97757722,0,-37.35141934,14.53296543,0.02000000,0.02000000,4.00021116,0.00620699,0.01332046,0.01374566,0.03910642,0.07420980,-1.63453132,-37.36699452,14.46093588,-1.63453132
1041,223.76000000,-37.39042125,13.89405074,-1.63227329,map,37.56663094,126.97757722,0,-37.35141934,14.53296543,0.16000000,0.16000000,3.99854348,0.00811494,0.01741344,0.01714206,-0.01668410,0.10690297,-1.63227329,-37.40100577,13.90189994,-1.63227329
1042,223.92000000,-37.44870710,13.24987953,-1.62948043,map,37.56662370,126.97757643,0,-37.42098845,13.72932302,0.12000000,0.12000000,3.99778610,0.00962147,0.02064708,0.02133047,0.10147270,0.15886988,-1.62948043,-37.43814914,13.26310343,-1.62948043
1043,224.06000000,-37.47552541,12.68691962,-1.62507506,map,37.56661647,126.97757595,0,-37.46325140,12.92660211,0.06000000,0.06000000,3.99468284,0.01836213,0.03940226,0.03963596,0.04003440,0.19594464,-1.62507506,-37.46784803,12.70353221,-1.62507506
1044,224.22000000,-37.49906334,12.05751707,-1.61787692,map,37.56660936,126.97757558,0,-37.49570421,12.13746043,0.02000000,0.02000000,4.00064152,0.02259606,0.04848818,0.04850906,0.03252352,0.19171823,-1.61787692,-37.49696567,12.06442828,-1.61787692
1045,224.36000000,-37.52020918,11.49765806,-1.61083686,map,37.56660936,126.97757558,0,-37.49570421,12.13746043,0.16000000,0.16000000,3.99746532,0.02384652,0.05117143,0.05107982,-0.00664869,0.25161773,-1.61083686,-37.51808731,11.50457309,-1.61083686
1046,224.52000000,-37.53040324,10.86287564,-1.60289263,map,37.56660219,126.97757535,0,-37.51637121,11.34232825,0.12000000,0.12000000,4.00260963,0.02251415,0.04831255,0.04825470,-0.00539362,0.20826075,-1.60289263,-37.53740607,10.86524365,-1.60289263
1047,224.66000000,-37.54542032,10.32787819,-1.59608504,map,37.56659522,126.97757508,0,-37.54035849,10.56800305,0.06000000,0.06000000,4.00146073,0.02253355,0.04835433,0.04831727,0.00336082,0.20852786,-1.59608504,-37.55029933,10.30508052,-1.59608504
1048,224.82000000,-37.56093811,9.66463499,-1.58932670,map,37.56658780,126.97757486,0,-37.55978066,9.74455579,0.02000000,0.02000000,3.99675117,0.01728127,0.03708253,0.03704034,0.00305923,0.12770870,-1.58932670,-37.56104250,9.66558391,-1.58932670
1049,224.96000000,-37.56831084,9.10473291,-1.58562101,map,37.56658780,126.97757486,0,-37.55978066,9.74455579,0.16000000,0.16000000,3.99945862,0.00546659,0.01173034,0.01087139,0.07199238,-0.04636855,-1.58562101,-37.56846923,9.10555586,-1.58562101
1050,225.12000000,-37.57767307,8.45881374,-1.58936878,map,37.56658054,126.97757476,0,-37.56832178,8.93912611,0.12000000,0.12000000,3.97676465,-0.02851442,-0.06118788,-0.06388426,0.31098362,-0.53674434,-1.58936878,-37.58028274,8.46562327,-1.58936878
1051,225.26000000,-37.61303841,7.90937313,-1.60188465,map,37.56657342,126.97757436,0,-37.60356954,8.14873544,0.06000000,0.06000000,3.98866013,-0.04816480,-0.10335473,-0.10390648,-0.00229638,-0.44208535,-1.60188465,-37.59978565,7.90635657,-1.60188465
1052,225.42000000,-37.62983715,7.27345626,-1.61853012,map,37.56656625,126.97757412,0,-37.62514644,7.35343520,0.02000000,0.02000000,4.00558070,-0.04737518,-0.10166440,-0.10167294,-0.15154495,-0.38057522,-1.61853012,-37.63284074,7.26683329,-1.61853012
1053,225.56000000,-37.66568229,6.71446455,-1.63023339,map,37.56656625,126.97757412,0,-37.62514644,7.35343520,0.16000000,0.16000000,3.99696234,-0.02832927,-0.06079207,-0.05903265,-0.15955457,-0.09424620,-1.63023339,-37.66859522,6.70779731,-1.63023339
1054,225.72000000,-37.71044759,6.08061013,-1.63480466,map,37.56655910,126.97757351,0,-37.67896188,6.55921919,0.12000000,0.12000000,4.00538831,-0.00502417,-0.01078097,-0.01068766,-0.02560882,-0.00592153,-1.63480466,-37.71061438,6.06932697,-1.63480466
1055,225.86000000,-37.73940534,5.50677849,-1.63572592,map,37.56655177,126.97757300,0,-37.72371613,5.74641521,0.06000000,0.06000000,4.00043331,-0.00294513,-0.00631912,-0.00667187,0.02560539,-0.03480702,-1.63572592,-37.74714968,5.51043806,-1.63572592
1056,226.02000000,-37.78057348,4.84723430,-1.63714820,map,37.56654439,126.97757242,0,-37.77518074,4.92706280,0.02000000,0.02000000,4.00067970,-0.00464509,-0.00996728,-0.01022732,0.00374686,-0.03161273,-1.63714820,-37.78976003,4.87181513,-1.63714820
1057,226.16000000,-37.81866920,4.28850037,-1.63844438,map,37.56654439,126.97757242,0,-37.77518074,4.92706280,0.16000000,0.16000000,3.99966669,-0.00380981,-0.00817467,-0.00838543,-0.00143524,-0.04177048,-1.63844438,-37.82787258,4.31309669,-1.63844438
1058,226.32000000,-37.86818459,3.66909497,-1.63930806,map,37.56653737,126.97757174,0,-37.83521089,4.14780775,0.12000000,0.12000000,4.00090634,-0.00192029,-0.00411960,-0.00425144,0.01422871,-0.04564288,-1.63930806,-37.87184837,3.67477216,-1.63930806
1059,226.46000000,-37.91875805,3.11257102,-1.63970134,map,37.56653020,126.97757098,0,-37.90219105,3.35193938,0.06000000,0.06000000,3.99856475,-0.00135264,-0.00290147,-0.00334070,-0.02964821,-0.02278718,-1.63970134,-37.91048487,3.11617595,-1.63970134
1060,226.62000000,-37.95397498,2.48200989,-1.64032393,map,37.56652308,126.97757046,0,-37.94838074,2.56182841,0.02000000,0.02000000,4.00034017,-0.00204628,-0.00438959,-0.00424126,-0.00261340,-0.01119760,-1.64032393,-37.95502583,2.47774688,-1.64032393
1061,226.76000000,-37.99309483,1.92334954,-1.64049986,map,37.56652308,126.97757046,0,-37.94838074,2.56182841,0.16000000,0.16000000,3.99872012,0.00079738,0.00171181,0.00196310,0.00747449,0.02059661,-1.64049986,-37.99410561,1.91910753,-1.64049986
1062,226.92000000,-38.04415791,1.28593370,-1.63999819,map,37.56651590,126.97756975,0,-38.01104929,1.76483743,0.12000000,0.12000000,3.99897970,0.00127262,0.00273174,0.00220838,-0.00155337,-0.01661913,-1.63999819,-38.03829538,1.28063473,-1.63999819
1063,227.06000000,-38.08152896,0.70573312,-1.64004968,map,37.56650851,126.97756914,0,-38.06488568,0.94512250,0.06000000,0.06000000,4.00090374,-0.00115347,-0.00247499,-0.00244178,0.00058812,0.00752330,-1.64004968,-38.07701371,0.72204086,-1.64004968
1064,227.22000000,-38.12954521,0.08606196,-1.64023102,map,37.56650149,126.97756847,0,-38.12398471,0.16586188,0.02000000,0.02000000,3.99981499,-0.00021377,-0.00045861,-0.00085167,-0.00429618,0.03526308,-1.64023102,-38.12145822,0.08359044,-1.64023102
1065,227.36000000,-38.16832123,-0.47261701,-1.64010403,map,37.56650149,126.97756847,0,-38.12398471,0.16586188,0.16000000,0.16000000,3.99850826,0.00059811,0.00128214,0.00127184,0.01675347,-0.01365534,-1.64010403,-38.16023239,-0.47506631,-1.64010403
1066,227.52000000,-38.20951108,-1.10549360,-1.64022026,map,37.56649435,126.97756788,0,-38.17621128,-0.62664594,0.12000000,0.12000000,4.00094729,-0.00135902,-0.00291747,-0.00296057,-0.02169970,-0.04265256,-1.64022026,-38.20459885,-1.11346212,-1.64022026
1067,227.66000000,-38.26027831,-1.67582978,-1.64039077,map,37.56648706,126.97756712,0,-38.24359858,-1.43647820,0.06000000,0.06000000,3.99991342,0.00192129,0.00412152,0.00431133,0.04923524,0.05888001,-1.64039077,-38.24362475,-1.67210630,-1.64039077
1068,227.82000000,-38.28394604,-2.30958720,-1.63815988,map,37.56647991,126.97756672,0,-38.27875276,-2.22968661,0.02000000,0.02000000,3.99699366,0.01122841,0.02409402,0.02481809,0.05088244,0.17169288,-1.63815988,-38.28653890,-2.31067553,-1.63815988
1069,227.96000000,-38.31827417,-2.86824927,-1.63350325,map,37.56647991,126.97756672,0,-38.27875276,-2.22968661,0.16000000,0.16000000,4.00044292,0.01784302,0.03828822,0.03829216,-0.01341220,0.18136381,-1.63350325,-38.32082624,-2.86934465,-1.63350325
1070,228.12000000,-38.35606273,-3.50377720,-1.62769103,map,37.56647275,126.97756614,0,-38.32976286,-3.02472006,0.12000000,0.12000000,4.00017372,0.01663573,0.03569784,0.03570047,-0.40779998,0.14016896,-1.62769103,-38.35633386,-3.50851968,-1.62769103
1071,228.26000000,-38.39617097,-4.07359498,-1.62221053,map,37.56646546,126.97756552,0,-38.38467323,-3.83396093,0.06000000,0.06000000,3.99896023,0.01909404,0.04097968,0.04104720,-0.01241509,0.16188723,-1.62221053,-38.38410943,-4.06771239,-1.62221053
1072,228.42000000,-38.40943164,-4.71516458,-1.61575825,map,37.56645824,126.97756528,0,-38.40616772,-4.63520797,0.02000000,0.02000000,4.00109345,0.01815662,0.03896572,0.03862801,-0.00033752,0.14720245,-1.61575825,-38.41190497,-4.70729639,-1.61575825
1073,228.56000000,-38.43047519,-5.27461957,-1.61015610,map,37.56645824,126.97756528,0,-38.40616772,-4.63520797,0.16000000,0.16000000,3.99906516,0.02091315,0.04487861,0.04568044,-0.04724587,0.23479803,-1.61015610,-38.43292059,-5.26674415,-1.61015610
1074,228.72000000,-38.46449910,-5.91068423,-1.60168479,map,37.56645107,126.97756477,0,-38.45109246,-5.43075410,0.12000000,0.12000000,4.00455461,0.02643783,0.05674283,0.05630050,-0.00919247,0.20582434,-1.60168479,-38.45154302,-5.90659887,-1.60168479
1075,228.86000000,-38.45383951,-6.45304803,-1.59415455,map,37.56644402,126.97756479,0,-38.44932442,-6.21325343,0.06000000,0.06000000,3.99605146,0.02375067,0.05096758,0.05071259,0.01912765,0.18217196,-1.59415455,-38.46316652,-6.46629575,-1.59415455
1076,229.02000000,-38.46960369,-7.11208215,-1.58632683,map,37.56643664,126.97756457,0,-38.46874750,-7.03203103,0.02000000,0.02000000,3.99931465,0.02037602,0.04372602,0.04320977,0.03416324,0.11380616,-1.58632683,-38.47188954,-7.10634844,-1.58632683
1077,229.16000000,-38.47478211,-7.67159723,-1.58199885,map,37.56643664,126.97756457,0,-38.46874750,-7.03203103,0.16000000,0.16000000,3.99742418,0.00643217,0.01380391,0.01227814,0.16465598,-0.08909714,-1.58199885,-38.47714605,-7.66628278,-1.58199885
1078,229.32000000,-38.48538941,-8.29731735,-1.58581853,map,37.56642957,126.97756447,0,-38.47754560,-7.81682628,0.12000000,0.12000000,3.99089374,-0.02134772,-0.04580863,-0.04625094,0.04976428,-0.26336467,-1.58581853,-38.48682140,-8.30595169,-1.58581853
1079,229.46000000,-38.50182895,-8.87211073,-1.59335007,map,37.56642223,126.97756427,0,-38.49523221,-8.63190988,0.06000000,0.06000000,4.00201708,-0.02700442,-0.05794921,-0.05798169,0.03211755,-0.25903473,-1.59335007,-38.50079284,-8.86572272,-1.59335007
1080,229.62000000,-38.51529425,-9.49892988,-1.60231098,map,37.56641513,126.97756408,0,-38.51235245,-9.41905818,0.02000000,0.02000000,3.99954294,-0.02264073,-0.04858418,-0.04824105,-0.06129236,-0.15287682,-1.60231098,-38.52238267,-9.50539858,-1.60231098
1081,229.76000000,-38.53706239,-10.05836488,-1.60760507,map,37.56641513,126.97756408,0,-38.51235245,-9.41905818,0.16000000,0.16000000,3.99898885,-0.01340543,-0.02876607,-0.02840163,0.00743133,-0.04753415,-1.60760507,-38.54411554,-10.06487279,-1.60760507
1082,229.88000000,-38.56570946,-10.56194095,-1.60894596,map,37.56640772,126.97756361,0,-38.55326418,-10.24190413,0.08000000,0.08000000,3.99558020,0.00184758,0.00396351,0.00502602,0.10188845,0.11495876,-1.60894596,-38.56290919,-10.54485894,-1.60894596
1083,230.02000000,-38.57905109,-11.11324286,-1.60680451,map,37.56640059,126.97756335,0,-38.57633969,-11.03324430,0.02000000,0.02000000,3.99751627,0.00938142,0.02013066,0.02065311,0.02599156,0.07015468,-1.60680451,-38.58275915,-11.10446079,-1.60680451
1084,230.16000000,-38.59706160,-11.67269441,-1.60394777,map,37.56640059,126.97756335,0,-38.57633969,-11.03324430,0.16000000,0.16000000,3.99889062,0.00917732,0.01969228,0.01986259,0.04369270,0.09741106,-1.60394777,-38.60076672,-11.66394372,-1.60394777
1085,230.32000000,-38.60728265,-12.30579392,-1.60081263,map,37.56639345,126.97756316,0,-38.59339813,-11.82589572,0.12000000,0.12000000,3.99996738,0.00970313,0.02082106,0.02081754,-0.01305197,0.05553122,-1.60081263,-38.61952234,-12.30378790,-1.60081263
1086,230.46000000,-38.64661437,-12.87687328,-1.59772614,map,37.56638614,126.97756262,0,-38.64062951,-12.63700071,0.06000000,0.06000000,3.99393066,0.00977446,0.02097483,0.02012557,0.05724923,0.02703705,-1.59772614,-38.63402075,-12.86336231,-1.59772614
1087,230.62000000,-38.65569490,-13.50551115,-1.59585269,map,37.56637903,126.97756248,0,-38.65371381,-13.42560227,0.02000000,0.02000000,3.99710013,0.00087857,0.00188435,0.00101823,0.06124188,-0.07306238,-1.59585269,-38.64960988,-13.50308434,-1.59585269
1088,230.76000000,-38.67009732,-14.06561100,-1.59646250,map,37.56637903,126.97756248,0,-38.65371381,-13.42560227,0.16000000,0.16000000,3.99802315,-0.00415433,-0.00891393,-0.00926087,0.03642260,-0.05608872,-1.59646250,-38.66403169,-14.06297936,-1.59646250
1089,230.88000000,-38.65776456,-14.56580895,-1.59837538,map,37.56637164,126.97756253,0,-38.64854050,-14.24592233,0.08000000,0.08000000,3.99717758,-0.01143971,-0.02454754,-0.02522805,0.06499084,-0.19081689,-1.59837538,-38.67761923,-14.54277711,-1.59837538
1090,231.02000000,-38.68163343,-15.10258718,-1.60362927,map,37.56636465,126.97756219,0,-38.67861187,-15.02254330,0.02000000,0.02000000,4.00641800,-0.02184178,-0.04686931,-0.04696640,-0.07065711,-0.25075548,-1.60362927,-38.69684379,-15.10244415,-1.60362927
1091,231.16000000,-38.70497185,-15.66214013,-1.61023128,map,37.56636465,126.97756219,0,-38.67861187,-15.02254330,0.16000000,0.16000000,3.99878908,-0.02117324,-0.04543511,-0.04562194,-0.00327170,-0.19219274,-1.61023128,-38.72017532,-15.66190048,-1.61023128
1092,231.32000000,-38.75676051,-16.30141286,-1.61640587,map,37.56635744,126.97756157,0,-38.73380656,-15.82195050,0.12000000,0.12000000,3.99776216,-0.01519569,-0.03260786,-0.03199069,0.01676837,-0.11134543,-1.61640587,-38.75036408,-16.30110992,-1.61640587
1093,231.46000000,-38.80587085,-16.87402942,-1.61997480,map,37.56635012,126.97756089,0,-38.79362728,-16.63469943,0.06000000,0.06000000,3.99658035,-0.00922980,-0.01980611,-0.01948039,0.01715932,-0.02679185,-1.61997480,-38.77865486,-16.86049239,-1.61997480
1094,231.62000000,-38.81306433,-17.50598921,-1.62269068,map,37.56634299,126.97756072,0,-38.80877547,-17.42611120,0.02000000,0.02000000,3.99963465,-0.00776589,-0.01666494,-0.01664264,-0.02647787,-0.04437371,-1.62269068,-38.81227636,-17.49953179,-1.62269068
1095,231.76000000,-38.84384567,-18.06510565,-1.62495246,map,37.56634299,126.97756072,0,-38.80877547,-17.42611120,0.16000000,0.16000000,3.99851411,-0.00540594,-0.01160191,-0.01079969,0.07334152,0.01261846,-1.62495246,-38.84304460,-18.05863682,-1.62495246
1096,231.92000000,-38.89337914,-18.68896087,-1.62455526,map,37.56633593,126.97756006,0,-38.86757283,-18.20943794,0.12000000,0.12000000,3.99395267,0.00772921,0.01658512,0.01728043,0.10674547,0.15838596,-1.62455526,-38.87763682,-18.69779440,-1.62455526
1097,232.06000000,-38.89081484,-19.25203956,-1.62057704,map,37.56632870,126.97755992,0,-38.87954425,-19.01213750,0.06000000,0.06000000,3.99863416,0.01674084,0.03592308,0.03619041,0.01780006,0.15014119,-1.62057704,-38.90487493,-19.25697715,-1.62057704
1098,232.22000000,-38.93977011,-19.89504427,-1.61414803,map,37.56632146,126.97755927,0,-38.93668154,-19.81507802,0.02000000,0.02000000,3.99901484,0.02089809,0.04484452,0.04549050,0.03760279,0.21673513,-1.61414803,-38.93173582,-19.89657285,-1.61414803
1099,232.36000000,-38.95914015,-20.45449315,-1.60755714,map,37.56632146,126.97755927,0,-38.93668154,-19.81507802,0.16000000,0.16000000,3.99805562,0.02214410,0.04751781,0.04745899,-0.01683787,0.17599392,-1.60755714,-38.95108404,-20.45598195,-1.60755714
1100,232.52000000,-38.97424025,-21.10911272,-1.60035889,map,37.56631413,126.97755900,0,-38.96126237,-20.62907501,0.12000000,0.12000000,4.00047611,0.02028834,0.04353593,0.04349247,-0.03676165,0.15063090,-1.60035889,-38.96891199,-21.09599558,-1.60035889
1101,232.66000000,-38.98425501,-21.65803230,-1.59400456,map,37.56630702,126.97755879,0,-38.97964871,-21.41819164,0.06000000,0.06000000,3.99961890,0.02246415,0.04820664,0.04880189,-0.03356815,0.24242264,-1.59400456,-38.98073886,-21.65563723,-1.59400456
1102,232.82000000,-38.99253320,-22.29820696,-1.58554800,map,37.56629976,126.97755877,0,-38.97964871,-21.41819164,0.22000000,0.22000000,4.00288260,0.02572420,0.05520150,0.05476093,-0.00371456,0.24279059,-1.58554800,-38.98898711,-22.29585326,-1.58554800
1103,232.98000000,-38.98290974,-22.86325569,-1.57611706,map,37.56629976,126.97755877,0,-38.98075367,-22.22349845,0.16000000,0.16000000,4.00033838,0.03007152,0.06452981,0.06485247,0.00360254,0.28351426,-1.57611706,-38.99108468,-22.93558853,-1.57611706
1104,233.12000000,-38.99959803,-23.48512182,-1.56693866,map,37.56629272,126.97755852,0,-39.00325760,-23.00494182,0.12000000,0.12000000,3.99624863,0.02850008,0.06115787,0.06053331,0.06314667,0.19114827,-1.56693866,-38.98717594,-23.49572925,-1.56693866
1105,233.26000000,-38.97878897,-24.04320177,-1.55934623,map,37.56628553,126.97755875,0,-38.98260603,-23.80331548,0.06000000,0.06000000,3.99599207,0.02380664,0.05108754,0.05093269,-0.01834508,0.20381093,-1.55934623,-38.97927609,-24.05550649,-1.55934623
1106,233.42000000,-38.96925533,-24.69540905,-1.55120949,map,37.56627821,126.97755888,0,-38.97124676,-24.61540429,0.02000000,0.02000000,4.00131429,0.02297173,0.04929664,0.04939513,0.03488771,0.15832054,-1.55120949,-38.96551713,-24.69539824,-1.55120949
1107,233.56000000,-38.95404307,-25.25507509,-1.54595360,map,37.56627821,126.97755888,0,-38.97124676,-24.61540429,0.16000000,0.16000000,3.98991935,0.00695674,0.01492937,0.01136600,0.42657395,-0.30590648,-1.54595360,-38.95038073,-25.25508646,-1.54595360
1108,233.72000000,-38.92794591,-25.89078154,-1.55209849,map,37.56627105,126.97755928,0,-38.93606498,-25.41053752,0.12000000,0.12000000,3.98140760,-0.03639880,-0.07810442,-0.07981748,0.14570767,-0.51299949,-1.55209849,-38.93851747,-25.89505705,-1.55209849
1109,233.86000000,-38.94550842,-26.45007521,-1.56546564,map,37.56626385,126.97755918,0,-38.94469162,-26.20946901,0.06000000,0.06000000,4.00434617,-0.04746978,-0.10186472,-0.10209253,-0.04882630,-0.40173008,-1.56546564,-38.93790712,-26.45487988,-1.56546564
1110,234.02000000,-38.94650652,-27.09417717,-1.58027776,map,37.56625660,126.97755918,0,-38.94504484,-27.01432290,0.02000000,0.02000000,3.99947216,-0.03763787,-0.08076636,-0.08007907,-0.11658795,-0.22072294,-1.58027776,-38.94637529,-27.09462428,-1.58027776
1111,234.16000000,-38.95929980,-27.65410217,-1.59008215,map,37.56625660,126.97755918,0,-38.94504484,-27.01432290,0.16000000,0.16000000,3.99839435,-0.02878109,-0.06176086,-0.06134065,0.02352660,-0.17085028,-1.59008215,-38.95913543,-27.65453454,-1.59008215
1112,234.32000000,-38.98345619,-28.27609601,-1.59873507,map,37.56624955,126.97755891,0,-38.96855735,-27.79626169,0.12000000,0.12000000,3.99533732,-0.02242909,-0.04812634,-0.04767133,0.12650158,-0.16836073,-1.59873507,-38.97841056,-28.29435425,-1.59873507
1113,234.46000000,-38.99924260,-28.86071066,-1.60557300,map,37.56624212,126.97755867,0,-38.98985262,-28.62083024,0.06000000,0.06000000,4.00286807,-0.02363284,-0.05071377,-0.05121372,-0.02947984,-0.24212424,-1.60557300,-38.99914308,-28.85406276,-1.60557300
1114,234.62000000,-39.02768345,-29.49737612,-1.61410850,map,37.56623495,126.97755829,0,-39.02374779,-29.41750794,0.02000000,0.02000000,3.99801864,-0.02590568,-0.05559040,-0.05565176,-0.04925602,-0.30444976,-1.61410850,-39.02808189,-29.49349513,-1.61410850
1115,234.76000000,-39.05855908,-30.05639961,-1.62322126,map,37.56623495,126.97755829,0,-39.02374779,-29.41750794,0.16000000,0.16000000,4.00666793,-0.03395416,-0.07286418,-0.07308440,-0.02060100,-0.31593570,-1.62322126,-39.05900967,-30.05242942,-1.62322126
1116,234.92000000,-39.09564968,-30.69211761,-1.63550634,map,37.56622778,126.97755785,0,-39.06254147,-30.21311926,0.12000000,0.12000000,3.99764011,-0.03628103,-0.07785519,-0.07764092,0.03253554,-0.26619234,-1.63550634,-39.10218169,-30.69123014,-1.63550634
1117,235.06000000,-39.15139721,-31.25714589,-1.64528104,map,37.56622052,126.97755706,0,-39.13219053,-31.01815152,0.06000000,0.06000000,3.99955626,-0.02499527,-0.05363895,-0.05219007,0.14919600,-0.04682298,-1.64528104,-39.14582219,-31.24910752,-1.64528104
1118,235.22000000,-39.20595054,-31.87558080,-1.64792847,map,37.56621351,126.97755629,0,-39.19990191,-31.79624412,0.02000000,0.02000000,3.99024911,0.00684433,0.01468600,0.01625676,0.18607645,0.25118333,-1.64792846,-39.19614998,-31.88743537,-1.64792846
1119,235.36000000,-39.24564441,-32.43436435,-1.64277904,map,37.56621351,126.97755629,0,-39.19990191,-31.79624412,0.16000000,0.16000000,3.99348467,0.02554182,0.05480888,0.05599069,0.10591084,0.36564489,-1.64277904,-39.23574320,-32.44631927,-1.64277904
1120,235.48000000,-39.26199388,-32.94242366,-1.63471216,map,37.56620606,126.97755580,0,-39.24323430,-32.62331260,0.08000000,0.08000000,4.00050897,0.03557738,0.07636116,0.07712167,-0.10410437,0.39259285,-1.63471216,-39.26463063,-32.92501059,-1.63471216
1121,235.62000000,-39.29648086,-33.46722118,-1.62207170,map,37.56619918,126.97755524,0,-39.29321780,-33.38706880,0.02000000,0.02000000,4.01023686,0.04699545,0.10085164,0.10105325,-0.01618101,0.43260484,-1.62207170,-39.29114146,-33.48465424,-1.62207170
1122,235.76000000,-39.31408572,-34.02646401,-1.60707769,map,37.56619918,126.97755524,0,-39.29321780,-33.38706880,0.16000000,0.16000000,3.99573968,0.05210151,0.11180576,0.11178834,0.00176847,0.49198798,-1.60707769,-39.30868945,-34.04400477,-1.60707769
1123,235.92000000,-39.32707363,-34.67235757,-1.58893548,map,37.56619193,126.97755492,0,-39.32144868,-34.19182051,0.12000000,0.12000000,4.00335595,0.05246497,0.11258744,0.11268121,0.01726820,0.42488357,-1.58893548,-39.31761019,-34.68425624,-1.58893548
1124,236.06000000,-39.30978586,-35.24147932,-1.57221604,map,37.56618463,126.97755503,0,-39.31200302,-35.00184979,0.06000000,0.06000000,3.99334913,0.06050514,0.12983851,0.13063511,-0.11900175,0.61080976,-1.57221604,-39.31537933,-35.24392841,-1.57221604
1125,236.22000000,-39.30324848,-35.88469499,-1.54612946,map,37.56617740,126.97755508,0,-39.30690010,-35.80482305,0.02000000,0.02000000,4.00432962,0.09473364,0.20329399,0.20615304,1.10276939,1.14166785,-1.54612946,-39.29639816,-35.88338378,-1.54612946
1126,236.36000000,-39.26392122,-36.44434843,-1.51080998,map,37.56617740,126.97755508,0,-39.30690010,-35.80482305,0.16000000,0.16000000,3.97331438,0.13604510,0.29192671,0.29536032,0.24556724,1.50957933,-1.51080998,-39.25677372,-36.44272128,-1.51080998
1127,236.52000000,-39.17807503,-37.07012257,-1.45538386,map,37.56617029,126.97755581,0,-39.24272096,-36.59370359,0.12000000,0.12000000,4.00853285,0.17468938,0.37487561,0.37580516,0.02584418,1.64503075,-1.45538386,-39.17551680,-37.07797909,-1.45538386
1128,236.66000000,-39.07597234,-37.62517339,-1.40092258,map,37.56616311,126.97755715,0,-39.12446646,-37.39095303,0.06000000,0.06000000,3.97578521,0.18571293,0.39850478,0.39881827,-0.03677496,1.63711144,-1.40092258,-39.07093273,-37.62820298,-1.40092258
1129,236.82000000,-38.91604035,-38.25922855,-1.33364881,map,37.56615598,126.97755925,0,-38.93858139,-38.18205387,0.02000000,0.02000000,4.01660398,0.20855584,0.44755932,0.44898750,0.09854359,1.97736550,-1.33364881,-38.91131904,-38.24783717,-1.33364881
1130,236.96000000,-38.73715135,-38.79151731,-1.26777531,map,37.56615598,126.97755925,0,-38.93858139,-38.18205387,0.16000000,0.16000000,3.98527637,0.22524801,0.48334951,0.48383849,-0.19265841,2.00180075,-1.26777531,-38.73235874,-38.77964965,-1.26777531
1131,237.12000000,-38.48033929,-39.36217874,-1.18925564,map,37.56614931,126.97756228,0,-38.67114058,-38.92236809,0.12000000,0.12000000,4.02587462,0.23289426,0.49980092,0.50037396,-0.17138713,2.06708940,-1.18925564,-38.48384604,-39.36793857,-1.18925564
1132,237.26000000,-38.21169715,-39.87538723,-1.11856345,map,37.56614263,126.97756618,0,-38.32627755,-39.66356101,0.06000000,0.06000000,3.98083553,0.23546455,0.50526830,0.50548694,-0.15864140,2.02253119,-1.11856345,-38.22617920,-39.86832019,-1.11856345
1133,237.42000000,-37.91250039,-40.40609319,-1.03665841,map,37.56613654,126.97757037,0,-37.95682471,-40.33980655,0.02000000,0.02000000,3.99683533,0.24117112,0.51892981,0.51927696,1.01908344,2.15212813,-1.03665841,-37.89129209,-40.41072099,-1.03665841
1134,237.56000000,-37.57999049,-40.86108934,-0.96352263,map,37.56613654,126.97757037,0,-37.95682471,-40.33980655,0.16000000,0.16000000,3.99020349,0.24223726,0.51981221,0.51867398,-1.90180787,1.97765081,-0.96352263,-37.55864332,-40.86567342,-0.96352263
1135,237.68000000,-37.24889956,-41.24169768,-0.90157789,map,37.56613059,126.97757603,0,-37.45666801,-40.99941099,0.08000000,0.08000000,3.97708351,0.23917380,0.51322857,0.51327989,-0.13868048,1.99437400,-0.90157789,-37.25094975,-41.23178221,-0.90157789
1136,237.82000000,-36.85586476,-41.63590770,-0.82953367,map,37.56612537,126.97758217,0,-36.91349042,-41.57947633,0.02000000,0.02000000,4.02492713,0.24070472,0.51656336,0.51596468,-0.16782592,2.01309482,-0.82953367,-36.86239054,-41.63620417,-0.82953367
1137,237.96000000,-36.43828876,-42.01330488,-0.75833721,map,37.56612537,126.97758217,0,-36.91349042,-41.57947633,0.16000000,0.16000000,3.97804702,0.23284143,0.49963585,0.49954247,-0.13934948,2.00305295,-0.75833721,-36.44477555,-42.01342320,-0.75833721
1138,238.12000000,-35.95410341,-42.39521336,-0.67802943,map,37.56612063,126.97758871,0,-36.33580747,-42.10525238,0.12000000,0.12000000,4.02312605,0.23707393,0.50876645,0.50894579,-0.08914440,2.06570601,-0.67802943,-35.93990856,-42.40475493,-0.67802943
1139,238.26000000,-35.54488228,-42.68362879,-0.60693230,map,37.56611618,126.97759613,0,-35.68070963,-42.59883236,0.04000000,0.04000000,4.02075634,0.23933039,0.51389757,0.51558502,0.98988159,2.24236769,-0.60693230,-35.47146466,-42.71384238,-0.60693230
1140,238.42000000,-34.90371113,-43.02011023,-0.52146930,map,37.56611271,126.97760412,0,-34.97511951,-42.98450715,0.02000000,0.02000000,3.98337439,0.26168502,0.56153871,0.56391065,-0.43556297,2.48676232,-0.52146930,-34.91059912,-43.02199626,-0.52146930
1141,238.56000000,-34.38817744,-43.24390366,-0.43616772,map,37.56611271,126.97760412,0,-34.97511951,-42.98450715,0.16000000,0.16000000,4.04045374,0.30420674,0.65286177,0.65556578,-0.45390725,2.94232937,-0.43616772,-34.39436547,-43.24564628,-0.43616772
1142,238.72000000,-33.78037939,-43.45156815,-0.32634972,map,37.56610973,126.97761242,0,-34.24169786,-43.31494882,0.12000000,0.12000000,3.97581962,0.32626232,0.70009818,0.70023178,-0.26604382,2.84462600,-0.32634972,-33.78057871,-43.43688389,-0.32634972
1143,238.86000000,-33.22260974,-43.53710653,-0.23013764,map,37.56610810,126.97762125,0,-33.46116872,-43.49567577,0.06000000,0.06000000,4.04193681,0.31234755,0.67033315,0.66893071,-0.42193043,2.51700524,-0.23013764,-33.22963356,-43.54714142,-0.23013764
1144,239.02000000,-32.58971306,-43.61062438,-0.13015818,map,37.56610711,126.97763021,0,-32.66935538,-43.60530846,0.02000000,0.02000000,3.98295092,0.27573074,0.59167649,0.59061961,-0.26542422,2.25435626,-0.13015818,-32.59114275,-43.61526601,-0.13015818
1145,239.16000000,-32.03089601,-43.62269260,-0.04895427,map,37.56610711,126.97763021,0,-32.66935538,-43.60530846,0.16000000,0.16000000,4.03128909,0.26959549,0.57856962,0.57801053,-0.23219796,2.23766570,-0.04895427,-32.03216691,-43.62719767,-0.04895427
1146,239.32000000,-31.39543688,-43.59341233,0.04135551,map,37.56610690,126.97763919,0,-31.87620716,-43.62866593,0.12000000,0.12000000,3.97425679,0.25330894,0.54355131,0.54179607,-0.28276625,1.97259030,0.04135551,-31.39053639,-43.58717474,0.04135551
1147,239.46000000,-30.83487226,-43.49559323,0.11029325,map,37.56610778,126.97764829,0,-31.07200849,-43.53170117,0.06000000,0.06000000,4.00367770,0.19781880,0.42448839,0.41686901,1.07196271,1.07051375,0.11029325,-30.83717489,-43.51199436,0.11029325
1148,239.62000000,-30.19788881,-43.40886041,0.14656051,map,37.56610877,126.97765729,0,-30.27740779,-43.42141379,0.02000000,0.02000000,4.00842743,0.03570705,0.07662591,0.06933973,-1.64985324,-0.47239239,0.14656051,-30.20076809,-43.40952735,0.14656051
1149,239.76000000,-29.64375781,-43.32778894,0.14361236,map,37.56610877,126.97765729,0,-30.27740779,-43.42141379,0.16000000,0.16000000,4.01724507,-0.04286555,-0.09198975,-0.09625109,-1.68044357,-0.79496808,0.14361236,-29.64682210,-43.32890240,0.14361236
1150,239.92000000,-29.00753810,-43.25974047,0.11647427,map,37.56610977,126.97766627,0,-29.48436272,-43.31099102,0.12000000,0.12000000,3.99513318,-0.10167999,-0.21819543,-0.22048417,0.22492042,-1.09439522,0.11647427,-29.01230916,-43.25767898,0.11647427
1151,240.06000000,-28.45032589,-43.23078822,0.08269898,map,37.56611036,126.97767525,0,-28.69019824,-43.24552297,0.06000000,0.06000000,4.00650460,-0.11656714,-0.25015057,-0.24982278,-0.26757337,-0.98747321,0.08269898,-28.45276671,-43.21747714,0.08269898
1152,240.22000000,-27.81600876,-43.19225633,0.04448027,map,37.56611082,126.97768424,0,-27.89623909,-43.19390457,0.02000000,0.02000000,4.01579781,-0.10343096,-0.22196315,-0.22064296,1.04362202,-0.74991110,0.04448027,-27.81398100,-43.19497923,0.04448027
1153,240.36000000,-27.25425374,-43.18852841,0.01646733,map,37.56611082,126.97768424,0,-27.89623909,-43.19390457,0.16000000,0.16000000,4.01526762,-0.08561276,-0.18372016,-0.18277195,-0.19339994,-0.61166406,0.01646733,-27.25197601,-43.19120611,0.01646733
1154,240.52000000,-26.60968691,-43.20769912,-0.01038987,map,37.56611078,126.97769337,0,-27.08945244,-43.19814868,0.12000000,0.12000000,3.99823013,-0.07395289,-0.15869748,-0.15839521,0.02044082,-0.60548717,-0.01038987,-26.61185452,-43.20202064,-0.01038987
1155,240.66000000,-26.05934465,-43.20518704,-0.03227314,map,37.56611082,126.97770231,0,-26.29956927,-43.19418911,0.06000000,0.06000000,4.00619473,-0.07273173,-0.15607954,-0.15589640,0.01367700,-0.66401521,-0.03227314,-26.05145647,-43.22423165,-0.03227314
1156,240.82000000,-25.41352224,-43.26042157,-0.05653385,map,37.56611027,126.97771144,0,-25.49315171,-43.25462815,0.02000000,0.02000000,3.99181127,-0.07061617,-0.15153429,-0.15169239,0.00276729,-0.62969422,-0.05653385,-25.41348370,-43.26397869,-0.05653385
1157,240.96000000,-24.85480262,-43.30803754,-0.07790184,map,37.56611027,126.97771144,0,-25.49315171,-43.25462815,0.16000000,0.16000000,4.00575418,-0.06974057,-0.14968204,-0.14924939,-0.04860844,-0.54097252,-0.07790184,-24.85474278,-43.31163383,-0.07790184
1158,241.12000000,-24.21912561,-43.37220447,-0.10031401,map,37.56610968,126.97772046,0,-24.69626377,-43.32030649,0.12000000,0.12000000,3.99885712,-0.05989359,-0.12852811,-0.12690225,-0.18472197,-0.32580703,-0.10031401,-24.21808689,-43.37922799,-0.10031401
1159,241.26000000,-23.64856630,-43.43837237,-0.11451444,map,37.56610888,126.97772962,0,-23.88713792,-43.40902385,0.06000000,0.06000000,4.01481125,-0.03597313,-0.07719830,-0.07530074,-0.21817960,-0.10896600,-0.11451444,-23.66152269,-43.44626065,-0.11451444
1160,241.42000000,-23.03186777,-43.53610362,-0.12293027,map,37.56610783,126.97773840,0,-23.11122169,-43.52598237,0.02000000,0.02000000,4.00596507,-0.01420566,-0.03048531,-0.02886336,-0.17603845,0.09526439,-0.12293027,-23.02651287,-43.52633548,-0.12293027
1161,241.56000000,-22.47640110,-43.60553689,-0.12346845,map,37.56610783,126.97773840,0,-23.11122169,-43.52598237,0.16000000,0.16000000,4.00781505,0.00666377,0.01430127,0.01495495,-0.07971667,0.11084366,-0.12346844,-22.47116745,-43.59565665,-0.12346844
1162,241.72000000,-21.83407503,-43.67836719,-0.11960742,map,37.56610697,126.97774747,0,-22.31047935,-43.62177076,0.12000000,0.12000000,4.00268729,0.01404651,0.03014386,0.03039092,-0.00581128,0.13003554,-0.11960742,-21.83542895,-43.67161188,-0.11960742
1163,241.86000000,-21.28264109,-43.73363566,-0.11455845,map,37.56610620,126.97775640,0,-21.52093207,-43.70701857,0.06000000,0.06000000,4.00048343,0.02075591,0.04454187,0.04533213,-0.09768278,0.29672945,-0.11455845,-21.27915591,-43.73475193,-0.11455845
1164,242.02000000,-20.64608380,-43.80782032,-0.10517342,map,37.56610536,126.97776540,0,-20.72571533,-43.80002098,0.02000000,0.02000000,4.00748254,0.03349407,0.07188752,0.07241950,-0.06688405,0.33870198,-0.10517342,-20.64255810,-43.80079008,-0.10517342
1165,242.16000000,-20.08810391,-43.85838687,-0.09388781,map,37.56610536,126.97776540,0,-20.72571533,-43.80002098,0.16000000,0.16000000,3.99458721,0.04028784,0.08645496,0.08675525,0.03182637,0.33596890,-0.09388781,-20.08472627,-43.85127936,-0.09388781
1166,242.32000000,-19.45742540,-43.88865911,-0.07985868,map,37.56610489,126.97777434,0,-19.93624893,-43.85275616,0.12000000,0.12000000,4.00383034,0.03966014,0.08511010,0.08496255,0.00421474,0.32967234,-0.07985868,-19.44642130,-43.90025101,-0.07985868
1167,242.46000000,-18.89048357,-43.93073670,-0.06843448,map,37.56610432,126.97778347,0,-19.12994790,-43.91599797,0.06000000,0.06000000,3.99730299,0.03606629,0.07739634,0.07690168,-0.02737728,0.25852187,-0.06843448,-18.88747176,-43.93636095,-0.06843448
1168,242.62000000,-18.24914357,-43.97626709,-0.05720861,map,37.56610381,126.97779253,0,-18.32916179,-43.97223242,0.02000000,0.02000000,4.00624899,0.02991688,0.06420154,0.06434677,0.01100909,0.24571105,-0.05720861,-18.24856377,-43.97115305,-0.05720861
1169,242.76000000,-17.68940540,-44.00155134,-0.04815787,map,37.56610381,126.97779253,0,-18.32916179,-43.97223242,0.16000000,0.16000000,3.99629395,0.03000889,0.06439589,0.06408436,-0.02741149,0.24212285,-0.04815787,-17.68893517,-43.99642998,-0.04815787
1170,242.92000000,-17.06188636,-44.02209396,-0.03878123,map,37.56610351,126.97780145,0,-17.54142272,-44.00512625,0.12000000,0.12000000,4.00741378,0.02309286,0.04955594,0.04835724,-0.10960430,0.06877187,-0.03878123,-17.04946054,-44.01972567,-0.03878123
1171,243.06000000,-16.50271528,-44.04286375,-0.03428935,map,37.56610324,126.97781049,0,-16.74263345,-44.03514722,0.06000000,0.06000000,4.00523789,0.00602566,0.01293025,0.01134724,-0.12319664,-0.12964886,-0.03428935,-16.48976530,-44.03784247,-0.03428935
1172,243.22000000,-15.84296576,-44.07077895,-0.04189098,map,37.56610296,126.97781977,0,-15.92267619,-44.06657836,0.02000000,0.02000000,4.00159517,-0.05018463,-0.10769334,-0.11105660,1.11205786,-0.77564711,-0.04189098,-15.85199952,-44.06460153,-0.04189098
1173,243.36000000,-15.28472368,-44.10816253,-0.06109927,map,37.56610296,126.97781977,0,-15.92267619,-44.06657836,0.16000000,0.16000000,3.99663685,-0.07116520,-0.15271464,-0.15385808,1.10870537,-0.71592242,-0.06109927,-15.29401199,-44.10210029,-0.06109927
1174,243.52000000,-14.65095894,-44.16099110,-0.08568558,map,37.56610252,126.97782875,0,-15.12934505,-44.11561605,0.12000000,0.12000000,3.99147415,-0.06619723,-0.14205240,-0.14003073,0.20667506,-0.35622767,-0.08568558,-14.65561299,-44.16067072,-0.08568558
1175,243.66000000,-14.10124554,-44.21546186,-0.10179010,map,37.56610186,126.97783768,0,-14.34027110,-44.18889080,0.06000000,0.06000000,4.00676115,-0.04391325,-0.09423677,-0.09347556,-0.06356324,-0.31379609,-0.10179010,-14.09897934,-44.22090646,-0.10179010
1176,243.82000000,-13.46477130,-44.29050235,-0.11498560,map,37.56610103,126.97784669,0,-13.54429828,-44.28068654,0.02000000,0.02000000,4.00497953,-0.03382345,-0.07258443,-0.07189200,-1.72627016,-0.21554850,-0.11498560,-13.46299215,-44.29650140,-0.11498560
1177,243.96000000,-12.90987229,-44.36129147,-0.12372235,map,37.56610103,126.97784669,0,-13.54429828,-44.28068654,0.16000000,0.16000000,3.99969025,-0.02639176,-0.05660712,-0.05634604,-0.04710139,-0.18371184,-0.12372235,-12.90792736,-44.36728394,-0.12372235
1178,244.12000000,-12.28036383,-44.46287279,-0.13240069,map,37.56609997,126.97785561,0,-12.75612843,-44.39805522,0.12000000,0.12000000,4.00150763,-0.02575572,-0.05527113,-0.05526859,0.02417457,-0.24605007,-0.13240069,-12.27351334,-44.45306421,-0.13240069
1179,244.26000000,-11.71277303,-44.54671264,-0.14091563,map,37.56609895,126.97786474,0,-11.95004719,-44.51173579,0.06000000,0.06000000,3.99665000,-0.03041831,-0.06527572,-0.06581394,0.04347345,-0.29725078,-0.14091563,-11.71955966,-44.53319922,-0.14091563
1180,244.42000000,-11.09580039,-44.63309174,-0.15196196,map,37.56609797,126.97787351,0,-11.17484512,-44.62037908,0.02000000,0.02000000,4.00282403,-0.03279398,-0.07035605,-0.07048051,-0.01710018,-0.32265573,-0.15196196,-11.08684857,-44.63170910,-0.15196196
1181,244.56000000,-10.54360689,-44.72510212,-0.16182490,map,37.56609797,126.97787351,0,-11.17484512,-44.62037908,0.16000000,0.16000000,3.99629569,-0.03245901,-0.06965398,-0.06904928,-0.01149888,-0.26265314,-0.16182490,-10.53474245,-44.72372385,-0.16182490
1182,244.72000000,-9.90581004,-44.83806448,-0.17221665,map,37.56609677,126.97788252,0,-10.37857803,-44.75402224,0.12000000,0.12000000,3.98019220,-0.02789617,-0.05986027,-0.05920621,-0.06237773,-0.19330456,-0.17221665,-9.90464892,-44.83496562,-0.17221665
1183,244.86000000,-9.37257235,-44.91923015,-0.17921450,map,37.56609566,126.97789134,0,-9.60012492,-44.87701992,0.06000000,0.06000000,3.82275572,-0.01637948,-0.03513484,-0.03385890,-0.09346741,0.00535016,-0.17921450,-9.36729518,-44.93384023,-0.17921450
1184,245.02000000,-8.75576457,-45.04791275,-0.18027132,map,37.56609425,126.97790000,0,-8.83424708,-45.03371021,0.02000000,0.02000000,3.99986198,0.00617316,0.01324825,0.01369934,1.11139696,0.13606732,-0.18027132,-8.75132716,-45.04668537,-0.18027132
1185,245.16000000,-8.20414640,-45.14596926,-0.17672985,map,37.56609425,126.97790000,0,-8.83424708,-45.03371021,0.16000000,0.16000000,3.99599188,0.01648251,0.03538256,0.03618299,1.09692542,0.25528865,-0.17672985,-8.20000944,-45.14461830,-0.17672985
1186,245.32000000,-7.55685509,-45.23895046,-0.16942807,map,37.56609311,126.97790911,0,-8.02980707,-45.15926535,0.12000000,0.12000000,3.99601715,0.02479025,0.05320430,0.05370565,1.12258945,0.27473860,-0.16942807,-7.56893551,-45.25162208,-0.16942807
1187,245.46000000,-7.03779811,-45.33028061,-0.15888183,map,37.56609189,126.97791774,0,-7.26711454,-45.29536510,0.06000000,0.06000000,3.83227703,0.04725780,0.10137618,0.10381877,-1.65495963,0.63567296,-0.15888183,-7.02782988,-45.33660228,-0.15888183
1188,245.62000000,-6.44195497,-45.43279707,-0.13790385,map,37.56609073,126.97792627,0,-6.51416694,-45.42403793,0.02000000,0.02000000,3.61925945,0.06790275,0.14559611,0.14608534,-1.10872833,0.56830552,-0.13790385,-6.43629512,-45.41549869,-0.13790385
1189,245.78000000,-5.87550003,-45.49357110,-0.11432817,map,37.56609073,126.97792627,0,-6.51416694,-45.42403793,0.18000000,0.18000000,3.59582501,0.06973768,0.14951948,0.14951552,1.15478359,0.56897538,-0.11432817,-5.87006397,-45.47619325,-0.11432817
1190,245.92000000,-5.36466634,-45.53858890,-0.09308800,map,37.56609003,126.97793428,0,-5.80578921,-45.50191624,0.12000000,0.12000000,3.75789145,0.07017368,0.15113952,0.15080731,1.10582852,0.56359140,-0.09308800,-5.35627673,-45.51964718,-0.09308800
1191,246.06000000,-4.81675449,-45.56351850,-0.07254640,map,37.56608960,126.97794284,0,-5.04982489,-45.54963168,0.06000000,0.06000000,3.92288172,0.06506370,0.13963545,0.13889292,0.05827476,0.47525483,-0.07254640,-4.81853299,-45.55453194,-0.07254640
1192,246.22000000,-4.19339818,-45.59500560,-0.05227690,map,37.56608922,126.97795164,0,-4.27233270,-45.59184655,0.02000000,0.02000000,3.96056673,0.05233547,0.11229774,0.11132473,1.12692907,0.37600227,-0.05227690,-4.18721450,-45.58424296,-0.05227690
1193,246.36000000,-3.64043884,-45.61378221,-0.03905151,map,37.56608922,126.97795164,0,-4.27233270,-45.59184655,0.16000000,0.16000000,3.95832704,0.03696476,0.07933545,0.07830110,1.15633008,0.23527470,-0.03905151,-3.63464434,-45.60307522,-0.03905151
1194,246.52000000,-3.00225478,-45.60723561,-0.02805487,map,37.56608918,126.97796069,0,-3.47256643,-45.59594917,0.12000000,0.12000000,3.88278307,0.02938649,0.06302814,0.06243668,-0.66798486,0.22859411,-0.02805487,-3.00694539,-45.61888098,-0.02805487
1195,246.66000000,-2.45321124,-45.64231140,-0.01945771,map,37.56608879,126.97796958,0,-2.68733053,-45.63904097,0.06000000,0.06000000,3.89704602,0.02827460,0.06066129,0.06096312,-0.00549722,0.24018526,-0.01945771,-2.46271160,-45.62777226,-0.01945771
1196,246.82000000,-1.87391019,-45.61942928,-0.00965239,map,37.56608897,126.97797795,0,-1.94847828,-45.61925542,0.02000000,0.02000000,3.71093695,0.02984839,0.06401121,0.06392085,-1.69548563,0.27292207,-0.00965239,-1.85513607,-45.63208705,-0.00965239
1197,246.96000000,-1.36668415,-45.61791809,-0.00074421,map,37.56608897,126.97797795,0,-1.94847828,-45.61925542,0.16000000,0.16000000,3.52094212,0.02902120,0.06221458,0.06213122,-1.68641713,0.19506133,-0.00074421,-1.34872667,-45.63055342,-0.00074421
1198,247.12000000,-0.80241480,-45.62153440,0.00963335,map,37.56608890,126.97798631,0,-1.20947280,-45.62743072,0.12000000,0.12000000,3.32826683,0.03414294,0.07316260,0.07408353,-1.65335711,0.35957830,0.00963335,-0.80308549,-45.62337508,0.00963335
1199,247.28000000,-0.29068484,-45.60834992,0.02408601,map,37.56608899,126.97799383,0,-0.54502924,-45.61707665,0.08000000,0.08000000,3.11615736,0.04793699,0.10267413,0.10344166,-1.61078770,0.40799859,0.02408601,-0.28780204,-45.60815602,0.02408601
1200,247.46000000,0.25023208,-45.58518061,0.04761144,map,37.56608917,126.97800083,0,0.07365032,-45.59704512,0.06000000,0.06000000,2.90075141,0.07842023,0.16788749,0.17024058,-1.60136670,0.72960673,0.04761145,0.25216276,-45.57839894,0.04761145
1201,247.66000000,0.82956137,-45.53688070,0.09234086,map,37.56608951,126.97800744,0,0.65708044,-45.55872989,0.06000000,0.06000000,2.93277653,0.12575932,0.26925284,0.27054517,1.10478807,0.94470653,0.09234086,0.82270090,-45.51836231,0.09234086
1202,247.86000000,1.42774226,-45.43404641,0.15295152,map,37.56609031,126.97801403,0,1.23928170,-45.46991658,0.06000000,0.06000000,3.22339794,0.15671269,0.33552548,0.33708224,1.04108398,1.21099815,0.15295152,1.43236688,-45.41488548,0.15295152
1203,248.02000000,1.95344206,-45.30541657,0.21114281,map,37.56609164,126.97802136,0,1.88726229,-45.32299597,0.02000000,0.02000000,3.43052862,0.18060967,0.38709992,0.38848521,1.07900730,1.44798006,0.21114281,1.95275735,-45.29154997,0.21114281
1204,248.18000000,2.47698363,-45.14494687,0.27523224,map,37.56609164,126.97802136,0,1.88726229,-45.32299597,0.18000000,0.18000000,3.31724139,0.18860139,0.40430901,0.40457456,-0.02579686,1.41956971,0.27523224,2.47494651,-45.13133194,0.27523224
1205,248.36000000,3.05460673,-44.90142854,0.35142126,map,37.56609364,126.97802886,0,2.55006934,-45.10037251,0.16000000,0.16000000,3.47890021,0.20840863,0.44618688,0.44754481,0.94315439,1.73998259,0.35142126,3.04310267,-44.90990902,0.35142126
1206,248.52000000,3.54640323,-44.66686806,0.43102326,map,37.56609583,126.97803586,0,3.16806410,-44.85745819,0.12000000,0.12000000,3.44456181,0.24901814,0.53373822,0.53544985,-1.72722651,2.04262489,0.43102326,3.54864132,-44.66186113,0.43102326
1207,248.68000000,3.98363320,-44.38311069,0.52593707,map,37.56609878,126.97804258,0,3.76176158,-44.53076467,0.08000000,0.08000000,3.29189782,0.29905485,0.64226376,0.64301109,-0.62021098,2.35374648,0.52593707,4.00363986,-44.37700211,0.52593707
1208,248.86000000,4.45815799,-44.01538481,0.64638200,map,37.56610231,126.97804891,0,4.32063858,-44.13822819,0.06000000,0.06000000,3.00493603,0.31934162,0.68382158,0.68491927,-2.05908873,2.15816163,0.64638200,4.44428221,-44.01774274,0.64638200
1209,249.06000000,4.81177140,-43.59938058,0.78985391,map,37.56610598,126.97805325,0,4.70463699,-43.73163262,0.06000000,0.06000000,2.81815614,0.35234657,0.75930684,0.75766069,-1.77812568,3.13012551,0.78985391,4.83169853,-43.59174546,0.78985391
1210,249.26000000,5.12290511,-43.15442781,0.93744707,map,37.56610996,126.97805711,0,5.04513669,-43.28907315,0.06000000,0.06000000,2.54613027,0.33796546,0.72300477,0.72180270,-1.56780331,1.72437564,0.93744707,5.12473137,-43.14305192,0.93744707
1211,249.46000000,5.33338988,-42.69990297,1.07680825,map,37.56611408,126.97805977,0,5.28045283,-42.83206267,0.06000000,0.06000000,2.31389782,0.30901393,0.66073118,0.65826036,-1.58840242,1.28143166,1.07680825,5.32915303,-42.69763371,1.07680825
1212,249.72000000,5.48706132,-42.16128180,1.22728204,map,37.56611797,126.97806141,0,5.42549313,-42.39999339,0.12000000,0.12000000,1.94309890,0.23000905,0.49012918,0.48608663,-1.70866278,0.54767905,1.22728204,5.48860209,-42.16376654,1.22728204
1213,250.02000000,5.57970769,-41.62966407,1.34484720,map,37.56612463,126.97806311,0,5.57536568,-41.66145887,0.02000000,0.02000000,1.58088734,0.14734340,0.31455427,0.31247503,-1.62374736,0.27646222,1.34484720,5.58327130,-41.63939790,1.34484720
1214,250.42000000,5.61052448,-41.09590140,1.44417870,map,37.56612950,126.97806349,0,5.60896209,-41.12102290,0.02000000,0.02000000,1.27100884,0.08170920,0.17432463,0.17279808,1.53303976,0.06343959,1.44417870,5.63159454,-41.09518504,1.44417870
1215,250.78000000,5.65751094,-40.58204480,1.49775693,map,37.56613197,126.97806391,0,5.64595964,-40.84690002,0.16000000,0.16000000,1.76980754,0.07100545,0.15164674,0.15141792,1.25130465,0.30097362,1.49775693,5.66049295,-40.54437062,1.49775693
1216,251.06000000,5.66785163,-40.00485678,1.53994268,map,37.56613850,126.97806415,0,5.66779349,-40.12201007,0.06000000,0.06000000,1.99273573,0.06798641,0.14526777,0.14541881,1.17144012,0.31464262,1.53994268,5.66809654,-40.01079789,1.53994268
1217,251.32000000,5.65306976,-39.44844267,1.57802918,map,37.56614217,126.97806408,0,5.66089508,-39.71410951,0.12000000,0.12000000,2.21358133,0.06640672,0.14195901,0.14149273,-0.01164408,0.27513257,1.57802918,5.65659266,-39.45276806,1.57802918
1218,251.56000000,5.62487183,-38.93883487,1.60798177,map,37.56614621,126.97806387,0,5.64295684,-39.26644672,0.16000000,0.16000000,1.95662821,0.04969254,0.10622913,0.10556058,-1.51902054,0.13775659,1.60798177,5.63121192,-38.95171989,1.60798177
1219,251.86000000,5.59029888,-38.42163815,1.62884778,map,37.56615295,126.97806335,0,5.59684317,-38.51801017,0.06000000,0.06000000,1.56644498,0.00844018,0.01802736,0.01493460,-1.55418281,-0.28743962,1.62884778,5.59556122,-38.42755644,1.62884778
1220,252.26000000,5.56631483,-37.86772092,1.61577516,map,37.56615802,126.97806304,0,5.56945805,-37.95559199,0.06000000,0.06000000,1.53187158,-0.01409299,-0.03009348,-0.02955580,2.05305696,0.06344718,1.61577516,5.57244416,-37.86903422,1.61577516
1221,252.56000000,5.54897810,-37.33999859,1.61224541,map,37.56616089,126.97806295,0,5.56106635,-37.63686946,0.16000000,0.16000000,2.01875707,0.00207124,0.00443503,0.00502157,1.19853470,0.07571858,1.61224541,5.55171067,-37.34075004,1.61224541
1222,252.82000000,5.52255409,-36.78415091,1.61704945,map,37.56616815,126.97806254,0,5.52501529,-36.83148950,0.02000000,0.02000000,2.38385717,0.01443133,0.03085250,0.03104543,1.28275004,0.07877764,1.61704945,5.52461579,-36.77152007,1.61704945
1223,253.02000000,5.49017706,-36.25641508,1.62376840,map,37.56617283,126.97806218,0,5.49359230,-36.31176940,0.02000000,0.02000000,2.80177505,0.01800071,0.03511926,0.03711387,3.29054148,0.12972464,1.62376840,5.49518587,-36.25063137,1.62376840
1224,253.22000000,5.46095517,-35.63891041,1.62987880,map,37.56617832,126.97806186,0,5.46495772,-35.70238507,0.02000000,0.02000000,3.20573847,0.01224621,0.02623441,0.02612136,2.15104399,0.06802752,1.62987880,5.45798998,-35.65009767,1.62987880
1225,253.38000000,5.42750292,-35.10624904,1.63199960,map,37.56617832,126.97806186,0,5.46495772,-35.70238507,0.18000000,0.18000000,3.44612371,-0.00051407,-0.00110192,-0.00241868,1.15702701,-0.11954660,1.63199960,5.42458273,-35.11608944,1.63199960
1226,253.56000000,5.39102599,-34.47606879,1.62757601,map,37.56618431,126.97806138,0,5.42259472,-35.03748734,0.16000000,0.16000000,3.48438183,-0.02187445,-0.04688906,-0.04784616,-0.09881490,-0.26987490,1.62757601,5.38897852,-34.48590263,1.62757601
1227,253.72000000,5.36082325,-33.95458260,1.61612598,map,37.56619046,126.97806086,0,5.37673073,-34.35485646,0.12000000,0.12000000,3.27084393,-0.04304459,-0.09222601,-0.09285090,-1.68914264,-0.38511478,1.61612598,5.36654524,-33.94899525,1.61612598
1228,253.88000000,5.36227586,-33.44768486,1.60019439,map,37.56619638,126.97806075,0,5.36686750,-33.69793730,0.08000000,0.08000000,3.07710184,-0.04738707,-0.10148415,-0.10094535,-1.60803287,-0.30259123,1.60019439,5.35498795,-33.44257537,1.60019439
1229,254.06000000,5.37726955,-32.90629194,1.58310755,map,37.56620195,126.97806087,0,5.37735367,-33.07999408,0.06000000,0.06000000,2.88470961,-0.04056083,-0.08683277,-0.08629704,1.17396038,-0.20709732,1.58310755,5.35194172,-32.90899663,1.58310755
1230,254.26000000,5.37221131,-32.30581853,1.56660482,map,37.56620725,126.97806078,0,5.36963744,-32.49150967,0.06000000,0.06000000,3.14029069,-0.03691495,-0.07907017,-0.07937324,1.13208656,-0.23086044,1.56660482,5.35736907,-32.30600892,1.56660482
1231,254.42000000,5.37173303,-31.79359473,1.55570002,map,37.56621296,126.97806079,0,5.37031337,-31.85787744,0.02000000,0.02000000,3.19704617,-0.02301657,-0.04930936,-0.04811592,-1.63610466,-0.00174246,1.55570002,5.36766277,-31.79120439,1.55570002
1232,254.62000000,5.36358260,-31.17774161,1.54989189,map,37.56621857,126.97806070,0,5.36223551,-31.23492950,0.02000000,0.02000000,2.84380139,-0.00772840,-0.01654361,-0.01609594,-1.59168306,-0.00813127,1.54989189,5.38141187,-31.18888929,1.54989189
1233,254.82000000,5.38806094,-30.66951346,1.54677906,map,37.56622323,126.97806097,0,5.38681351,-30.71830334,0.02000000,0.02000000,2.42206432,-0.00432900,-0.00925843,-0.00922494,-1.57220334,-0.01133033,1.54677906,5.39398266,-30.66327778,1.54677906
1234,255.06000000,5.39528092,-30.15729234,1.54363743,map,37.56622720,126.97806103,0,5.39182791,-30.27781101,0.06000000,0.06000000,1.96278233,-0.00327780,-0.00700351,-0.00734926,-1.55612281,-0.03184909,1.54363743,5.40771382,-30.13829914,1.54363743
1235,255.42000000,5.43517822,-29.59044801,1.53774212,map,37.56623317,126.97806151,0,5.43428276,-29.61512783,0.02000000,0.02000000,1.21953636,-0.00418886,-0.00893586,-0.00886129,-1.47536743,0.01279810,1.53774212,5.42436866,-29.58797297,1.53774212
1236,258.72000000,5.38087974,-30.11283533,1.64015197,map,37.56622968,126.97806099,0,5.38800218,-30.00178836,0.12000000,0.12000000,-0.86181311,0.10354340,0.21990185,0.21711902,2.63894670,-0.50440777,1.64015197,5.38266149,-30.13370658,1.64015197
1237,259.62000000,5.38982029,-30.63031816,1.77724934,map,37.56622420,126.97806100,0,5.38882269,-30.61031719,0.02000000,0.02000000,-1.01450257,0.15754249,0.33447490,0.33918205,-2.55716882,0.17636608,1.77724934,5.38546615,-30.63405096,1.77724934
1238,260.76000000,5.45480631,-31.14747454,1.96646633,map,37.56621992,126.97806161,0,5.44287495,-31.08574239,0.16000000,0.16000000,-0.57073037,0.11198066,0.23796808,0.24275504,-2.35292363,0.35488081,1.96646633,5.45015153,-31.14767053,1.96646633
1239,261.42000000,5.60729727,-31.63420533,2.17578896,map,37.56621506,126.97806343,0,5.60341932,-31.62521141,0.02000000,0.02000000,-0.47641502,0.09498037,0.20188145,0.20213099,-0.03622226,-0.08002554,2.17578896,5.60140569,-31.62942669,2.17578896
1240,262.18000000,5.86444663,-32.07385193,2.39625122,map,37.56621210,126.97806545,0,5.78264383,-31.95287829,0.18000000,0.18000000,-0.67494883,0.13665429,0.29033693,0.28674328,0.69620783,-0.33798100,2.39625122,5.85940092,-32.08456750,2.39625122
1241,263.78000000,6.19161469,-32.45568934,2.58767010,map,37.56620779,126.97806967,0,6.15490483,-32.43159975,0.18000000,0.18000000,-0.40205433,0.00519649,0.01104694,0.01094172,-1.83404797,-0.01777692,2.58767010,6.20318744,-32.45300113,2.58767010
1242,265.46000000,6.61926728,-32.74997828,2.68278663,map,37.56620517,126.97807452,0,6.58381820,-32.72220763,0.06000000,0.06000000,-0.76570545,0.15233942,0.32359917,0.32588981,-1.04163869,-0.07511994,2.68278663,6.63335786,-32.75861721,2.68278663
1243,266.66000000,7.06288319,-33.00902841,2.83478439,map,37.56620269,126.97807955,0,7.02760173,-32.99717840,0.06000000,0.06000000,-0.67249998,0.00961186,0.02042147,0.02012465,-1.51183914,-0.02786892,2.83478439,7.04859960,-32.99442029,2.83478439
1244,267.52000000,7.54775518,-33.13544040,2.82819637,map,37.56620152,126.97808509,0,7.51751352,-33.12798315,0.12000000,0.12000000,-0.33974889,-0.02716016,-0.05785871,-0.05898242,-0.11843429,-0.03305839,2.82819637,7.55131674,-33.14911060,2.82819637
1245,268.16000000,8.03407808,-33.25895879,2.70074841,map,37.56620067,126.97808953,0,7.90981756,-33.22154965,0.16000000,0.16000000,-0.70188065,-0.09309567,-0.19778061,-0.19600656,1.24607690,0.29589960,2.70074841,8.02390052,-33.27042034,2.70074841
1246,270.26000000,8.52123200,-33.43638973,2.48047683,map,37.56619888,126.97809605,0,8.48528485,-33.42091862,0.06000000,0.06000000,-0.63964176,-0.16020569,-0.34040000,-0.33805813,0.94023369,0.43282277,2.48047683,8.51712375,-33.44430814,2.48047683
1247,271.72000000,8.95141581,-33.69783888,2.22327069,map,37.56619653,126.97810108,0,8.93020759,-33.68112894,0.12000000,0.12000000,-0.35200720,-0.09448247,-0.14930192,-0.15306092,-2.54362919,-0.63176860,2.22327069,8.95455833,-33.71189996,2.22327069
1248,273.16000000,9.30660119,-34.07575848,1.96358030,map,37.56619384,126.97810447,0,9.22925648,-33.98020604,0.16000000,0.16000000,-0.78283384,-0.20388681,-0.43308034,-0.43315771,-0.06778163,0.36349945,1.96358030,9.31731430,-34.09054421,1.96358030
1249,274.02000000,9.54523122,-34.51776360,1.74188453,map,37.56618913,126.97810797,0,9.53890491,-34.50301643,0.02000000,0.02000000,-0.80009984,-0.18462089,-0.38777522,-0.39776138,-1.03445126,-0.62113438,1.74188453,9.54773116,-34.49892012,1.74188453
1250,277.42000000,9.58877696,-34.01782391,1.62933852,map,37.56619326,126.97810856,0,9.59098088,-34.04420922,0.02000000,0.02000000,1.34859397,0.03797335,0.08102685,0.08381460,2.48883271,0.40696442,1.62933852,9.58979104,-34.02586046,1.62933852
1251,277.76000000,9.49091592,-33.47809446,1.72556728,map,37.56619581,126.97810815,0,9.55436367,-33.76122350,0.16000000,0.16000000,1.92881858,0.22878261,0.48849237,0.49372114,0.93083700,1.46264957,1.72556728,9.48930955,-33.46399067,1.72556728
1252,278.02000000,9.28941935,-32.94939815,1.88056582,map,37.56620276,126.97810537,0,9.30874641,-32.99027095,0.02000000,0.02000000,2.25134879,0.31461738,0.67261970,0.67443124,1.05660617,1.70828606,1.88056582,9.29479055,-32.95252224,1.88056582
1253,278.26000000,9.00296211,-32.44697516,2.04826167,map,37.56620648,126.97810287,0,9.08822354,-32.57702093,0.06000000,0.06000000,2.65247126,0.33497537,0.71675867,0.71706045,1.14705152,1.90756870,2.04826167,8.99718885,-32.44416122,2.04826167
1254,278.46000000,8.64529766,-32.01185976,2.19476302,map,37.56621041,126.97809915,0,8.75928755,-32.14100390,0.06000000,0.06000000,2.88031989,0.35086441,0.75111943,0.75207117,0.84272767,2.25387375,2.19476302,8.64804440,-32.00705766,2.19476302
1255,278.66000000,8.19926334,-31.59119008,2.35302840,map,37.56621427,126.97809447,0,8.34583588,-31.71222772,0.06000000,0.06000000,3.16512803,0.37732611,0.80992760,0.81761039,3.74996518,-1.82024474,2.35302840,8.19964068,-31.59061716,2.35302840
1256,278.82000000,7.76043349,-31.28542628,2.48549966,map,37.56621773,126.97808841,0,8.34583588,-31.71222772,0.22000000,0.22000000,3.45368931,0.37121401,0.79558025,0.79093872,0.84494144,2.22901269,2.48549966,7.75886644,-31.28495726,2.48549966
1257,278.98000000,7.30864984,-31.03565420,2.57341390,map,37.56621773,126.97808841,0,7.81061819,-31.32872124,0.16000000,0.16000000,3.76108186,0.07102031,0.15230844,0.12341801,1.12192323,-2.50635551,2.57341389,7.25677969,-30.98929036,2.57341389
1258,279.12000000,6.82889027,-30.67635795,2.52683472,map,37.56622119,126.97808149,0,7.19958883,-30.94422343,0.12000000,0.12000000,3.82473141,-0.35514499,-0.76183170,-0.78392760,0.20737255,-5.28772308,2.52683471,6.82391274,-30.67904225,2.52683471
1259,279.26000000,6.44071020,-30.28161217,2.37910183,map,37.56622558,126.97807459,0,6.58961395,-30.45736101,0.06000000,0.06000000,3.82507425,-0.58666295,-1.27855029,-1.28498987,-0.26620333,-6.59587912,2.37910183,6.45367888,-30.28936464,2.37910183
1260,279.42000000,6.13704076,-29.75188869,2.15428609,map,37.56623128,126.97806984,0,6.17027248,-29.82462945,0.02000000,0.02000000,3.95423585,-0.67336434,-1.45217940,-1.45086153,0.06399764,-5.55648096,2.15428609,6.13632546,-29.74744454,2.15428609
1261,279.56000000,5.95699355,-29.21646097,1.96093147,map,37.56623128,126.97806984,0,6.17027248,-29.82462945,0.16000000,0.16000000,4.02565041,-0.60676511,-1.30565967,-1.29860399,-0.21074760,-4.49298315,1.96093147,5.95594804,-29.21143864,1.96093147
1262,279.72000000,5.86296741,-28.58464057,1.78057238,map,37.56623819,126.97806715,0,5.93208937,-29.05785407,0.12000000,0.12000000,3.87240309,-0.43286242,-0.92863467,-0.91411189,-1.70456786,-2.01382394,1.78057238,5.85107654,-28.58009187,1.78057238
1263,279.86000000,5.81986031,-28.03880402,1.67991627,map,37.56624529,126.97806601,0,5.83156464,-28.26934474,0.06000000,0.06000000,3.87314984,-0.26326240,-0.56476193,-0.55183858,0.89215869,-0.78412603,1.67991627,5.81463441,-28.04255624,1.67991627
1264,280.02000000,5.79764173,-27.40431095,1.61965370,map,37.56625238,126.97806564,0,5.79938882,-27.48326209,0.02000000,0.02000000,3.94158031,-0.10509049,-0.22541886,-0.21455241,-1.60659769,0.31404914,1.61965371,5.79587776,-27.41274889,1.61965371
1265,280.16000000,5.78012649,-26.84900165,1.61039579,map,37.56625238,126.97806564,0,5.79938882,-27.48326209,0.16000000,0.16000000,3.94826983,0.02779273,0.05962865,0.06958092,0.88592840,1.30160333,1.61039579,5.77740218,-26.85689902,1.61039579
1266,280.32000000,5.71993543,-26.22970437,1.64111385,map,37.56625945,126.97806518,0,5.75833711,-26.69789296,0.12000000,0.12000000,3.85313989,0.12018233,0.25786539,0.25920033,-1.65310425,1.14043744,1.64111385,5.73018154,-26.23161372,1.64111385
1267,280.46000000,5.67387807,-25.71753191,1.67842327,map,37.56626629,126.97806456,0,5.70351289,-25.93876206,0.06000000,0.06000000,3.70858670,0.12322339,0.26426171,0.26436319,0.01184237,0.95005654,1.67842327,5.66616406,-25.70965849,1.67842327
1268,280.62000000,5.56798080,-25.12388232,1.71967224,map,37.56627296,126.97806318,0,5.58139182,-25.19841224,0.02000000,0.02000000,3.79644485,0.12073271,0.25897014,0.25973731,1.84907031,1.03508823,1.71967224,5.57032411,-25.11806804,1.71967224
1269,280.76000000,5.46240077,-24.60193638,1.75668445,map,37.56627296,126.97806318,0,5.58139182,-25.19841224,0.16000000,0.16000000,3.72253271,0.12462996,0.26728805,0.26695901,-1.76736064,0.95606858,1.75668445,5.46481451,-24.59697530,1.75668445
1270,280.92000000,5.32509567,-24.03212655,1.79719161,map,37.56627973,126.97806145,0,5.42854441,-24.44704928,0.12000000,0.12000000,3.48727491,0.11142904,0.23885618,0.23814781,-1.70332175,0.75777235,1.79719161,5.32871137,-24.03930105,1.79719161
1271,281.08000000,5.17931654,-23.50190908,1.83465770,map,37.56628586,126.97805951,0,5.25715129,-23.76639471,0.08000000,0.08000000,3.43326641,0.10726760,0.22992135,0.22955113,-0.05777400,0.76007323,1.83465770,5.17802877,-23.50937922,1.83465770
1272,281.26000000,5.00792062,-22.93874607,1.87084495,map,37.56629166,126.97805738,0,5.06905813,-23.12285008,0.06000000,0.06000000,3.20597405,0.07763471,0.16631711,0.16509823,-0.08082956,0.39455485,1.87084495,4.99530172,-22.94118966,1.87084495
1273,281.42000000,4.84000598,-22.46730246,1.88914844,map,37.56629705,126.97805500,0,4.85939692,-22.52448104,0.02000000,0.02000000,3.00399895,0.02386095,0.05109495,0.04730605,-0.37805566,-0.20986248,1.88914844,4.83523089,-22.47072355,1.88914844
1274,281.62000000,4.65060683,-21.86400001,1.87459823,map,37.56630245,126.97805284,0,4.66843283,-21.92577304,0.02000000,0.02000000,3.22531586,-0.08358499,-0.17906929,-0.18298456,1.10881043,-0.99284642,1.87459823,4.64862075,-21.87582639,1.87459823
1275,281.78000000,4.51746953,-21.34998139,1.83695023,map,37.56630245,126.97805284,0,4.66843283,-21.92577304,0.18000000,0.18000000,3.42037677,-0.12785595,-0.27405372,-0.27580804,1.05935037,-1.08814083,1.83695023,4.51542829,-21.36063059,1.83695023
1276,281.96000000,4.39119875,-20.72637332,1.78423267,map,37.56630826,126.97805096,0,4.50237455,-21.28127698,0.16000000,0.16000000,3.55553403,-0.13804837,-0.29596052,-0.29563840,-1.64354765,-0.99358744,1.78423267,4.38870659,-20.73872107,1.78423267
1277,282.12000000,4.29777876,-20.19478098,1.73613732,map,37.56631439,126.97804931,0,4.35595704,-20.60001936,0.12000000,0.12000000,3.37739974,-0.14757833,-0.31644715,-0.31863156,1.07379648,-1.23252208,1.73613732,4.30723194,-20.19557586,1.73613732
1278,282.28000000,4.24684694,-19.65222392,1.68204341,map,37.56632052,126.97804831,0,4.26764829,-19.92052707,0.08000000,0.08000000,3.32639674,-0.16302368,-0.34933098,-0.35045888,-1.64402823,-1.22545044,1.68204341,4.25748129,-19.65640604,1.68204341
1279,282.46000000,4.24895618,-19.06023189,1.61555144,map,37.56632643,126.97804810,0,4.24973168,-19.26420470,0.06000000,0.06000000,3.42424578,-0.18261192,-0.39138848,-0.39262173,1.00631140,-1.44302916,1.61555144,4.24138235,-19.05408938,1.61555144
1280,282.62000000,4.25727488,-18.48241124,1.54621394,map,37.56633282,126.97804812,0,4.25106602,-18.55466724,0.02000000,0.02000000,3.63844666,-0.22599158,-0.48458431,-0.48956027,0.97486576,-2.31166519,1.54621394,4.26761854,-18.48796439,1.54621394
1281,282.76000000,4.32662772,-17.96473393,1.46641794,map,37.56633282,126.97804812,0,4.25106602,-18.55466724,0.16000000,0.16000000,3.80572396,-0.30380211,-0.65535739,-0.66200278,1.44081442,-5.53885475,1.46641794,4.33765149,-17.96939273,1.46641794
1282,282.92000000,4.50043697,-17.36042166,1.33792675,map,37.56633952,126.97804948,0,4.37115072,-17.81128636,0.12000000,0.12000000,3.89725451,-0.44491681,-0.95454225,-0.96458064,0.37200365,-4.79356366,1.33792675,4.49856721,-17.36778741,1.33792675
1283,283.06000000,4.73368989,-16.86876379,1.18865067,map,37.56634610,126.97805234,0,4.62367415,-17.08071099,0.06000000,0.06000000,3.97420503,-0.52958598,-1.13638660,-1.13988704,0.31859806,-4.88660287,1.18865067,4.73035516,-16.86536631,1.18865067
1284,283.22000000,5.10748839,-16.32826906,1.00242887,map,37.56635233,126.97805724,0,5.05661974,-16.38947458,0.02000000,0.02000000,3.92585115,-0.53934559,-1.16209213,-1.16015866,-2.06146176,-4.32254487,1.00242887,5.09753135,-16.34107249,1.00242887
1285,283.36000000,5.48854577,-15.94492866,0.84565399,map,37.56635233,126.97805724,0,5.05661974,-16.38947458,0.16000000,0.16000000,3.79419908,-0.51077275,-1.09559118,-1.09608902,0.57397921,-4.24304514,0.84565399,5.47834834,-15.95836333,0.84565399
1286,283.52000000,5.98157585,-15.59987387,0.66652631,map,37.56635704,126.97806329,0,5.59172928,-15.86657327,0.12000000,0.12000000,3.93767129,-0.52857679,-1.13413329,-1.13083456,-2.37133553,-4.09003784,0.66652631,5.98734451,-15.59324140,0.66652631
1287,283.66000000,6.46896221,-15.36393572,0.51380664,map,37.56636074,126.97807086,0,6.26004220,-15.45578236,0.06000000,0.06000000,3.74263103,-0.49193416,-1.05573473,-1.05151870,-2.24186581,-3.51616639,0.51380664,6.47072138,-15.35546858,0.51380664
1288,283.82000000,7.02581815,-15.16700544,0.36130781,map,37.56636317,126.97807872,0,6.95436934,-15.18622439,0.02000000,0.02000000,3.66355261,-0.38369037,-0.82277308,-0.81308910,-1.77576259,-1.94945008,0.36130781,7.03689532,-15.17127999,0.36130781
1289,283.96000000,7.51190852,-15.04369864,0.28880977,map,37.56636317,126.97807872,0,6.95436934,-15.18622439,0.16000000,0.16000000,3.47469647,-0.12948473,-0.27755105,-0.26313877,-1.51065380,0.58561771,0.28880977,7.52164694,-15.04701271,0.28880977
1290,284.12000000,8.03891724,-14.90835662,0.27777776,map,37.56636471,126.97808664,0,7.65414398,-15.01599391,0.12000000,0.12000000,3.25129949,0.01657650,0.03551428,0.03905867,1.13204991,0.53252305,0.27777776,8.03857796,-14.90411997,0.27777776
1291,284.28000000,8.54133796,-14.76103234,0.28901932,map,37.56636629,126.97809374,0,8.28142938,-14.84052758,0.08000000,0.08000000,3.44387338,0.03320395,0.07116833,0.07057414,1.17762901,0.14216815,0.28901932,8.55235982,-14.74918850,0.28901932
1292,284.42000000,9.02811046,-14.62787831,0.29584600,map,37.56636801,126.97810141,0,8.95883351,-14.64929294,0.02000000,0.02000000,3.62154738,0.01380354,0.02959789,0.02776358,-1.66209413,-0.06389631,0.29584600,9.02801672,-14.60233734,0.29584600
1293,284.56000000,9.50677374,-14.48290774,0.29327080,map,37.56636801,126.97810141,0,8.95883351,-14.64929294,0.16000000,0.16000000,3.61876853,-0.03417747,-0.07328236,-0.07908350,1.17807112,-0.90432680,0.29327079,9.50696886,-14.45761206,0.29327079
1294,284.72000000,10.07504955,-14.31354208,0.26306186,map,37.56637005,126.97810920,0,9.64776540,-14.42318995,0.12000000,0.12000000,3.70049609,-0.13221408,-0.28353840,-0.29049467,-1.88496216,-1.81686092,0.26306186,10.07468975,-14.30840834,0.26306186
1295,284.86000000,10.59083694,-14.21340890,0.21045859,map,37.56637160,126.97811741,0,10.37268774,-14.25095610,0.06000000,0.06000000,3.69689998,-0.21228849,-0.45514989,-0.45916025,-1.71914674,-2.13720657,0.21045858,10.57882110,-14.21106324,0.21045858
1296,285.02000000,11.16598289,-14.17050748,0.12896348,map,37.56637228,126.97812558,0,11.09412241,-14.17517916,0.02000000,0.02000000,3.60886184,-0.25255600,-0.54253394,-0.54501404,0.02498210,-2.11301367,0.12896348,11.15808597,-14.14976006,0.12896348
1297,285.16000000,11.68167482,-14.16164642,0.04885578,map,37.56637228,126.97812558,0,11.09412241,-14.17517916,0.16000000,0.16000000,3.75046772,-0.27880797,-0.59816863,-0.60009317,0.94410644,-2.42080621,0.04885578,11.67446200,-14.14115760,0.04885578
1298,285.32000000,12.29396124,-14.20300628,-0.05289543,map,37.56637241,126.97813391,0,11.83050023,-14.16063425,0.12000000,0.12000000,3.91755971,-0.31060740,-0.66660418,-0.66650508,-2.02388510,-2.62924350,-0.05289543,12.28988798,-14.18964565,-0.05289543
1299,285.46000000,12.81164246,-14.27119733,-0.14635957,map,37.56637184,126.97814248,0,12.58719364,-14.22389041,0.06000000,0.06000000,3.79993265,-0.30941517,-0.66369704,-0.66455239,0.96456793,-2.59123064,-0.14635957,12.82084294,-14.28656872,-0.14635957
1300,285.62000000,13.40487679,-14.44910547,-0.25122243,map,37.56637003,126.97815091,0,13.33274807,-14.42482723,0.02000000,0.02000000,3.77392957,-0.30236553,-0.64853952,-0.64690414,-1.95074339,-2.26632182,-0.25122243,13.40378804,-14.45413445,-0.25122243
1301,285.76000000,13.88631515,-14.63858524,-0.33929820,map,37.56637003,126.97815091,0,13.33274807,-14.42482723,0.16000000,0.16000000,3.60077543,-0.28565180,-0.61247416,-0.61077708,-1.70721281,-2.05603997,-0.33929819,13.88436927,-14.64341855,-0.33929819
1302,285.92000000,14.37522739,-14.88609090,-0.43454863,map,37.56636761,126.97815852,0,14.00452643,-14.69380707,0.12000000,0.12000000,3.43587460,-0.27375180,-0.58674166,-0.58539046,-1.70426187,-1.89188101,-0.43454863,14.38408764,-14.89509923,-0.43454863
1303,286.08000000,14.83299246,-15.19068718,-0.52556051,map,37.56636445,126.97816539,0,14.61144156,-15.04481970,0.08000000,0.08000000,3.26009005,-0.25639104,-0.55014562,-0.54899448,-0.79334145,-1.80565132,-0.52556051,14.83873557,-15.17989439,-0.52556051
1304,286.26000000,15.28385488,-15.51952431,-0.62022520,map,37.56636123,126.97817136,0,15.13922674,-15.40210027,0.06000000,0.06000000,3.05488979,-0.23448295,-0.50614976,-0.50465246,-1.62005064,-1.33936883,-0.62022520,15.29089537,-15.52432200,-0.62022520
1305,286.46000000,15.73724311,-15.93332419,-0.71723889,map,37.56635758,126.97817668,0,15.60884169,-15.80680323,0.06000000,0.06000000,2.95668481,-0.22266529,-0.47715373,-0.47678232,-0.16601737,-1.32843139,-0.71723889,15.73055711,-15.92974574,-0.71723889
1306,286.66000000,16.11723836,-16.35106042,-0.80545917,map,37.56635380,126.97818122,0,16.01032250,-16.22595938,0.06000000,0.06000000,2.70492710,-0.18661193,-0.39934693,-0.39546815,-1.52655754,-0.68093985,-0.80545917,16.11061759,-16.34952529,-0.80545917
1307,286.88000000,16.46186096,-16.77585190,-0.86797668,map,37.56635034,126.97818484,0,16.33011802,-16.61042390,0.08000000,0.08000000,2.67999491,-0.08650440,-0.18510863,-0.18267998,1.14661632,-0.19047740,-0.86797668,16.47451488,-16.80012052,-0.86797668
1308,287.06000000,16.78845681,-17.20755774,-0.89374595,map,37.56634618,126.97818884,0,16.68333860,-17.07215320,0.06000000,0.06000000,2.89102033,-0.05623840,-0.12039757,-0.11967562,1.15532251,-0.27889742,-0.89374595,16.78468237,-17.19581972,-0.89374595
1309,287.26000000,17.15466569,-17.66846981,-0.91886976,map,37.56634216,126.97819292,0,17.04402657,-17.51852197,0.06000000,0.06000000,3.14431389,-0.06582203,-0.14098945,-0.14215585,1.31505567,-0.60019469,-0.91886976,17.14822586,-17.67872843,-0.91886976
1310,287.42000000,17.42631712,-18.10121991,-0.94709065,map,37.56633739,126.97819684,0,17.39033415,-18.04785496,0.02000000,0.02000000,3.20880273,-0.10834662,-0.23210868,-0.23664564,0.48862851,-1.24540451,-0.94709066,17.44508826,-18.10045277,-0.94709066
1311,287.60000000,17.71112537,-18.58161544,-1.01863633,map,37.56633248,126.97820072,0,17.39033415,-18.04785496,0.20000000,0.20000000,3.03486933,-0.26314322,-0.56650262,-0.56679962,1.34888882,0.16396701,-1.01863634,17.72844313,-18.58038619,-1.01863634
1312,287.76000000,17.92722240,-19.05553084,-1.13022251,map,37.56633248,126.97820072,0,17.73288490,-18.59205660,0.16000000,0.16000000,3.22998445,-0.36517754,-0.78539652,-0.78796529,0.89591837,-2.80517089,-1.13022251,17.92244198,-19.04519311,-1.13022251
1313,287.92000000,18.05954022,-19.57731149,-1.25911323,map,37.56632714,126.97820330,0,17.96070426,-19.18538404,0.12000000,0.12000000,3.40542726,-0.37642008,-0.80673966,-0.80708083,0.82974271,-2.73024788,-1.25911323,18.06181388,-19.56267988,-1.25911323
1314,288.08000000,18.13354056,-20.12523885,-1.38151520,map,37.56632119,126.97820487,0,18.09968512,-19.84568546,0.08000000,0.08000000,3.53611526,-0.32038204,-0.68688951,-0.67557520,0.68561613,-1.30265608,-1.38151520,18.14287103,-20.11501882,-1.38151520
1315,288.26000000,18.18485048,-20.75193940,-1.46854257,map,37.56631493,126.97820569,0,18.17158433,-20.54063080,0.06000000,0.06000000,3.50911135,-0.15061912,-0.32288579,-0.31323236,0.54239150,-0.08621494,-1.46854256,18.19188820,-20.75248737,-1.46854256
1316,288.42000000,18.21110827,-21.33559613,-1.49682004,map,37.56630841,126.97820608,0,18.20649704,-21.26440716,0.02000000,0.02000000,3.55152446,-0.02862836,-0.06135764,-0.05548692,-1.64717571,0.45867756,-1.49682004,18.22691406,-21.32150542,-1.49682004
1317,288.58000000,18.25313879,-21.89404620,-1.49463521,map,37.56630841,126.97820608,0,18.20649704,-21.26440716,0.18000000,0.18000000,3.46197443,0.02157343,0.04624111,0.04708120,0.08398482,0.22355262,-1.49463521,18.26913693,-21.87917988,-1.49463521
1318,288.76000000,18.33365967,-22.51082884,-1.48275541,map,37.56630221,126.97820694,0,18.28281001,-21.95272649,0.16000000,0.16000000,3.56965824,0.04486176,0.09618030,0.09833623,1.07536320,0.60642857,-1.48275541,18.32594339,-22.50697073,-1.48275541
1319,288.92000000,18.37914341,-23.03863030,-1.46155900,map,37.56629574,126.97820754,0,18.33527395,-22.67045048,0.10000000,0.10000000,3.76006883,0.06819165,0.14625627,0.14588491,1.14038659,0.50119568,-1.46155900,18.39334298,-23.09062244,-1.46155900
1320,289.06000000,18.46371769,-23.63128647,-1.44341381,map,37.56628916,126.97820863,0,18.43156356,-23.40025416,0.06000000,0.06000000,3.92153426,0.05071275,0.10880625,0.10685812,1.13502743,0.24547902,-1.44341381,18.46562828,-23.62436381,-1.44341381
1321,289.22000000,18.55538808,-24.24502779,-1.43564325,map,37.56628226,126.97820991,0,18.54457158,-24.16606128,0.02000000,0.02000000,3.99465104,0.00121729,0.00261105,0.00040297,1.06759519,-0.22243509,-1.43564326,18.55349223,-24.25505102,-1.43564326
1322,289.36000000,18.62808007,-24.80025749,-1.44005602,map,37.56628226,126.97820991,0,18.54457158,-24.16606128,0.16000000,0.16000000,3.99074055,-0.02606848,-0.05594069,-0.05714692,0.14217350,-0.40156073,-1.44005602,18.62606218,-24.81045623,-1.44005602
1323,289.52000000,18.68262833,-25.44807397,-1.46003209,map,37.56627502,126.97821090,0,18.63255348,-24.96974392,0.12000000,0.12000000,3.98672623,-0.08415585,-0.18058775,-0.18349930,2.50040454,-1.51661034,-1.46003209,18.69504572,-25.44743720,-1.46003209
1324,289.66000000,18.73091625,-26.00627227,-1.48857707,map,37.56626784,126.97821184,0,18.71559636,-25.76711733,0.06000000,0.06000000,3.98582885,-0.09883834,-0.21209393,-0.21171627,-0.06203494,-0.75366962,-1.48857707,18.73583268,-26.00568446,-1.48857707
1325,289.82000000,18.77410222,-26.64639349,-1.52050334,map,37.56626064,126.97821248,0,18.77165958,-26.56614143,0.02000000,0.02000000,4.01262642,-0.08602140,-0.18460116,-0.18371897,-0.13064811,-0.68179212,-1.52050334,18.76309801,-26.64614713,-1.52050334
1326,289.96000000,18.78457874,-27.20576331,-1.54377225,map,37.56626064,126.97821248,0,18.77165958,-26.56614143,0.16000000,0.16000000,3.99754453,-0.07063266,-0.15157139,-0.15021359,-0.14122348,-0.46991604,-1.54377225,18.77363293,-27.20541988,-1.54377225
1327,290.12000000,18.78446036,-27.84566262,-1.56383216,map,37.56625344,126.97821262,0,18.78465824,-27.36540415,0.12000000,0.12000000,4.01694505,-0.04599347,-0.09870269,-0.09702706,-0.20253603,-0.21804266,-1.56383216,18.77465347,-27.84580963,-1.56383216
1328,290.26000000,18.76370171,-28.41017029,-1.57584994,map,37.56624618,126.97821242,0,18.76663381,-28.17034833,0.06000000,0.06000000,4.00211652,-0.03830927,-0.08221057,-0.08228673,-1.68231598,-0.29326088,-1.57584994,18.76948369,-28.40562884,-1.57584994
1329,290.42000000,18.76282785,-29.05004784,-1.58959521,map,37.56623898,126.97821240,0,18.76510396,-28.97020521,0.02000000,0.02000000,4.00050584,-0.04256205,-0.09133457,-0.09135041,0.01546262,-0.37738436,-1.58959521,18.75552755,-29.04493511,-1.58959521
1330,290.56000000,18.74322734,-29.60962007,-1.60166498,map,37.56623898,126.97821240,0,18.76510396,-28.97020521,0.16000000,0.16000000,4.00480442,-0.03876182,-0.08318490,-0.08274336,-0.06781948,-0.32893612,-1.60166498,18.73592592,-29.60440379,-1.60166498
1331,290.72000000,18.70623868,-30.25322932,-1.61378625,map,37.56623173,126.97821199,0,18.72902711,-29.77412269,0.12000000,0.12000000,4.00063201,-0.02854488,-0.06125565,-0.06001430,0.15349327,-0.13607805,-1.61378625,18.70644493,-30.24357948,-1.61378625
1332,290.86000000,18.67214070,-30.79973340,-1.61878338,map,37.56622465,126.97821149,0,18.68415792,-30.56030261,0.06000000,0.06000000,4.00525928,-0.00343246,-0.00736449,-0.00554244,-0.20578172,0.18464492,-1.61878338,18.67827526,-30.80297479,-1.61878338
1333,291.02000000,18.65669389,-31.43336061,-1.61569393,map,37.56621750,126.97821121,0,18.65998615,-31.35353441,0.02000000,0.02000000,4.00451307,0.01675470,0.03595618,0.03686183,-0.08308736,0.21817652,-1.61569393,18.64966111,-31.44246593,-1.61569393
1334,291.16000000,18.63653691,-31.99303909,-1.60892809,map,37.56621750,126.97821121,0,18.65998615,-31.35353441,0.16000000,0.16000000,3.99676210,0.02123870,0.04557737,0.04460675,-0.07819983,0.12391418,-1.60892809,18.62952779,-32.00218968,-1.60892809
1335,291.32000000,18.61877813,-32.62810734,-1.60475416,map,37.56621034,126.97821092,0,18.63431644,-32.14825512,0.12000000,0.12000000,4.00262536,0.00560259,0.01202374,0.01130564,-1.94121721,0.03324402,-1.60475416,18.60870775,-32.64184974,-1.60475416
1336,291.46000000,18.58933594,-33.21307585,-1.60347029,map,37.56620291,126.97821050,0,18.59698712,-32.97289694,0.06000000,0.06000000,3.99906747,0.00516952,0.01109434,0.01138502,-0.00498281,0.04773230,-1.60347029,18.59065132,-33.20130700,-1.60347029
1337,291.62000000,18.56648995,-33.83388263,-1.60087053,map,37.56619588,126.97821018,0,18.56872331,-33.75396793,0.02000000,0.02000000,3.99775044,0.00955432,0.02050360,0.02049762,0.01594355,0.10134774,-1.60087053,18.57170059,-33.84100615,-1.60087053
1338,291.76000000,18.55200833,-34.39367561,-1.59764287,map,37.56619588,126.97821018,0,18.56872331,-33.75396793,0.16000000,0.16000000,4.00073068,0.01276661,0.02739736,0.02772773,0.05528513,0.16484030,-1.59764287,18.55723326,-34.40084077,-1.59764287
1339,291.92000000,18.53959263,-35.04772976,-1.59202185,map,37.56618854,126.97820996,0,18.54893932,-34.56792264,0.12000000,0.12000000,3.99050695,0.02333737,0.05007835,0.05165769,0.12536550,0.36285105,-1.59202185,18.54433321,-35.04044436,-1.59202185
1340,292.06000000,18.53600641,-35.61902307,-1.58153976,map,37.56618123,126.97820982,0,18.53682514,-35.37895664,0.06000000,0.06000000,3.99810228,0.04228452,0.09073792,0.09118545,0.08340960,0.44118723,-1.58153976,18.54001179,-35.60053627,-1.58153976
1341,292.22000000,18.53839037,-36.22573675,-1.56689650,map,37.56617432,126.97820982,0,18.53734924,-36.14584780,0.02000000,0.02000000,4.00013542,0.03932459,0.08438641,0.08382861,-0.03597008,0.29519027,-1.56689650,18.54476305,-36.24078339,-1.56689650
1342,292.36000000,18.54922210,-36.78544212,-1.55528011,map,37.56617432,126.97820982,0,18.53734924,-36.14584780,0.16000000,0.16000000,4.00329137,0.03915910,0.08403199,0.08378773,0.02333271,0.34908842,-1.55528011,18.55562331,-36.80054437,-1.55528011
1343,292.48000000,18.56956010,-37.30673979,-1.54621350,map,37.56616675,126.97821008,0,18.55984580,-36.98670458,0.08000000,0.08000000,3.99783545,0.02942457,0.06314160,0.06212863,0.08961273,0.12930607,-1.54621350,18.56960827,-37.28062591,-1.54621350
1344,292.62000000,18.58179892,-37.83558192,-1.53903225,map,37.56615982,126.97821029,0,18.57885894,-37.75571308,0.02000000,0.02000000,3.99544858,0.02231415,0.04788491,0.04839239,-0.04736425,0.22199682,-1.53903225,18.58884367,-37.84046011,-1.53903225
1345,292.76000000,18.60448016,-38.39527493,-1.53258717,map,37.56615982,126.97821029,0,18.57885894,-37.75571308,0.16000000,0.16000000,3.99609754,0.01848708,0.03967266,0.03794241,1.13270684,-0.05169610,-1.53258717,18.61150513,-38.40022541,-1.53258717
1346,292.92000000,18.62944373,-39.02148895,-1.53180130,map,37.56615275,126.97821065,0,18.61043054,-38.54084041,0.12000000,0.12000000,3.99284861,-0.01121158,-0.02405770,-0.02564911,0.17492943,-0.25803465,-1.53180130,18.63714677,-39.04029484,-1.53180130
1347,293.06000000,18.66108928,-39.57998278,-1.53831500,map,37.56614555,126.97821115,0,18.65444853,-39.33987333,0.06000000,0.06000000,4.00412690,-0.02959994,-0.06351846,-0.06424255,-1.69401658,-0.28613282,-1.53831500,18.65437576,-39.60012938,-1.53831500
1348,293.22000000,18.67619871,-40.25487737,-1.54961376,map,37.56613802,126.97821138,0,18.67512541,-40.17480254,0.02000000,0.02000000,3.99951515,-0.03431990,-0.07364655,-0.07373457,0.01426655,-0.31228112,-1.54961376,18.66632629,-40.23980838,-1.54961376
1349,293.36000000,18.68051527,-40.81492711,-1.55963377,map,37.56613802,126.97821138,0,18.67512541,-40.17480254,0.16000000,0.16000000,3.99940573,-0.03096605,-0.06644944,-0.06557670,0.05448178,-0.22262033,-1.55963377,18.67064476,-40.79975411,-1.55963377
1350,293.52000000,18.67285609,-41.41522691,-1.56767046,map,37.56613117,126.97821136,0,18.67276960,-40.93517334,0.12000000,0.12000000,3.99968641,-0.01724927,-0.03701447,-0.03652437,0.03692397,-0.10909731,-1.56767046,18.67120447,-41.43986954,-1.56767046
1351,293.66000000,18.67440705,-42.00947679,-1.57187334,map,37.56612366,126.97821139,0,18.67525475,-41.76951072,0.06000000,0.06000000,3.99821173,-0.01177069,-0.02525825,-0.02536480,0.02578018,-0.07270455,-1.57187334,18.66974243,-42.00001617,-1.57187334
1352,293.82000000,18.67309814,-42.63318824,-1.57382212,map,37.56611659,126.97821136,0,18.67334519,-42.55327216,0.02000000,0.02000000,3.99413562,0.00056191,0.00120681,0.00151775,0.01242035,0.02615365,-1.57382212,18.66726108,-42.64003778,-1.57382212
1353,293.96000000,18.67153256,-43.19343019,-1.57370764,map,37.56611659,126.97821136,0,18.67334519,-42.55327216,0.16000000,0.16000000,4.00296159,-0.00121909,-0.00261679,-0.00269471,-0.00287465,-0.01232824,-1.57370764,18.66568824,-43.20020466,-1.57370764
1354,294.12000000,18.66914096,-43.84161736,-1.57412890,map,37.56610928,126.97821133,0,18.67076876,-43.36510436,0.12000000,0.12000000,3.90613443,-0.00236524,-0.00507521,-0.00525493,-0.05135720,-0.08892665,-1.57412890,18.66350997,-43.83604267,-1.57412890
1355,294.26000000,18.65380152,-44.37173625,-1.57560220,map,37.56610228,126.97821116,0,18.65517808,-44.14211612,0.06000000,0.06000000,3.78326132,-0.00636969,-0.01366345,-0.01370919,-1.69888079,-0.07029303,-1.57560220,18.66068127,-44.37628864,-1.57560220
1356,294.42000000,18.65715247,-44.98386570,-1.57796926,map,37.56609534,126.97821119,0,18.65780687,-44.91187428,0.02000000,0.02000000,3.59992367,-0.00760201,-0.01630045,-0.01671521,-1.68757029,-0.08973071,-1.57796926,18.65606968,-44.96628398,-1.57796926
1357,294.58000000,18.65065995,-45.54370846,-1.58142467,map,37.56609534,126.97821119,0,18.65780687,-44.91187428,0.18000000,0.18000000,3.39816328,-0.01167269,-0.02501733,-0.02537034,-1.62611861,-0.08334259,-1.58142467,18.64955091,-45.52513602,-1.58142467
1358,294.76000000,18.63195640,-46.11490379,-1.58608907,map,37.56608923,126.97821100,0,18.64082282,-45.58992727,0.16000000,0.16000000,3.19700941,-0.01214332,-0.02601480,-0.02593746,-1.65525411,-0.09033997,-1.58608907,18.63971852,-46.11674177,-1.58608907
1359,294.96000000,18.62591445,-46.72264279,-1.59115131,map,37.56608345,126.97821095,0,18.63678091,-46.23231332,0.16000000,0.16000000,2.96695344,-0.01144215,-0.02450044,-0.02444361,-1.61602469,-0.07912647,-1.59115131,18.62637436,-46.73246699,-1.59115131
1360,295.16000000,18.61546294,-47.31429251,-1.59409225,map,37.56607785,126.97821084,0,18.62687883,-46.85299541,0.16000000,0.16000000,2.91860390,-0.00092232,-0.00197441,-0.00137853,1.24585509,0.04134415,-1.59409225,18.61208920,-47.31214526,-1.59409225
1361,295.36000000,18.59918364,-47.91077121,-1.59308491,map,37.56607273,126.97821065,0,18.60985162,-47.42193223,0.16000000,0.16000000,3.15351106,0.00604734,0.01295421,0.01303580,1.17678387,0.06021938,-1.59308491,18.59857551,-47.91939573,-1.59308491
1362,295.52000000,18.57977201,-48.44950298,-1.58760441,map,37.56606703,126.97821037,0,18.58522962,-48.05473663,0.12000000,0.12000000,3.37838926,0.02704504,0.05796078,0.06007271,0.76707514,0.38001918,-1.58760441,18.59056290,-48.44200823,-1.58760441
1363,295.68000000,18.59021068,-48.99155059,-1.57448231,map,37.56606113,126.97821041,0,18.58896454,-48.70877267,0.08000000,0.08000000,3.58053169,0.04560066,0.09776870,0.09848903,1.12958573,0.41070075,-1.57448231,18.59073616,-48.99970394,-1.57448231
1364,295.82000000,18.59190566,-49.51776643,-1.55924555,map,37.56605451,126.97821042,0,18.59003945,-49.44337327,0.02000000,0.02000000,3.71128798,0.05491955,0.11779178,0.11815955,-2.01849450,0.46526794,-1.55924555,18.59979291,-49.51373293,-1.55924555
1365,295.96000000,18.61007827,-50.02618528,-1.54200012,map,37.56605451,126.97821042,0,18.59003945,-49.44337327,0.16000000,0.16000000,3.55988119,0.06063184,0.12999874,0.13102690,-1.65677270,0.57740488,-1.54200012,18.61800859,-50.02131332,-1.54200012
1366,296.12000000,18.64695468,-50.55848620,-1.51974268,map,37.56604812,126.97821078,0,18.62174624,-50.15301976,0.12000000,0.12000000,3.27982066,0.06494875,0.13915913,0.13891105,-1.66502175,0.41558231,-1.51974268,18.65003287,-50.56643330,-1.51974268
1367,296.28000000,18.69968007,-51.07177768,-1.49955823,map,37.56604203,126.97821143,0,18.67930626,-50.82934069,0.08000000,0.08000000,2.95402602,0.04827680,0.10336582,0.10247588,-1.61397740,0.20750149,-1.49955823,18.68937461,-51.06194992,-1.49955823
1368,296.48000000,18.73279567,-51.60987545,-1.47948982,map,37.56603688,126.97821180,0,18.71225778,-51.40031136,0.08000000,0.08000000,2.52827632,0.01463310,0.10822046,0.09502707,-3.04750623,1.50607392,-1.47948982,18.74048905,-51.60856146,-1.47948982
1369,296.72000000,18.80051775,-52.16450577,-1.46351258,map,37.56603236,126.97821247,0,18.77109795,-51.90185925,0.12000000,0.12000000,2.08484489,0.02345836,0.05013451,0.04971135,-1.55845107,0.05556431,-1.46351258,18.80104530,-52.15713002,-1.46351258
1370,297.02000000,18.86919596,-52.71183173,-1.44585793,map,37.56602534,126.97821354,0,18.86525239,-52.68105517,0.02000000,0.02000000,1.51548039,-0.02009278,0.10001268,0.11208245,-3.29114364,-1.17230910,-1.44585793,18.86621568,-52.70171136,-1.44585793
1371,297.52000000,18.94354819,-53.22257298,-1.43596940,map,37.56602127,126.97821428,0,18.93137069,-53.13280133,0.12000000,0.12000000,0.66693421,0.00066729,0.00142185,0.00160870,-1.46178776,0.02441731,-1.43596940,18.93680190,-53.22523421,-1.43596940
