idx,stamp_sec,x,y,yaw,frame_id,gps_lat,gps_lon,gps_status,gps_odom_x,gps_odom_y,cov_xx,cov_yy,odom_vx,odom_vy,odom_vyaw,imu_wz,imu_ax,imu_ay,imu_yaw,odom_x,odom_y,odom_yaw
0,38.58000000,40.82850535,-44.95030753,2.72500366,map,37.56609416,126.97846452,0,40.82851682,-44.95032441,0.18000000,0.18000000,0.00000000,0.00000000,0.00000000,-0.00011452,-0.01972581,0.02334883,1.65740037,41.00740892,-44.80849151,1.65740035
1,41.46000000,40.73255368,-44.44790479,2.64505284,map,37.56609837,126.97846401,0,40.78622212,-44.47659237,0.06028125,0.06098434,1.03471464,0.00529573,0.01488109,0.01421347,0.02896977,0.00132704,1.67138958,40.95447468,-44.29568904,1.67138958
2,41.82000000,40.88723249,-43.83301108,1.69438337,map,37.56610275,126.97846315,0,40.89059720,-43.86082196,0.02000344,0.02000005,1.41074252,-0.00490241,-0.01383461,-0.01569013,2.59109806,-0.11189381,1.67042917,40.90964104,-43.84950873,1.67042917
3,42.16000000,40.84974122,-43.31349293,1.66511989,map,37.56610520,126.97846297,0,40.87441617,-43.58927057,0.16030157,0.16000241,1.82227586,-0.01535751,-0.04354162,-0.04314382,-0.00990956,-0.07862368,1.65827545,40.86114786,-43.28931691,1.65827545
4,42.42000000,40.83602310,-42.77985884,1.64059023,map,37.56611211,126.97846246,0,40.83864466,-42.82163331,0.02000537,0.02000002,2.11731417,-0.01622908,-0.04616684,-0.04736348,-0.03121540,-0.11720971,1.64710126,40.82287602,-42.77401147,1.64710126
5,42.66000000,40.79742851,-42.24777410,1.62589946,map,37.56611611,126.97846201,0,40.80352837,-42.37782724,0.06005330,0.06000012,2.16793806,-0.02346185,-0.06678062,-0.06882381,-0.07807346,-0.16659104,1.63367688,40.79145383,-42.25773777,1.63367688
6,42.92000000,40.76871244,-41.70964626,1.61984207,map,37.56611979,126.97846170,0,40.77942040,-41.96912804,0.12022443,0.12000038,2.16582804,-0.02729487,-0.07768890,-0.07782977,0.04328986,-0.15628426,1.61413194,40.76843951,-41.69566979,1.61413194
7,43.16000000,40.74966141,-41.18463621,1.60648090,map,37.56612373,126.97846147,0,40.75984358,-41.53174466,0.16041696,0.16000035,2.17102374,-0.02649617,-0.07523969,-0.07410365,-0.00983885,-0.11193792,1.59551535,40.75737575,-41.17505086,1.59551535
8,43.42000000,40.74157309,-40.60938517,1.59314433,map,37.56613164,126.97846122,0,40.74226111,-40.65300504,0.02000573,0.02000000,2.18220790,-0.01400830,-0.03987864,-0.03554262,0.11494808,-0.02905860,1.58031888,40.75357487,-40.60996700,1.58031888
9,43.66000000,40.74759003,-40.07587399,1.58351111,map,37.56613566,126.97846129,0,40.74908135,-40.20765136,0.06005463,0.06000042,2.19691973,-0.00281137,-0.00800470,-0.00731772,0.01552762,-0.01740560,1.57604227,40.75150875,-40.08373051,1.57604227
10,43.92000000,40.73541148,-39.51877801,1.57992118,map,37.56613949,126.97846114,0,40.73757570,-39.78212388,0.12022933,0.12000043,2.19395304,-0.00386613,-0.01100775,-0.01172716,0.03771843,-0.07875016,1.57379326,40.74990335,-39.51291474,1.57379326
11,44.16000000,40.74667992,-38.97599200,1.57472564,map,37.56614359,126.97846124,0,40.74762315,-39.32670025,0.16042372,0.16000000,2.18868568,-0.00681758,-0.01941056,-0.02091756,-0.00788846,-0.07309540,1.57004324,40.75057065,-38.98688573,1.57004324
12,44.42000000,40.75687435,-38.40935782,1.55839610,map,37.56615146,126.97846127,0,40.75615148,-38.45306472,0.02000619,0.02000041,2.18575739,-0.00946979,-0.02695981,-0.02638216,0.03702201,-0.04382013,1.56323560,40.75527977,-38.41824722,1.56323560
13,44.66000000,40.76632663,-37.89905473,1.56492551,map,37.56615527,126.97846138,0,40.76528662,-38.03069939,0.06005410,0.06000000,2.19433900,-0.00478926,-0.01363543,-0.01339180,0.03169968,0.00030311,1.55852910,40.76231412,-37.89248612,1.55852910
14,44.92000000,40.77172217,-37.33914034,1.55892020,map,37.56615913,126.97846144,0,40.76845487,-37.60252450,0.12022987,0.12000045,2.19457419,0.00021991,0.00062670,0.00162585,0.06091286,0.03196674,1.55670380,40.77067831,-37.32176915,1.55670380
15,45.16000000,40.77043055,-36.80667287,1.56313235,map,37.56616313,126.97846142,0,40.76791197,-37.15804700,0.16042562,0.16000002,2.19554206,0.00301876,0.00860179,0.00873460,0.01826539,0.01389987,1.55811572,40.77730823,-36.79477627,1.55811572
16,45.42000000,40.77809707,-36.22043611,1.56318305,map,37.56617118,126.97846155,0,40.77785177,-36.26431065,0.02000622,0.02000041,2.19372395,0.00474287,0.01349849,0.01468664,-0.03526321,0.05341605,1.56099753,40.78276140,-36.22429318,1.56099753
17,45.66000000,40.78551834,-35.70050190,1.56328979,map,37.56617508,126.97846163,0,40.78476560,-35.83218278,0.06005438,0.06000041,2.19469713,0.00483932,0.01377831,0.01387992,0.00377563,0.02992119,1.56452582,40.78571398,-35.69798580,1.56452582
18,45.88000000,40.77619907,-35.19391128,1.56959935,map,37.56617925,126.97846153,0,40.77634472,-35.36910199,0.08009774,0.08000041,2.18970502,0.00616682,0.01755746,0.01740031,-0.02298529,0.01897078,1.56792002,40.78675780,-35.21566645,1.56792002
19,46.12000000,40.76963504,-34.68114341,1.57770264,map,37.56618308,126.97846150,0,40.77175076,-34.94452409,0.12022976,0.12000002,2.19747515,0.00215173,0.00612659,0.00553467,0.00822197,0.00973901,1.57091524,40.78626167,-34.68913395,1.57091524
20,46.36000000,40.79653312,-34.17723694,1.56570820,map,37.56618682,126.97846178,0,40.79489627,-34.52884803,0.16042515,0.16000042,2.19698896,0.00225093,0.00640923,0.00722324,-0.01266082,0.00154919,1.57213577,40.78546057,-34.16167549,1.57213577
21,46.58000000,40.78423459,-33.67623647,1.56540173,map,37.56619094,126.97846160,0,40.78231273,-34.07136894,0.18054849,0.18000001,2.19543342,0.00337034,0.00959655,0.00956981,-0.02323175,0.04197576,1.57408107,40.78367301,-33.67870727,1.57408107
22,46.82000000,40.78274851,-33.14835804,1.57204057,map,37.56619886,126.97846163,0,40.78287026,-33.19225012,0.02000582,0.02000000,2.19452539,0.00372252,0.01064731,0.01178484,-0.11871994,0.06456794,1.57647181,40.78047224,-33.15174975,1.57647181
23,47.06000000,40.76051210,-32.59608498,1.58408295,map,37.56620305,126.97846140,0,40.76257997,-32.72748201,0.06005406,0.06000001,2.19028257,0.00669342,0.01905679,0.01886133,0.03748739,0.07126544,1.58054324,40.77504101,-32.62614261,1.58054324
24,47.32000000,40.76386584,-32.06574908,1.58775437,map,37.56620664,126.97846151,0,40.76882775,-32.32870995,0.12022997,0.12000008,2.19218091,0.00682886,0.01944289,0.01950728,0.00287677,0.05534457,1.58551313,40.76630561,-32.05647662,1.58551313
25,47.56000000,40.76122773,-31.53885825,1.58178343,map,37.56621060,126.97846148,0,40.76559451,-31.88965483,0.16042549,0.16000007,2.19027184,0.00656665,0.01869603,0.01931803,-0.01341063,0.02151575,1.58989262,40.75584630,-31.53040144,1.58989262
26,47.82000000,40.74553976,-30.95566812,1.59059298,map,37.56621862,126.97846126,0,40.74653526,-30.99949908,0.02000579,0.02000000,2.19222300,0.00646977,0.01842017,0.01803413,0.01935470,0.03877069,1.59490063,40.74175572,-30.96091852,1.59490063
27,48.06000000,40.72416890,-30.43781800,1.59652643,map,37.56622250,126.97846106,0,40.72788169,-30.56926235,0.06005405,0.06000004,2.19162287,0.00690189,0.01965739,0.01956644,-0.00219907,0.01851640,1.59950002,40.72624880,-30.43508681,1.59950002
28,48.32000000,40.71172611,-29.86892674,1.60120856,map,37.56622644,126.97846099,0,40.72024713,-30.13167612,0.12022953,0.12000024,2.19107093,0.00696141,0.01980851,0.01923580,0.00913889,0.02258473,1.60464187,40.70661154,-29.86582915,1.60464187
29,48.56000000,40.69147249,-29.35191180,1.60315528,map,37.56623031,126.97846081,0,40.70332286,-29.70260565,0.16042522,0.16000049,2.19355637,0.00588669,0.01674096,0.01639359,0.02086028,0.04603984,1.60890869,40.68613068,-29.33993251,1.60890869
30,48.82000000,40.64944429,-28.75892347,1.61429416,map,37.56623841,126.97846022,0,40.65137767,-28.80278093,0.02000581,0.02000001,2.19303228,0.00107415,0.00305799,0.00089089,0.04862072,-0.03919296,1.61182272,40.66234756,-28.76994357,1.61182272
31,49.06000000,40.64580506,-28.21950859,1.61276051,map,37.56624249,126.97846024,0,40.65108343,-28.35072162,0.06005391,0.06000009,2.18883254,-0.00537097,-0.01529156,-0.01567059,0.03461454,-0.02232624,1.60993441,40.64174333,-28.24422440,1.60993441
32,49.32000000,40.63745905,-27.69419620,1.59544176,map,37.56624603,126.97846015,0,40.64343946,-27.95712736,0.12022994,0.12000012,2.19174447,-0.00688119,-0.01959185,-0.01962543,-0.20917206,-0.06252742,1.60509508,40.62251329,-27.67491296,1.60509508
33,49.56000000,40.61156547,-27.14096274,1.59741464,map,37.56625023,126.97845984,0,40.62027619,-27.49129667,0.16042439,0.16000026,2.18929700,-0.00801061,-0.02280637,-0.02309614,-0.00640771,-0.04536906,1.59982011,40.60772011,-27.14949564,1.59982011
34,49.82000000,40.58855112,-26.57028792,1.60140391,map,37.56625813,126.97845951,0,40.58977617,-26.61411605,0.02000623,0.02000042,2.19228600,-0.00604203,-0.01720224,-0.01431745,-0.05219676,0.05069253,1.59421690,40.59486117,-26.58030313,1.59421690
35,50.06000000,40.58466138,-26.04330828,1.59682733,map,37.56626209,126.97845950,0,40.58836666,-26.17449182,0.06005373,0.06000004,2.18731665,0.00695369,0.01979705,0.02077428,0.03426059,0.07495276,1.59584207,40.58192910,-26.05465894,1.59584207
36,50.32000000,40.56451119,-25.48445002,1.59934889,map,37.56626595,126.97845932,0,40.57268153,-25.74703771,0.12022910,0.12000022,2.18932901,0.00913236,0.02600607,0.02591611,-0.01589465,0.07127066,1.60224368,40.56363545,-25.48586301,1.60224368
37,50.56000000,40.52508976,-24.98351295,1.61503682,map,37.56626967,126.97845897,0,40.54125249,-25.33338939,0.16042317,0.16000091,2.18190412,0.00723321,0.02060211,0.01980419,-0.23206312,0.03205081,1.60780617,40.54361796,-24.96119984,1.60780617
38,50.82000000,40.53020941,-24.39733286,1.60594771,map,37.56627774,126.97845893,0,40.53175776,-24.43836977,0.02000509,0.02000001,2.04648307,0.00550146,0.01563807,0.01540839,-0.62453827,0.00262097,1.61185821,40.52085365,-24.41548371,1.61185821
39,51.12000000,40.49722512,-23.82411209,1.59637437,map,37.56628122,126.97845854,0,40.50251133,-24.05201312,0.12017259,0.12000009,1.86484631,-0.00690709,-0.01959257,-0.01691162,-0.20513863,0.03501749,1.60974254,40.49766933,-23.83427694,1.60974254
40,51.42000000,40.46263760,-23.30394502,1.61988233,map,37.56628765,126.97845814,0,40.46481109,-23.33803060,0.02000351,0.02000002,1.70729490,0.02591250,0.07337131,0.07338782,-0.01703725,0.09653467,1.62082053,40.47160484,-23.30323560,1.62082053
41,51.76000000,40.44041947,-22.76583127,1.62584421,map,37.56629055,126.97845806,0,40.45427693,-23.01656403,0.16021702,0.16000067,1.52423930,0.00323964,0.00915449,0.00667759,-0.15216144,-0.03474695,1.62925567,40.43781654,-22.75825525,1.62925567
42,52.12000000,40.43255893,-22.24843022,1.61190675,map,37.56629601,126.97845787,0,40.43842394,-22.41037785,0.12008724,0.12000011,1.31885079,-0.01003102,-0.02827860,-0.02928202,0.00938674,-0.06636874,1.62361380,40.41123056,-22.25404995,1.62361380
43,52.56000000,40.40259687,-21.74030548,1.59454639,map,37.56630043,126.97845742,0,40.40553919,-21.91971966,0.16011271,0.16000003,1.07956508,-0.01126435,-0.03168051,-0.03178429,-0.01365081,-0.02190989,1.61011094,40.39193181,-21.73386446,1.61011094
44,53.12000000,40.38434599,-21.22689797,1.59926462,map,37.56630581,126.97845722,0,40.38609372,-21.32241064,0.12003059,0.12000042,0.76067644,-0.00922839,-0.02591643,-0.02602411,0.01659845,-0.02019201,1.59415560,40.38157021,-21.22360944,1.59415560
45,54.16000000,40.38053037,-20.71886856,1.57706574,map,37.56631090,126.97845709,0,40.38022919,-20.75737213,0.16001097,0.16000000,0.20270693,-0.00313743,-0.00873502,-0.00836073,-2.80743509,0.04848770,1.57523865,40.38137886,-20.73278548,1.57523865
46,63.62000000,40.36947288,-20.17146731,1.59623769,map,37.56631600,126.97845702,0,40.37030719,-20.19218240,0.02004280,0.02000007,1.05281913,0.01605921,0.04513719,0.04538495,0.00769425,0.05925707,1.59602049,40.36606627,-20.17744900,1.59602049
47,64.02000000,40.34069726,-19.65652888,1.62062197,map,37.56632055,126.97845679,0,40.34270699,-19.68694900,0.02000441,0.02000002,1.51979785,0.02559556,0.07232039,0.07367147,0.83948039,0.14307856,1.61987506,40.33826858,-19.65659161,1.61987506
48,64.32000000,40.29946003,-19.15720347,1.63429217,map,37.56632341,126.97845649,0,40.31502997,-19.36970806,0.12017567,0.12000095,1.83766569,0.02191985,0.06215731,0.06021220,0.00351504,0.08015044,1.64123642,40.29986042,-19.14840982,1.64123642
49,64.58000000,40.27600726,-18.62941539,1.63974718,map,37.56632683,126.97845636,0,40.30224838,-18.99027139,0.18048571,0.18000257,2.10009340,0.00838341,0.02384321,0.02094466,2.55880088,-0.00385792,1.65196033,40.25635503,-18.63279129,1.65196033
50,64.82000000,40.21429109,-18.12101925,1.65362329,map,37.56633427,126.97845541,0,40.21791268,-18.16479034,0.02000584,0.02000004,2.19503057,-0.00093152,-0.00265256,-0.00378994,-0.22924732,-0.05293056,1.65330993,40.21268038,-18.10926401,1.65330993
51,65.06000000,40.17487646,-17.59061761,1.65135546,map,37.56633826,126.97845507,0,40.18521023,-17.72171829,0.06005398,0.06000034,2.19083409,-0.00576549,-0.01641513,-0.01738536,0.00543350,-0.02893084,1.65090470,40.17062798,-17.58451810,1.65090470
52,65.32000000,40.12023627,-17.01024694,1.64817688,map,37.56634231,126.97845455,0,40.13979000,-17.27181238,0.12022777,0.12000127,2.18422414,-0.01036824,-0.02951725,-0.02918089,-0.03152682,-0.04180994,1.64441025,40.12911040,-17.01739219,1.64441025
53,65.56000000,40.09013809,-16.48404648,1.64383827,map,37.56634627,126.97845426,0,40.11492721,-16.83268190,0.16042041,0.16000212,2.18392206,-0.00436461,-0.02388937,-0.02377107,-1.80034942,-1.61801933,1.63818530,40.09418474,-16.49410625,1.63818530
54,65.82000000,40.05118748,-15.94384080,1.64010939,map,37.56635389,126.97845355,0,40.05405484,-15.98726258,0.02000570,0.02000003,2.17575691,-0.00548855,-0.02076664,-0.02141604,0.14478547,-0.05322173,1.63225666,40.05970019,-15.92955558,1.63225666
55,66.06000000,40.03700907,-15.43573382,1.62650647,map,37.56635768,126.97845343,0,40.04400284,-15.56592517,0.06005308,0.06000015,2.17827918,-0.00632576,-0.01695961,-0.01682593,0.73843611,-0.17133444,1.62786868,40.03030242,-15.40884690,1.62786868
56,66.32000000,39.98449525,-14.87795348,1.62784478,map,37.56636153,126.97845289,0,39.99890909,-15.13827033,0.12022538,0.12000069,2.17570364,-0.00696080,-0.01935966,-0.01927049,0.37759291,-0.06248721,1.62306547,40.00090193,-14.84449685,1.62306547
57,66.56000000,39.96410557,-14.36692079,1.62992288,map,37.56636535,126.97845273,0,39.98425120,-14.71445368,0.16041606,0.16000180,2.17257615,-0.00701050,-0.01954569,-0.01972748,0.53623959,-0.08078914,1.61837734,39.97637350,-14.32355840,1.61837734
58,66.82000000,39.95341749,-13.82251410,1.60998091,map,37.56637300,126.97845236,0,39.95502398,-13.86602165,0.02000571,0.02000001,2.17412709,-0.00700582,-0.01959362,-0.01997477,0.64157810,-0.06231533,1.61327227,39.95262734,-13.75901212,1.61327227
59,67.06000000,39.94250812,-13.29202928,1.60749724,map,37.56637699,126.97845226,0,39.94714729,-13.42270441,0.06005346,0.06000007,2.17881944,-0.00593661,-0.02134749,-0.02231838,0.69829148,-0.08432278,1.60846701,39.93331911,-13.23788200,1.60846701
60,67.32000000,39.92985086,-12.74844697,1.59650034,map,37.56638071,126.97845212,0,39.93576752,-13.00919000,0.12022610,0.12000012,2.17436795,-0.01163753,-0.03448258,-0.03468066,0.95226866,0.01864008,1.60074599,39.91679286,-12.67457404,1.60074599
61,67.56000000,39.90568390,-12.23955746,1.59624294,map,37.56638452,126.97845184,0,39.91345603,-12.58703959,0.16041580,0.16000061,2.17363764,-0.01381373,-0.03635747,-0.03350591,-0.55858774,-0.93729825,1.59217211,39.90652672,-12.15537547,1.59217211
62,67.82000000,39.89655783,-11.68532461,1.58994276,map,37.56639225,126.97845165,0,39.89708971,-11.72891246,0.02000573,0.02000000,2.17902508,-0.01176226,-0.03376786,-0.03235003,1.06466749,-0.06115118,1.58245202,39.90077225,-11.59298570,1.58245202
63,68.06000000,39.89508897,-11.17169587,1.58603044,map,37.56639609,126.97845163,0,39.89691601,-11.30275717,0.06005377,0.06000001,2.18459830,-0.00140129,-0.00513584,0.00007702,1.85265046,-2.23862929,1.57777578,39.89784433,-11.07175737,1.57777578
64,68.32000000,39.89755181,-10.60713463,1.57984181,map,37.56639999,126.97845168,0,39.90042580,-10.86987768,0.12022957,0.12000003,2.18951550,0.00147075,0.00600841,0.00591969,1.10720335,-0.00250305,1.57906744,39.89316863,-10.50639633,1.57906744
65,68.56000000,39.89294099,-10.07283161,1.57817375,map,37.56640401,126.97845160,0,39.89484305,-10.42370091,0.16042577,0.16000001,2.19418891,-0.00068561,0.00064401,0.00049006,3.13164915,2.13764067,1.57967115,39.88842900,-9.98336957,1.57967115
66,68.82000000,39.89578422,-9.53488955,1.57515200,map,37.56641162,126.97845161,0,39.89599118,-9.57880923,0.02000583,0.02000000,2.19601455,0.00106759,0.00283605,0.00288717,1.19741611,0.00542568,1.58013185,39.88318681,-9.41663602,1.58013185
67,69.06000000,39.87781755,-9.01179891,1.58279348,map,37.56641554,126.97845140,0,39.87792967,-9.14369517,0.06005448,0.06000000,2.19625113,0.00110389,0.00344664,0.00299415,1.19374402,0.00228051,1.58144307,39.87761819,-8.89386937,1.58144307
68,69.32000000,39.86929593,-8.44115377,1.58823209,map,37.56641950,126.97845137,0,39.87399901,-8.70475450,0.12023110,0.12000007,2.19672718,0.00086882,0.00447529,0.00437489,1.21932934,-0.00031995,1.58240196,39.87101316,-8.32730587,1.58240196
69,69.56000000,39.86021863,-7.92517895,1.58639456,map,37.56642336,126.97845129,0,39.86568374,-8.27654163,0.16042693,0.16000010,2.19795034,0.00070448,0.00493224,0.00508298,0.84943605,-0.32498956,1.58343341,39.86431550,-7.80437335,1.58343341
70,69.82000000,39.86123594,-7.35574378,1.58022594,map,37.56643126,126.97845123,0,39.86169522,-7.39970648,0.02000584,0.02000000,2.19865010,0.00253741,0.00658622,0.00708420,1.21662805,0.00480215,1.58492260,39.85616346,-7.23772651,1.58492260
71,70.06000000,39.85914701,-6.80714125,1.58301434,map,37.56643541,126.97845122,0,39.86086541,-6.93904596,0.06005448,0.06000001,2.19790581,0.00360569,0.00658970,0.00389193,1.59967945,-2.70255266,1.58667267,39.84761821,-6.71459944,1.58667267
72,70.32000000,39.83232447,-6.25722069,1.59040686,map,37.56643917,126.97845096,0,39.83778974,-6.52094805,0.12023133,0.12000010,2.19838852,0.00330594,0.00920389,0.00920913,1.19970393,-0.00035434,1.58871274,39.83749753,-6.14750099,1.58871274
73,70.56000000,39.82454605,-5.72008953,1.59640649,map,37.56644322,126.97845093,0,39.83298584,-6.07175813,0.16042767,0.16000024,2.19669990,0.00218613,0.01457432,0.02997796,3.66647812,-4.37184357,1.59127479,39.82667151,-5.62383135,1.59127479
74,70.82000000,39.83152033,-5.17744105,1.58382930,map,37.56645088,126.97845092,0,39.83221296,-5.22139935,0.02000584,0.02000000,2.19929393,0.00438424,0.01235214,0.01291921,1.13947519,0.03188183,1.59418458,39.81327558,-5.05646776,1.59418458
75,71.06000000,39.79834457,-4.63238533,1.59405790,map,37.56645500,126.97845056,0,39.80161470,-4.76427007,0.06005447,0.06000003,2.20362995,0.00147930,0.01122239,0.00967480,1.81274783,2.38529637,1.59731113,39.79907359,-4.53240516,1.59731113
76,71.32000000,39.77254963,-4.06612101,1.60806069,map,37.56645891,126.97845037,0,39.78275854,-4.32995519,0.12023154,0.12000035,2.20531695,0.00198094,0.00783640,0.00812486,1.27203781,-0.20601291,1.59948521,39.78258560,-3.96326247,1.59948521
77,71.56000000,39.77231828,-3.53383550,1.60059260,map,37.56646291,126.97845040,0,39.78282526,-3.88609047,0.16042904,0.16000038,2.20442247,0.00229840,0.00475164,0.00385487,-0.24298412,1.12452326,1.60088423,39.76650856,-3.43714208,1.60088423
78,71.82000000,39.76057361,-2.96511520,1.59467786,map,37.56647082,126.97845011,0,39.76117056,-3.00893047,0.02000580,0.02000000,2.20113818,-0.00332180,-0.01222077,-0.01101214,0.90925031,-0.09708864,1.59937193,39.75004316,-2.86689897,1.59937193
79,72.06000000,39.73968699,-2.41671689,1.59688740,map,37.56647496,126.97844992,0,39.74370761,-2.54884617,0.06005467,0.06000005,2.20080864,-0.00455632,-0.01400522,-0.01189964,0.81153006,-0.01205282,1.59663277,39.73667121,-2.33974809,1.59663277
80,72.32000000,39.72309106,-1.84226273,1.59721376,map,37.56647895,126.97844976,0,39.72903862,-2.10666101,0.12023250,0.12000012,2.20723945,-0.00670439,-0.01567024,-0.01459067,0.68342813,-0.07152500,1.59266327,39.72431376,-1.76861491,1.59266327
81,72.56000000,39.70686886,-1.29782304,1.59595088,map,37.56648305,126.97844960,0,39.71439436,-1.65081403,0.16043083,0.16000020,2.20768457,-0.00820404,-0.01895994,-0.01856207,0.75745452,-0.19705361,1.58872811,39.71523188,-1.24039142,1.58872811
82,72.78000000,39.70451466,-0.79429731,1.58953685,map,37.56648720,126.97844956,0,39.71119130,-1.19099980,0.18055457,0.18000016,2.20199742,-0.00715445,-0.02061384,-0.01970451,0.49579966,-0.05468276,1.58425681,39.70921479,-0.75611510,1.58425681
83,73.02000000,39.71758663,-0.27502732,1.57548168,map,37.56649505,126.97844960,0,39.71767442,-0.31916625,0.02000589,0.02000000,2.20640011,-0.00848265,-0.01800107,-0.01723301,0.35912073,-0.07188663,1.58011926,39.70472745,-0.22668954,1.58011926
84,73.26000000,39.69520300,0.28069420,1.57789019,map,37.56649926,126.97844932,0,39.69582048,0.14814098,0.06005502,0.06000000,2.20998093,-0.00709401,-0.01986109,-0.02109467,-0.39967914,-0.05279537,1.57586563,39.70237332,0.30327232,1.57586563
85,73.48000000,39.71346173,0.78917724,1.57348921,map,37.56650345,126.97844953,0,39.71338482,0.61311379,0.08009911,0.08000041,2.20281534,-0.00930264,-0.02675159,-0.02776313,2.74553179,-0.18857447,1.57040151,39.70311830,0.78800037,1.57040151
86,73.72000000,39.70889221,1.31459373,1.56322642,map,37.56650739,126.97844944,0,39.70656884,1.04993891,0.12023230,0.12000002,2.20288509,-0.00801134,-0.02157390,-0.02170404,0.03374273,-0.05199485,1.56447428,39.70708546,1.31734279,1.56447428
87,73.96000000,39.70814608,1.85576003,1.56964337,map,37.56651147,126.97844943,0,39.70725427,1.50305535,0.16042819,0.16000042,2.20170627,0.00328887,0.01191966,0.01136238,0.31672142,0.16955626,1.56384244,39.71134639,1.84641557,1.56384244
88,74.22000000,39.71285241,2.42841985,1.56850383,map,37.56651941,126.97844953,0,39.71342729,2.38444749,0.02000582,0.02000000,2.20770421,0.00452546,0.01126699,0.01083992,-1.83240839,0.04221218,1.56710112,39.71329779,2.41945035,1.56710112
89,74.46000000,39.69154731,2.98157341,1.57731900,map,37.56652361,126.97844928,0,39.69261460,2.84996201,0.06005441,0.06000041,2.20637224,0.00489789,0.01279243,0.01302124,-0.23961589,0.04317828,1.56987997,39.71352618,2.94841587,1.56987997
90,74.72000000,39.72141851,3.56197755,1.57335930,map,37.56652764,126.97844964,0,39.72199334,3.29813905,0.12023074,0.12000000,2.19987637,0.00822938,0.01890512,0.01959594,-0.34243650,0.04271024,1.57378765,39.71162069,3.52056802,1.57378765
91,74.96000000,39.72777413,4.09652436,1.56177089,map,37.56653167,126.97844967,0,39.72548116,3.74481395,0.16042719,0.16000002,2.19830404,0.01091845,0.01793614,0.02303404,-0.01388049,-0.60118995,1.57874975,39.70680377,4.04787909,1.57874975
92,75.22000000,39.70071957,4.67262842,1.58379722,map,37.56653963,126.97844939,0,39.70137863,4.62855405,0.02000587,0.02000000,2.19978047,0.00493975,0.01390108,0.01250083,-0.47081320,-0.01763758,1.58349435,39.69902513,4.61926792,1.58349435
93,75.46000000,39.70564053,5.20113729,1.58204768,map,37.56654360,126.97844949,0,39.70722458,5.06893614,0.06005472,0.06000001,2.20361681,0.00230972,0.00721084,0.00663985,-0.49526685,0.02493374,1.58559653,39.69093205,5.14740690,1.58559653
94,75.72000000,39.68391758,5.77134094,1.58417660,map,37.56654754,126.97844926,0,39.68794400,5.50667090,0.12023301,0.12000006,2.20541081,0.00203475,0.00523798,0.00536228,2.53335394,-0.64407323,1.58752569,39.68136640,5.71966791,1.58752569
95,75.96000000,39.67884882,6.29618801,1.58924422,map,37.56655148,126.97844925,0,39.68628620,5.94372554,0.16042961,0.16000019,2.20584501,0.00163256,0.00353781,0.00362263,-0.61548158,-0.73635123,1.58846223,39.67192790,6.24792022,1.58846223
96,76.22000000,39.65376903,6.88842903,1.59609570,map,37.56655959,126.97844891,0,39.65482175,6.84425882,0.02000589,0.02000000,2.20782771,-0.00021084,0.00210043,0.00088554,-0.22181780,-0.38034165,1.58912189,39.66148866,6.82010201,1.58912189
97,76.46000000,39.64745126,7.42449067,1.59318034,map,37.56656363,126.97844887,0,39.65036185,7.29214508,0.06005485,0.06000003,2.20568136,0.00036898,0.00059403,0.00073466,-0.69160572,0.03586695,1.58940704,39.65168197,7.34811354,1.58940704
98,76.72000000,39.64949662,7.97739710,1.58456029,map,37.56656742,126.97844889,0,39.65243486,7.71279121,0.12023291,0.12000003,2.20251580,-0.00237611,-0.00634128,-0.00586686,-0.73934817,0.01414114,1.58875321,39.64139630,7.91946824,1.58875321
99,76.96000000,39.63168194,8.52745110,1.58524739,map,37.56657159,126.97844868,0,39.63597388,8.17551733,0.16042825,0.16000006,2.19989880,-0.00352939,-0.01003158,-0.01049533,-0.78094001,-0.00798693,1.58681868,39.63315398,8.44598424,1.58681868
100,77.22000000,39.61423857,9.10025248,1.58973123,map,37.56657953,126.97844845,0,39.61498633,9.05646127,0.02000579,0.02000000,2.19911655,-0.00495198,-0.01416493,-0.01456226,-1.59033264,-0.02571621,1.58343393,39.62612904,9.01596624,1.58343393
101,77.46000000,39.61684974,9.60997504,1.58454142,map,37.56658332,126.97844849,0,39.61842008,9.47808380,0.06005447,0.06000001,2.19896058,-0.00383342,-0.01383331,-0.01423089,-1.11419852,3.32695107,1.57977402,39.62173375,9.54149802,1.57977402
102,77.68000000,39.61668274,10.11774104,1.57644058,map,37.56658750,126.97844846,0,39.61738087,9.94173227,0.08009899,0.08000000,2.20026622,-0.00495246,-0.00969195,-0.01138375,-0.85760983,-0.01756477,1.57720793,39.61919744,10.02360283,1.57720793
103,77.92000000,39.63049783,10.62130354,1.56741760,map,37.56659125,126.97844859,0,39.63016898,10.35776828,0.12023099,0.12000000,2.19694040,-0.00654059,-0.01362434,-0.01560857,-0.81132386,-0.03730919,1.57391327,39.61793531,10.54878250,1.57391327
104,78.16000000,39.62115845,11.16071250,1.56662629,map,37.56659532,126.97844844,0,39.61918671,10.80945072,0.16042665,0.16000001,2.19999515,-0.00388081,-0.01236323,-0.01203285,1.30724965,3.21614344,1.57037140,39.61855112,11.07360993,1.57037140
105,78.42000000,39.61129481,11.71389177,1.57368040,map,37.56660307,126.97844836,0,39.61140865,11.66988348,0.02000585,0.02000000,2.20134753,-0.00056799,-0.00215621,-0.00181809,-0.08624760,0.62505830,1.56880687,39.61997650,11.64318904,1.56880687
106,78.66000000,39.62261968,12.25129187,1.57219360,map,37.56660712,126.97844850,0,39.62282528,12.11927254,0.06005458,0.06000000,2.20000857,0.00090048,0.00138130,0.00172467,-0.14006340,-0.62364827,1.56876110,39.62109462,12.16901827,1.56876110
107,78.92000000,39.61823112,12.83396192,1.56912379,map,37.56661118,126.97844844,0,39.61760915,12.56920810,0.12023315,0.12000000,2.20234279,0.00046640,0.00079751,0.00129696,-0.91927842,0.01459493,1.56927044,39.62191050,12.73862810,1.56927044
108,79.16000000,39.61221918,13.35352555,1.57506356,map,37.56661507,126.97844838,0,39.61343320,13.00185527,0.16042760,0.16000001,2.19692162,0.00173159,0.00500503,0.00509257,-0.94056505,0.00131181,1.57003991,39.62229711,13.26406261,1.57003991
109,79.42000000,39.63334420,13.93331648,1.56173760,map,37.56662307,126.97844861,0,39.63293100,13.88931997,0.02000585,0.02000000,2.20031164,-0.00010350,-0.00051034,-0.00083135,-0.91339350,0.00978304,1.57053711,39.62236112,13.83327761,1.57053711
110,79.66000000,39.63244353,14.44783877,1.56365584,map,37.56662691,126.97844857,0,39.63152271,14.31598507,0.06005444,0.06000000,2.19776899,0.00084058,0.00236226,0.00262732,1.55484766,0.11323702,1.57067786,39.62244179,14.35873591,1.57067786
111,79.92000000,39.61813070,15.02408054,1.57370590,map,37.56663092,126.97844843,0,39.61888814,14.76031080,0.12023139,0.12000000,2.19794395,0.00006162,0.00022507,0.00068920,-0.91893411,0.01439089,1.57082226,39.62238291,14.92785661,1.57082226
112,80.16000000,39.61309703,15.54475289,1.57886948,map,37.56663482,126.97844843,0,39.61601919,15.19361866,0.16042629,0.16000003,2.19341479,0.00199555,0.00571097,0.00601901,-0.90468980,0.00442334,1.57158806,39.62195626,15.45256570,1.57158806
113,80.42000000,39.61370519,16.11418596,1.57208245,map,37.56664272,126.97844839,0,39.61392253,16.07040549,0.02000577,0.02000000,2.18848024,0.00857772,0.02437080,0.02580732,-0.88785418,0.10882215,1.57535560,39.61939438,16.01987549,1.57535560
114,80.66000000,39.61769945,16.62793695,1.58337029,map,37.56664657,126.97844848,0,39.61989889,16.49702630,0.06005361,0.06000002,2.18231549,0.01179042,0.03357987,0.03324849,-0.84793041,0.09193917,1.58266822,39.61258210,16.54215942,1.58266822
115,80.92000000,39.59722757,17.20060466,1.58770172,map,37.56665054,126.97844831,0,39.60234329,16.93809362,0.12022852,0.12000050,2.18976425,0.00817627,0.02325863,0.02231765,-0.82541217,0.04185036,1.59023168,39.60086465,17.10836419,1.59023168
116,81.16000000,39.58647825,17.70979076,1.59429592,map,37.56665433,126.97844823,0,39.59518001,17.35919813,0.16042391,0.16000026,2.19158366,0.00370502,0.01053949,0.01081216,-0.79865518,0.04562874,1.59392744,39.58822654,17.63249839,1.59392744
117,81.42000000,39.58181732,18.27628978,1.59116042,map,37.56666220,126.97844811,0,39.58275083,18.23239916,0.02000582,0.02000000,2.19390152,0.00164730,0.00420663,0.00382708,-0.77056084,-0.01006676,1.59567170,39.57383171,18.20112984,1.59567170
118,81.66000000,39.56277104,18.81193074,1.59035421,map,37.56666624,126.97844790,0,39.56542297,18.68041522,0.06005415,0.06000002,2.19332483,0.00226135,0.00496672,0.00436547,-1.24529486,-0.40996711,1.59663229,39.56015035,18.72606250,1.59663229
119,81.92000000,39.53850312,19.36389289,1.60050722,map,37.56667003,126.97844768,0,39.54643233,19.10078165,0.12023023,0.12000021,2.19450676,0.00138773,0.00340937,0.00318036,-0.69938316,0.48352518,1.59761661,39.54478307,19.29471757,1.59761661
120,82.16000000,39.52788028,19.87710516,1.60086464,map,37.56667386,126.97844762,0,39.53853040,19.52644762,0.16042516,0.16000039,2.19335617,0.00101760,0.00291570,0.00270799,-0.66327224,0.05034303,1.59828234,39.53024398,19.81958209,1.59828234
121,82.42000000,39.51507421,20.43737592,1.59567573,map,37.56668167,126.97844735,0,39.51618251,20.39356088,0.02000580,0.02000000,2.19277264,0.00121724,0.00347170,0.00321833,-0.59051345,0.02232707,1.59925268,39.51393526,20.38823607,1.59925268
122,82.66000000,39.49336095,20.97160558,1.60377316,map,37.56668570,126.97844715,0,39.49790738,20.84016265,0.06005410,0.06000007,2.19015765,0.00115923,0.00328603,0.00340313,-0.53829475,0.05406995,1.60005306,39.49844022,20.91323344,1.60005306
123,82.92000000,39.48519788,21.52147835,1.60072134,map,37.56668947,126.97844712,0,39.49318750,21.25856427,0.12022991,0.12000021,2.18955478,0.00117037,0.00330799,0.00340368,-0.44418618,0.06332096,1.60090884,39.48117855,21.48211551,1.60090884
124,83.16000000,39.47412673,22.05240495,1.59633782,map,37.56669347,126.97844699,0,39.48315484,21.70242621,0.16042356,0.16000028,2.18646860,0.00450869,0.01037208,0.01122569,-0.37125320,0.04866077,1.60243507,39.46444043,22.00672590,1.60243507
125,83.42000000,39.45449617,22.60478103,1.60003618,map,37.56670120,126.97844667,0,39.45588357,22.56111583,0.02000576,0.02000001,2.18403816,0.00648877,0.01698243,0.01708011,-0.33658204,0.06244908,1.60629956,39.44402139,22.57387721,1.60629956
126,83.66000000,39.42568294,23.11063425,1.61247812,map,37.56670498,126.97844641,0,39.43150511,22.98013047,0.06005365,0.06000051,2.18169995,0.00816188,0.02277578,0.02376293,0.43410449,-0.75647642,1.61113361,39.42248152,23.09691298,1.61113361
127,83.88000000,39.40070282,23.62613921,1.61867206,map,37.56670923,126.97844620,0,39.40990587,23.45212611,0.08009647,0.08000027,2.17190486,0.00867658,0.03121681,0.03348859,0.37397464,0.49092553,1.61694856,39.39975241,23.57554819,1.61694856
128,84.16000000,39.35264962,24.19773338,1.63482890,map,37.56671285,126.97844585,0,39.37675849,23.85333489,0.16040963,0.16000204,2.14978963,0.02747797,0.07915532,0.08265969,-0.01470836,0.23740029,1.63211637,39.36245212,24.17897138,1.63211637
129,84.42000000,39.31164535,24.74635494,1.64911066,map,37.56672052,126.97844524,0,39.31593317,24.70404981,0.02000541,0.02000006,2.12452705,0.05088029,0.14143328,0.14500288,0.03525819,0.40067703,1.66197109,39.31021167,24.73132882,1.66197109
130,84.68000000,39.25114069,25.28058846,1.68546871,map,37.56672421,126.97844482,0,39.27414426,25.11291788,0.08008982,0.08000170,2.11391676,0.06195247,0.17597418,0.17778184,1.23555391,0.46422469,1.70428844,39.23387931,25.27669357,1.70428844
131,84.92000000,39.16333649,25.77471081,1.72340884,map,37.56672792,126.97844415,0,39.20733243,25.52408689,0.12020835,0.12000687,2.11707432,0.07246477,0.20614118,0.20628980,0.01273911,0.44170804,1.75117342,39.13837606,25.77577799,1.75117342
132,85.16000000,39.04310100,26.28330286,1.76918461,map,37.56673179,126.97844319,0,39.11520128,25.95273891,0.16037702,0.16001800,2.12966568,0.05207283,0.14815235,0.13997924,0.23500109,0.12704156,1.79541376,39.02025906,26.26917989,1.79541376
133,85.42000000,38.86908013,26.81535308,1.81085529,map,37.56673921,126.97844066,0,38.87994330,26.77341545,0.02000531,0.02000036,2.16630137,0.03076580,0.08756796,0.08649669,0.00228445,0.18401812,1.82236450,38.87797291,26.81214315,1.82236450
134,85.66000000,38.74621538,27.32746654,1.83675083,map,37.56674310,126.97843963,0,38.78173757,27.20324604,0.06004832,0.06000395,2.14800326,0.03510530,0.09989990,0.10338115,0.05202785,0.25922513,1.84373010,38.73645343,27.31073848,1.84373010
135,85.92000000,38.58718257,27.85731981,1.85132364,map,37.56674679,126.97843834,0,38.66172272,27.61145205,0.12020104,0.12001852,2.13873881,0.05230042,0.15214964,0.15504975,-0.16647046,0.43161329,1.87683709,38.56696740,27.84110417,1.87683709
136,86.18000000,38.39589038,28.36286397,1.90020694,map,37.56675033,126.97843680,0,38.52401217,28.00403395,0.18045332,0.18005809,2.10571178,0.06937001,0.19731014,0.19879052,-1.54631156,0.44309477,1.92366348,38.37355308,28.35706215,1.92366348
137,86.42000000,38.17274306,28.81357002,1.95572600,map,37.56675734,126.97843324,0,38.18983861,28.77538549,0.02000441,0.02000088,2.09026424,0.08081769,0.23224091,0.23485413,0.19966374,0.54750632,1.97535382,38.17106844,28.81731002,1.97535382
138,86.66000000,37.94485344,29.26384890,2.01588140,map,37.56676079,126.97843125,0,38.00306895,29.15308674,0.06003875,0.06001103,2.07581050,0.10033376,0.28172219,0.28621186,-0.46689008,0.65078076,2.03849460,37.93934991,29.26301501,2.03849460
139,86.96000000,37.64696403,29.75755645,2.09375403,map,37.56676409,126.97842907,0,37.79818524,29.51333780,0.14021201,0.14008156,2.05184221,0.10947149,0.31172275,0.31156749,0.03527599,0.63593505,2.12982687,37.60892779,29.78372408,2.12982687
140,87.22000000,37.30035895,30.22389553,2.16359050,map,37.56677030,126.97842394,0,37.32518035,30.19052798,0.02000335,0.02000185,2.07777711,0.10296980,0.29246175,0.28954212,0.03396861,0.55669295,2.20889325,37.28320470,30.21138830,2.20889325
141,87.48000000,36.94228705,30.62077827,2.23540770,map,37.56677309,126.97842093,0,37.04949239,30.49339279,0.08005208,0.08003702,2.08204942,0.08926153,0.25105051,0.25067071,-0.44963573,0.92294863,2.27815507,36.92717969,30.61756578,2.27815507
142,87.72000000,36.58873854,30.98580306,2.30340229,map,37.56677596,126.97841777,0,36.76106247,30.80439301,0.12010902,0.12009855,2.08311824,0.08769183,0.25545444,0.25718426,-0.03046822,0.53264828,2.33927243,36.57466507,30.97320970,2.33927243
143,87.98000000,36.19092640,31.34640336,2.36631500,map,37.56677860,126.97841452,0,36.46393275,31.08950546,0.18023185,0.18026287,2.07882858,0.08896115,0.25147029,0.25001789,0.92999727,0.07696791,2.40562860,36.16941149,31.33269055,2.40562860
144,88.22000000,35.76668993,31.66344041,2.42657861,map,37.56678368,126.97840717,0,35.79944438,31.63706049,0.02000251,0.02000366,2.10067003,0.08214256,0.23760907,0.23720710,-0.13826870,0.51322362,2.46390541,35.77391766,31.64276217,2.46390541
145,88.48000000,35.33817294,31.97932858,2.47909548,map,37.56678593,126.97840357,0,35.47402959,31.87891907,0.08003237,0.08005902,2.10812900,0.06901029,0.19531905,0.19444810,0.02343387,0.38192695,2.51927566,35.32624517,31.95796140,2.51927566
146,88.72000000,34.90385209,32.26032137,2.52622151,map,37.56678815,126.97839955,0,35.11420809,32.11802800,0.12006704,0.12014674,2.11902451,0.06729286,0.19143130,0.19127153,0.11045263,0.38011135,2.56506975,34.89834617,32.23044982,2.56506975
147,88.96000000,34.45607834,32.50178122,2.58220144,map,37.56679009,126.97839544,0,34.74609545,32.32655246,0.16010586,0.16029067,2.11632981,0.06360753,0.18399843,0.18490738,0.01652764,0.40009655,2.61013722,34.45762970,32.48428614,2.61013722
148,89.22000000,33.97148316,32.73593210,2.63291895,map,37.56679376,126.97838722,0,34.00915060,32.71618604,0.02000118,0.02000429,2.12420195,0.06031089,0.16921745,0.16946829,0.03869949,0.32674774,2.65600341,33.96862791,32.73799723,2.65600341
149,89.48000000,33.50478220,32.95850801,2.67682146,map,37.56679553,126.97838287,0,33.62019773,32.90383189,0.06000988,0.06004404,2.12426586,0.05766144,0.16790475,0.16420187,-0.15379784,0.33563191,2.69993110,33.46649151,32.97170763,2.69993110
150,89.72000000,33.03264812,33.16648134,2.70981149,map,37.56679717,126.97837846,0,33.22756289,33.08077801,0.10002533,0.10013112,2.13000521,0.05218187,0.14808195,0.14646128,0.24400446,0.32697029,2.73714044,32.99509211,33.16925189,2.73714044
151,90.02000000,32.51142813,33.35449670,2.75963020,map,37.56679999,126.97836954,0,32.83139942,33.23006449,0.16004033,0.16026228,2.14543793,0.04815385,0.13843400,0.13983248,-0.01336771,0.34723956,2.77932365,32.39357918,33.39546301,2.77932365
152,90.26000000,31.97199263,33.56039828,2.78495403,map,37.56680139,126.97836524,0,32.05224122,33.53262064,0.04000252,0.04002104,2.12290456,0.05694009,0.16198766,0.16252287,-0.04020573,0.34675356,2.81610313,31.90826767,33.55581352,2.81610313
153,90.52000000,31.42778180,33.71592396,2.82383276,map,37.56680255,126.97836051,0,31.63170112,33.65311273,0.10001363,0.10014385,2.13519380,0.05824972,0.16573742,0.16524262,0.31539454,0.35118709,2.85884656,31.37554108,33.70705774,2.85884656
154,90.76000000,30.91681458,33.80724335,2.88178882,map,37.56680339,126.97835573,0,31.20589243,33.73518105,0.14001859,0.14030009,2.12196798,0.05743022,0.16361806,0.16373266,-0.14051593,0.33277168,2.89839412,30.87842663,33.82637609,2.89839412
155,91.02000000,30.34162332,33.94383109,2.90846722,map,37.56680529,126.97834645,0,30.38336873,33.93499945,0.02000024,0.02000527,2.13378157,0.05597248,0.15925485,0.15826079,0.17941803,0.31391993,2.94058222,30.33596519,33.93339356,2.94058222
156,91.28000000,29.83243850,34.01715746,2.95820203,map,37.56680592,126.97834167,0,29.95888763,33.99637308,0.06000143,0.06005286,2.13409153,0.05339785,0.15193114,0.15198546,-0.17723014,0.33781367,2.98062827,29.78657045,34.01939840,2.98062827
157,91.52000000,29.28593759,34.08072751,2.99991604,map,37.56680644,126.97833693,0,29.53978729,34.04853971,0.12000342,0.12021380,2.13505266,0.05129985,0.14568483,0.14475056,0.06100987,0.27525744,3.01635886,29.27865591,34.07964958,3.01635886
158,91.78000000,28.76015433,34.12154961,3.03591538,map,37.56680689,126.97833200,0,29.10283272,34.08893871,0.16000387,0.16042926,2.15756227,0.03874762,0.11027552,0.10757877,0.05576229,0.16790643,3.04987755,28.72206694,34.12774944,3.04987755
159,92.02000000,28.19307392,34.14354138,3.06137894,map,37.56680742,126.97832220,0,28.23628287,34.14057025,0.02000003,0.02000564,2.16550406,0.02630704,0.07467963,0.07309895,0.04155843,0.10559867,3.07110466,28.20467801,34.16185986,3.07110466
160,92.26000000,27.68765755,34.20494629,3.07219266,map,37.56680797,126.97831747,0,27.81804355,34.19689839,0.06000020,0.06005324,2.17802334,0.02005796,0.05709809,0.05599368,-0.02300890,0.09285018,3.08644611,27.68376932,34.18897384,3.08644611
161,92.52000000,27.16889507,34.22830141,3.07322180,map,37.56680813,126.97831259,0,27.38631210,34.21458001,0.10000065,0.10016234,2.17831005,0.01604411,0.04567215,0.04448943,0.03463793,0.07950438,3.09953965,27.11770440,34.21171105,3.09953965
162,92.76000000,26.60006447,34.22283679,3.10223007,map,37.56680810,126.97830764,0,26.94919660,34.21018506,0.16000055,0.16042043,2.18688721,0.01166752,0.03321672,0.03234046,0.03245436,0.05378162,3.10877926,26.59405455,34.22790089,3.10877926
163,93.02000000,26.05851161,34.24779859,3.10443925,map,37.56680850,126.97829760,0,26.49604605,34.23293488,0.20000037,0.20046820,2.18748326,0.00989798,0.02817910,0.02916057,-0.10406312,0.06003479,3.11619159,26.02516839,34.24178252,3.11619159
164,93.26000000,25.53890099,34.26004169,3.11768599,map,37.56680852,126.97829272,0,26.06200592,34.24775864,0.24000046,0.24067814,2.17844243,0.01531863,0.04368983,0.04489538,-0.19303713,0.11463257,3.12508041,25.50208145,34.24976330,3.12508041
165,93.56000000,24.99094776,34.24487814,3.13686748,map,37.56680853,126.97828795,0,25.20910119,34.24495456,0.10000000,0.10018358,2.18285827,0.01447453,0.04120234,0.03912460,0.03882694,0.06057815,3.13897478,24.84790599,34.25101471,3.13897478
166,93.82000000,24.41565178,34.27810434,3.13053540,map,37.56680864,126.97827792,0,24.76576347,34.27506631,0.16000043,0.16031690,2.19135608,0.00686586,0.01954269,0.01829225,0.02694582,0.02130873,-3.13698959,24.27923681,34.24762644,-3.13698959
167,94.06000000,23.88446639,34.25614067,-3.13951425,map,37.56680867,126.97827279,0,24.32323380,34.25699572,0.20000042,0.20050144,2.19427799,0.00522451,0.01486651,0.01455000,-0.02959010,0.01678255,-3.13322205,23.75274783,34.24284653,-3.13322205
168,94.32000000,23.31843992,34.22868291,-3.12785229,map,37.56680845,126.97826804,0,23.44995010,34.23072420,0.06000002,0.06006427,2.19120803,0.00495267,0.01410081,0.01444691,0.02410627,0.03971430,-3.12963478,23.18250532,34.23576868,-3.12963478
169,94.56000000,22.78423978,34.21594596,-3.11466896,map,37.56680840,126.97826297,0,23.00278292,34.22247318,0.10000017,0.10018401,2.18464602,0.01237100,0.03521893,0.04048303,-0.12419257,0.18892206,-3.12404120,22.65740517,34.22628835,-3.12404120
170,94.82000000,22.22935610,34.20339475,-3.10422052,map,37.56680816,126.97825328,0,22.57347782,34.21895163,0.16000068,0.16030394,2.13611027,0.04244369,0.12076576,0.12447352,-0.15387079,0.31397109,-3.10155498,22.09667596,34.20326278,-3.10155498
171,95.06000000,21.72269971,34.16454978,-3.08787877,map,37.56680826,126.97824831,0,22.14620375,34.19211617,0.20000274,0.20046736,2.12051013,0.06196498,0.17841829,0.18281544,0.33851968,0.46547795,-3.06497111,21.58893532,34.16125029,-3.06497111
172,95.32000000,21.16998567,34.10061176,-3.03830665,map,37.56680760,126.97824364,0,21.29528579,34.11732849,0.06000104,0.06005852,2.09730001,0.07760455,0.22010586,0.22255276,-0.27762586,0.66130914,-3.01147832,21.04422165,34.08614813,-3.01147832
173,95.56000000,20.66235693,33.98966891,-2.96502754,map,37.56680696,126.97823877,0,20.86736068,34.03192514,0.10000691,0.10016212,2.09516329,0.07920255,0.22743952,0.22806251,-0.00824469,0.46193336,-2.95721416,20.55143272,33.98853762,-2.95721416
174,95.82000000,20.14286521,33.86937752,-2.92523795,map,37.56680557,126.97822956,0,20.47083656,33.94900859,0.16001792,0.16027590,2.10438305,0.08207222,0.23063365,0.23178076,-0.24202227,0.95188681,-2.89749716,20.02125278,33.85148392,-2.89749716
175,96.06000000,19.65444046,33.74611851,-2.88155048,map,37.56680460,126.97822504,0,20.05695113,33.86072185,0.20003612,0.20042183,2.08800679,0.08175675,0.23249680,0.23251726,-0.03505919,0.49145580,-2.84203129,19.54305901,33.69761145,-2.84203129
176,96.32000000,19.14962254,33.55960952,-2.81969698,map,37.56680339,126.97822058,0,19.26778611,33.60327068,0.06000707,0.06005172,2.10535854,0.08142522,0.23421806,0.23382535,0.16380700,0.48264454,-2.78121501,19.03465465,33.50075634,-2.78121501
177,96.52000000,18.68097402,33.35602159,-2.76960159,map,37.56680200,126.97821608,0,18.87408822,33.43768691,0.10002304,0.10012865,2.09269397,0.08124594,0.22661747,0.22630301,-0.13321821,-0.21443042,-2.73539152,18.65164302,33.32847531,-2.73539152
178,96.76000000,18.23310116,33.12399466,-2.71039510,map,37.56680043,126.97821175,0,18.49641458,33.25243647,0.14005890,0.14024690,2.08984388,0.08134314,0.23155689,0.23319017,-0.10661639,0.39539394,-2.68014899,18.20462042,33.09967358,-2.68014899
179,97.06000000,17.76951062,32.86030152,-2.64291840,map,37.56679698,126.97820343,0,18.13460171,33.06689581,0.20011216,0.20034725,2.08579607,0.08400546,0.23675972,0.23796933,1.01237966,0.31326485,-2.60919508,17.66444267,32.77823750,-2.60919508
180,97.32000000,17.31222601,32.55167884,-2.58090375,map,37.56679502,126.97819935,0,17.41634102,32.62200539,0.06001832,0.06004014,2.09107188,0.08556461,0.24829215,0.24804141,-0.09256352,0.51113547,-2.54638129,17.21729136,32.46915631,-2.54638129
181,97.58000000,16.88557611,32.22747777,-2.51805149,map,37.56679292,126.97819553,0,17.08535723,32.37937311,0.12009041,0.12015614,2.09199863,0.08686614,0.24633652,0.24653378,0.15762398,0.49999166,-2.48192194,16.79097117,32.13201648,-2.48192194
182,97.82000000,16.50069152,31.89627735,-2.45261960,map,37.56678805,126.97818817,0,16.75423397,32.11423219,0.16012051,0.16016649,2.09305999,0.08554925,0.24156899,0.24388381,0.03313089,0.51861843,-2.42403135,16.41776292,31.79763477,-2.42403135
183,98.06000000,16.14747321,31.52949314,-2.39151934,map,37.56678563,126.97818483,0,16.44964722,31.81978509,0.20021961,0.20023874,2.09189502,0.08229229,0.24239197,0.24246497,-0.00065999,0.48693685,-2.36554963,16.06291559,31.44142929,-2.36554963
184,98.32000000,15.77056899,31.15113683,-2.34384319,map,37.56678298,126.97818129,0,15.85502151,31.24360908,0.06003189,0.06002659,2.08805999,0.08289018,0.23566750,0.23487276,0.24931061,0.35585742,-2.30394303,15.70299063,31.03401515,-2.30394303
185,98.56000000,15.46315255,30.73510114,-2.28120308,map,37.56677994,126.97817826,0,15.59567882,30.89807334,0.10010251,0.10006771,2.09703011,0.08407914,0.24167366,0.24188641,-0.09715978,0.50495074,-2.24655439,15.39251531,30.63739701,-2.24655439
186,98.82000000,15.15725662,30.29537694,-2.21278149,map,37.56677400,126.97817245,0,15.35140678,30.56739432,0.16019255,0.16009555,2.08603594,0.08412100,0.23911990,0.23950560,-0.11665027,0.58314714,-2.18374067,15.08403652,30.19014263,-2.18374067
187,99.06000000,14.86992524,29.87404907,-2.16759630,map,37.56677090,126.97816975,0,15.09931507,30.22496097,0.20032532,0.20013443,2.10397047,0.08531980,0.24049889,0.24158081,-1.56403544,0.45754003,-2.12625115,14.82409277,29.75963121,-2.12625115
188,99.32000000,14.63456594,29.38587954,-2.09248180,map,37.56676755,126.97816765,0,14.69339234,29.49658923,0.06004571,0.06001290,2.08362726,0.08451294,0.24177242,0.24076628,-1.02492082,0.45509856,-2.06310588,14.57073670,29.27688430,-2.06310588
189,99.56000000,14.38986437,28.94383144,-2.03609789,map,37.56676431,126.97816513,0,14.47815692,29.13322379,0.10013844,0.10003005,2.09203034,0.08721545,0.24751827,0.24818109,0.02906807,0.53040689,-2.00450572,14.36584357,28.81968796,-2.00450572
190,99.76000000,14.21470260,28.46698297,-1.99200095,map,37.56676080,126.97816331,0,14.32832679,28.73811039,0.14026416,0.14004625,2.09613867,0.08794438,0.25613931,0.25531500,-0.06067593,0.54714323,-1.95407298,14.21547572,28.42750491,-1.95407298
191,100.02000000,14.03838341,27.92222012,-1.92225986,map,37.56675388,126.97815994,0,14.05117751,27.96185680,0.02000475,0.02000050,2.08176731,0.08723310,0.24814580,0.24711515,-0.07173543,0.51292390,-1.88844725,14.05154229,27.91106908,-1.88844725
192,100.28000000,13.93185378,27.42820994,-1.85827005,map,37.56675022,126.97815881,0,13.96410674,27.55069850,0.06004999,0.06000346,2.11448026,0.07618495,0.21671612,0.21535891,0.90309699,0.58486232,-1.82776143,13.91790629,27.38090133,-1.82776143
193,100.52000000,13.83304596,26.93429875,-1.79929924,map,37.56674655,126.97815768,0,13.87593276,27.14077392,0.10014751,0.10000635,2.10408861,0.07099391,0.20192589,0.20167684,-0.09861325,0.41918361,-1.77855948,13.81832815,26.88371602,-1.77855948
194,100.76000000,13.71283178,26.41261190,-1.76605990,map,37.56674262,126.97815636,0,13.76449811,26.70355330,0.14030412,0.14000954,2.11548400,0.07247222,0.20615805,0.20739613,0.21547365,0.47734674,-1.72997151,13.74296376,26.38307168,-1.72997151
195,101.02000000,13.66194778,25.88626408,-1.70469397,map,37.56673528,126.97815524,0,13.71316006,26.30462524,0.20042717,0.20000731,2.09353372,0.08211826,0.23353887,0.23497207,-0.08752056,0.49647330,-1.67235937,13.69162427,25.83728250,-1.67235937
196,101.26000000,13.66743891,25.37472415,-1.64298280,map,37.56673145,126.97815495,0,13.67070051,25.45866079,0.04002304,0.04000004,2.10053444,0.07850595,0.22347754,0.22117237,0.07191969,0.43444799,-1.61680850,13.67447774,25.33528447,-1.61680850
197,101.52000000,13.67154508,24.83323113,-1.59057758,map,37.56672774,126.97815482,0,13.67106546,25.04597233,0.10015661,0.10000000,2.12765435,0.06257429,0.17799483,0.17464688,-0.31819316,0.26959755,-1.56480400,13.68254128,24.78400053,-1.56480400
198,101.76000000,13.68754150,24.32070113,-1.55859577,map,37.56672390,126.97815485,0,13.68023059,24.62053552,0.14032297,0.14000020,2.15606859,0.03325785,0.09465022,0.08681204,0.17501957,0.06653870,-1.53273499,13.70616453,24.27107475,-1.53273499
199,102.02000000,13.72771627,23.74566566,-1.53082685,map,37.56671600,126.97815537,0,13.70939632,24.18204044,0.20046404,0.20000059,2.19300853,0.00641106,0.01816852,0.01403760,0.06613983,-0.04890740,-1.52061249,13.73636472,23.70488893,-1.52061249
200,102.26000000,13.74295587,23.21949565,-1.53685761,map,37.56671206,126.97815544,0,13.74059533,23.30623965,0.04002458,0.04000002,2.15951257,-0.02006452,-0.05919296,-0.06833875,-0.37249595,-0.30215267,-1.52573837,13.76041244,23.18096876,-1.52573837
201,102.52000000,13.75687658,22.68527049,-1.55989370,map,37.56670840,126.97815567,0,13.75753319,22.90001678,0.10015946,0.10000000,2.13635247,-0.04623811,-0.13172764,-0.13321981,0.05665432,-0.36047801,-1.55416182,13.76833289,22.62218757,-1.55416182
202,102.76000000,13.75468222,22.16750458,-1.57829866,map,37.56670450,126.97815575,0,13.76053655,22.46703259,0.14032227,0.14000013,2.15594719,-0.03364614,-0.09581993,-0.08146502,0.41660402,0.14398587,-1.58449344,13.75777965,22.10937806,-1.58449344
203,103.02000000,13.74897641,21.55064250,-1.57450553,map,37.56669663,126.97815562,0,13.74873869,21.59374357,0.02000561,0.02000000,2.15595768,0.02208831,0.06323443,0.06639358,0.04622138,0.18840956,-1.58205706,13.74968709,21.54692358,-1.58205706
204,103.26000000,13.76497149,21.03693667,-1.56271198,map,37.56669279,126.97815576,0,13.76266422,21.16723298,0.06005317,0.06000002,2.17222634,0.02480304,0.07059232,0.06938393,0.06724822,0.07395011,-1.56439586,13.75471044,21.02657138,-1.56439586
205,103.48000000,13.75544515,20.52417915,-1.55736703,map,37.56668857,126.97815562,0,13.75215851,20.69849050,0.08009710,0.08000004,2.18419246,0.01148369,0.03269259,0.02725898,-0.13207929,-0.04110872,-1.55278299,13.76506562,20.54778625,-1.55278299
206,103.76000000,13.78300549,19.94148276,-1.55864319,map,37.56668489,126.97815593,0,13.77932205,20.29057973,0.16041957,0.16000046,2.17352309,-0.01450689,-0.04129426,-0.04271229,0.07722964,-0.09259517,-1.55644803,13.77475662,19.93675049,-1.55644803
207,104.02000000,13.77577461,19.34911693,-1.56559161,map,37.56667680,126.97815590,0,13.77577122,19.39284377,0.02000575,0.02000000,2.18752924,-0.01199323,-0.03412950,-0.03205274,0.17585433,-0.00791479,-1.56678461,13.77612887,19.36939544,-1.56678461
208,104.28000000,13.77879004,18.81754728,-1.56812388,map,37.56667319,126.97815595,0,13.77796018,18.99232868,0.08009749,0.08000000,2.18718658,0.01169218,0.03328681,0.03976417,-0.18432342,0.26275039,-1.56711142,13.77729103,18.80082457,-1.56711142
209,104.52000000,13.78055006,18.27220018,-1.55604720,map,37.56666904,126.97815589,0,13.77463641,18.53110520,0.12022222,0.12000053,2.15564563,0.03166999,0.09030326,0.09247445,-0.11868235,0.24636514,-1.54989048,13.78926673,18.28139917,-1.54989048
210,104.76000000,13.81102114,17.75907097,-1.53120577,map,37.56666516,126.97815608,0,13.79389709,18.10071000,0.16040229,0.16000104,2.12208811,0.06037401,0.17242789,0.18349272,0.25090036,0.58368857,-1.51939000,13.81769222,17.76857003,-1.51939000
211,105.02000000,13.88484239,17.22331231,-1.47094061,map,37.56665761,126.97815685,0,13.87840753,17.26376862,0.02000494,0.02000013,2.02941663,0.12681478,0.36038972,0.37069951,-0.22652466,0.96619327,-1.44613629,13.88867729,17.23252185,-1.44613629
212,105.28000000,13.99487908,16.70720963,-1.38138900,map,37.56665397,126.97815752,0,13.95552926,16.86200650,0.08007656,0.08000496,1.98695694,0.15509091,0.44053487,0.44358996,-0.05245125,0.94470528,-1.33748590,14.01823539,16.72921054,-1.33748590
213,105.56000000,14.20917358,16.19125366,-1.25605573,map,37.56665059,126.97815894,0,14.09675586,16.49040625,0.16030925,0.16004408,1.99266808,0.16847029,0.47854306,0.48002501,1.02825295,1.02576594,-1.20679080,14.22565216,16.21068020,-1.20679080
214,105.82000000,14.45272883,15.74444636,-1.14826804,map,37.56664405,126.97816229,0,14.43360841,15.77928512,0.02000367,0.02000111,1.97575575,0.16667775,0.47249314,0.47323937,-0.79531484,0.92566030,-1.08496278,14.47746139,15.76009060,-1.08496278
215,106.08000000,14.76324553,15.32402310,-1.02825981,map,37.56664106,126.97816481,0,14.67215847,15.45524616,0.08005502,0.08002655,1.99044550,0.16486207,0.48439107,0.48537631,-0.06964895,0.97219706,-0.96041992,14.78421595,15.34150576,-0.96041992
216,106.36000000,15.12825069,14.92242876,-0.89099622,map,37.56663830,126.97816739,0,14.91775527,15.15979013,0.16019435,0.16015374,1.97683670,0.16370387,0.46457604,0.46479362,1.13010892,1.08285419,-0.82857935,15.16717405,14.93949313,-0.82857935
217,106.62000000,15.54758016,14.58664333,-0.77802886,map,37.56663312,126.97817378,0,15.51673875,14.61277012,0.02000248,0.02000333,2.00550572,0.15947626,0.45341591,0.44916435,-0.82696480,0.94189853,-0.70999116,15.56994709,14.60905436,-0.70999116
218,106.88000000,15.99549525,14.30994315,-0.66186388,map,37.56663109,126.97817757,0,15.86350908,14.40143313,0.08002666,0.08005555,2.00621671,0.14316930,0.40675835,0.40552964,-0.02299942,0.79180217,-0.59967379,16.00609934,14.32408161,-0.59967379
219,107.16000000,16.49146487,14.02291218,-0.54632969,map,37.56662897,126.97818132,0,16.20704701,14.18135488,0.16008645,0.16028010,2.04000254,0.14348733,0.40356564,0.40089270,-1.85104263,1.08221784,-0.48657444,16.51189847,14.06607593,-0.48657444
220,107.42000000,16.99397804,13.86530966,-0.43964217,map,37.56662598,126.97818960,0,16.95661313,13.88000180,0.02000065,0.02000422,2.00897763,0.13871644,0.39412086,0.39386559,0.58514278,0.81354890,-0.38264045,17.00430142,13.87819340,-0.38264045
221,107.68000000,17.50965164,13.71460499,-0.32897342,map,37.56662472,126.97819399,0,17.35276641,13.75906145,0.08000631,0.08007871,2.04349069,0.14078818,0.40016379,0.39962438,-0.95209154,0.74508411,-0.27965623,17.51313298,13.74197028,-0.27965623
222,107.96000000,18.06786903,13.62666489,-0.22334344,map,37.56662390,126.97819838,0,17.74730080,13.68740817,0.16001292,0.16035395,2.02297910,0.13325915,0.37867517,0.37659543,0.02318315,0.71175123,-0.17012411,18.07785861,13.65303073,-0.17012411
223,108.22000000,18.60986010,13.60926056,-0.12433566,map,37.56662291,126.97820760,0,18.56875356,13.61216131,0.02000043,0.02000554,2.05735741,0.11657601,0.33157140,0.32370302,-1.05393944,0.32451029,-0.07745797,18.60679669,13.62110002,-0.07745797
224,108.46000000,19.11365039,13.61284317,-0.06389370,map,37.56662286,126.97821230,0,18.98553581,13.61836498,0.06000051,0.06005160,2.14664596,0.04398490,0.12516506,0.10595907,0.54690091,-0.14008418,-0.02363727,19.11359388,13.61708897,-0.02363727
225,108.72000000,19.67060097,13.58565198,-0.04973574,map,37.56662264,126.97821712,0,19.41101910,13.59901951,0.12000101,0.12022278,2.17955838,-0.01628799,-0.04637968,-0.05097361,-0.11323770,-0.19060446,-0.02049262,19.67691476,13.60772192,-0.02049262
226,108.96000000,20.19100326,13.58049263,-0.05344763,map,37.56662266,126.97822203,0,19.84478746,13.60085750,0.16000144,0.16041279,2.16740670,-0.02408323,-0.06855603,-0.06834257,-0.01638003,-0.15401115,-0.03582479,20.19737546,13.58776916,-0.03582479
227,109.22000000,20.75279912,13.56115572,-0.05437005,map,37.56662234,126.97823181,0,20.70939298,13.56392252,0.02000002,0.02000569,2.17656738,-0.02035826,-0.05791450,-0.05300205,0.18208612,-0.02702240,-0.05277019,20.76117117,13.55658741,-0.05277019
228,109.46000000,21.28723597,13.52975991,-0.04957175,map,37.56662209,126.97823686,0,21.15558158,13.53617608,0.06000013,0.06005427,2.19469414,0.00484035,0.01378138,0.01673081,-0.06935592,0.07137272,-0.05637241,21.28629316,13.52582601,-0.05637241
229,109.72000000,21.86868900,13.49743215,-0.05265438,map,37.56662183,126.97824195,0,21.60551020,13.51108236,0.12000062,0.12023038,2.19637587,0.00060540,0.00172326,0.00073500,0.00972000,-0.02515180,-0.05353785,21.85639515,13.49574872,-0.05353785
230,109.96000000,22.37994940,13.46851515,-0.05491590,map,37.56662163,126.97824674,0,22.02865232,13.48788952,0.16000130,0.16042672,2.19877164,-0.00102745,-0.00293205,-0.00319260,-0.03819024,0.00928626,-0.05398687,22.38326238,13.46727279,-0.05398687
231,110.22000000,22.94967981,13.42576288,-0.06140316,map,37.56662111,126.97825667,0,22.90581450,13.42848981,0.02000002,0.02000579,2.19742289,-0.00190628,-0.00542796,-0.00542075,0.04060385,-0.01362791,-0.05498777,22.95390334,13.43582678,-0.05498777
232,110.46000000,23.48606951,13.41319570,-0.05659685,map,37.56662106,126.97826176,0,23.35535532,13.42133924,0.06000021,0.06005345,2.17968922,-0.01850404,-0.05275997,-0.05722829,-0.09621677,-0.21744497,-0.06144400,23.47856939,13.40358732,-0.06144400
233,110.72000000,24.04100439,13.34338762,-0.07731539,map,37.56662056,126.97826661,0,23.78332916,13.36546132,0.12000163,0.12022076,2.15681671,-0.03166947,-0.09089221,-0.09363325,-0.09274154,-0.25594208,-0.08113022,24.03861118,13.35701238,-0.08113022
234,110.96000000,24.54767590,13.30100848,-0.10710840,map,37.56662038,126.97827142,0,24.20823250,13.34106201,0.16000560,0.16039818,2.13523480,-0.05458928,-0.15994392,-0.16955888,-0.17987084,-0.49628582,-0.11111946,24.54891295,13.29796063,-0.11111946
235,111.22000000,25.08802081,13.20057999,-0.14940340,map,37.56661931,126.97828094,0,25.04716980,13.20835124,0.02000060,0.02000546,2.07302178,-0.08614469,-0.24493293,-0.25287978,0.30699363,-0.82367924,-0.16587421,25.08770868,13.20434610,-0.16587421
236,111.48000000,25.58991636,13.07493467,-0.21892393,map,37.56661860,126.97828533,0,25.43299456,13.11809987,0.08000638,0.08007859,2.03056480,-0.13847367,-0.39352881,-0.40336222,0.16246172,-0.97914945,-0.25226636,25.60136550,13.06610765,-0.25226636
237,111.76000000,26.11749903,12.86417843,-0.33192946,map,37.56661752,126.97828973,0,25.81818613,12.98207922,0.16004824,0.16030822,1.98700734,-0.15670089,-0.44371335,-0.45115510,-0.69257893,-1.02552372,-0.37291351,26.12351693,12.85249370,-0.37291351
238,112.02000000,26.56205412,12.61346530,-0.43674660,map,37.56661470,126.97829791,0,26.52754572,12.63295466,0.02000115,0.02000360,1.97617190,-0.16230052,-0.46095547,-0.46135452,-0.07597574,-0.90453016,-0.49259646,26.57226655,12.59852837,-0.49259646
239,112.28000000,26.99930780,12.33262690,-0.53715864,map,37.56661296,126.97830185,0,26.86694897,12.42326676,0.08002628,0.08005597,1.97926258,-0.16109689,-0.44353481,-0.44030214,-2.30522349,-0.63420353,-0.61207440,26.99193532,12.28905639,-0.61207440
240,112.56000000,27.41200816,11.93547891,-0.67104745,map,37.56661057,126.97830540,0,27.17189445,12.14423769,0.16015124,0.16019895,1.97964297,-0.16071877,-0.45864020,-0.45722057,-0.08319850,-0.89610982,-0.73909743,27.39602111,11.90706812,-0.73909743
241,112.82000000,27.72500714,11.51833960,-0.80316533,map,37.56660554,126.97831171,0,27.69927374,11.54938221,0.02000291,0.02000200,2.00329985,-0.16062993,-0.45632031,-0.45551669,-1.01104271,-0.83589628,-0.85825992,27.72675641,11.50669718,-0.85825992
242,113.06000000,28.00958554,11.10718563,-0.90342296,map,37.56660257,126.97831462,0,27.94152116,11.20602299,0.06003061,0.06001451,1.99557139,-0.15705702,-0.43875779,-0.43689112,0.22470504,-0.98502830,-0.96402729,27.99001271,11.10531712,-0.96402729
243,113.32000000,28.24018632,10.64775589,-1.02180837,map,37.56659955,126.97831687,0,28.12473962,10.85984666,0.12014979,0.12004422,2.00302628,-0.15349262,-0.43801657,-0.43534424,-0.97605038,-1.12158708,-1.07954231,28.22703821,10.63945580,-1.07954231
244,113.58000000,28.44413872,10.17029278,-1.12931349,map,37.56659642,126.97831908,0,28.30236448,10.50082004,0.18038589,0.18007040,2.00308929,-0.14609847,-0.41506645,-0.41319229,-0.04544622,-0.77675940,-1.18924297,28.41047526,10.15323489,-1.18924297
245,113.86000000,28.57210984,9.60955510,-1.24198711,map,37.56658959,126.97832212,0,28.53880400,9.72815160,0.06004425,0.06000387,2.05336350,-0.13413611,-0.38129987,-0.37339604,0.07916275,-0.64777479,-1.30144285,28.55345400,9.60223447,-1.30144285
246,114.12000000,28.67379138,9.06750097,-1.33306804,map,37.56658587,126.97832327,0,28.62321717,9.30977618,0.12019465,0.12000845,2.07711451,-0.09105658,-0.25890962,-0.25107282,0.16192369,-0.34844149,-1.38196320,28.64574538,9.07390984,-1.38196320
247,114.36000000,28.74397374,8.57058248,-1.38474619,map,37.56658225,126.97832415,0,28.68730268,8.90432063,0.16038354,0.16001140,2.13137912,-0.06002467,-0.17070200,-0.16513922,-0.26084464,-0.19903145,-1.43132695,28.71017360,8.57165660,-1.43132695
248,114.62000000,28.77906725,8.02418880,-1.43747549,map,37.56657474,126.97832532,0,28.77372998,8.06753916,0.02000565,0.02000009,2.17537578,-0.02380575,-0.06776480,-0.06203468,-1.93912926,0.00399892,-1.46035666,28.76852779,8.01383962,-1.46035666
249,114.86000000,28.82541148,7.49275490,-1.45229578,map,37.56657073,126.97832579,0,28.81096587,7.62209063,0.06005230,0.06000065,2.15517935,-0.02250622,-0.06417891,-0.06876407,0.14097397,-0.27081526,-1.47309648,28.81827830,7.49474642,-1.47309648
250,115.12000000,28.85726014,6.93851413,-1.48467589,map,37.56656691,126.97832613,0,28.83737551,7.19733626,0.12022210,0.12000172,2.15734451,-0.03397772,-0.09694314,-0.09767681,-0.69184631,-0.20003824,-1.49591129,28.85891730,6.93461106,-1.49591129
251,115.36000000,28.89112696,6.42077413,-1.50628670,map,37.56656302,126.97832660,0,28.87173218,6.76479875,0.16040655,0.16000169,2.15373823,-0.03432944,-0.09768004,-0.09756977,0.20064044,-0.21641366,-1.51942669,28.88315043,6.41855739,-1.51942669
252,115.62000000,28.89880979,5.85969505,-1.53157191,map,37.56655526,126.97832699,0,28.89775766,5.90298924,0.02000565,0.02000000,2.16186587,-0.03438377,-0.09787968,-0.09796133,-0.00980986,-0.23055560,-1.54487889,28.89581398,5.85666333,-1.54487889
253,115.86000000,28.90733409,5.34133032,-1.54856724,map,37.56655136,126.97832713,0,28.90613220,5.47054378,0.06005226,0.06000001,2.15367289,-0.03425674,-0.09749051,-0.09737701,-0.00484336,-0.19529461,-1.56829783,28.89483579,5.33932124,-1.56829783
254,116.12000000,28.89082352,4.77350293,-1.57422671,map,37.56654742,126.97832703,0,28.89405611,5.03359719,0.12022443,0.12000045,2.16909502,-0.02830400,-0.08030474,-0.07860910,0.06203021,-0.09973744,-1.59178516,28.88102063,4.77737216,-1.59178516
255,116.36000000,28.86298477,4.25022435,-1.59819958,map,37.56654350,126.97832686,0,28.87442081,4.59778793,0.16041660,0.16000046,2.17242549,-0.02152051,-0.06125772,-0.05995582,0.02053343,-0.11115526,-1.60799996,28.85989423,4.25636751,-1.60799996
256,116.62000000,28.82835509,3.69594027,-1.61531871,map,37.56653576,126.97832645,0,28.83063067,3.73948049,0.02000572,0.02000002,2.18145670,-0.01766785,-0.05029638,-0.04985894,0.03176824,-0.14610906,-1.62182909,28.82990036,3.69128232,-1.62182909
257,116.86000000,28.80667743,3.17451689,-1.61960152,map,37.56653185,126.97832629,0,28.81390860,3.30508271,0.06005338,0.06000016,2.17867673,-0.01734259,-0.04937040,-0.04922538,-0.04280288,-0.09818163,-1.63373266,28.79586644,3.16911778,-1.63373266
258,117.12000000,28.76627705,2.59796129,-1.63041658,map,37.56652783,126.97832594,0,28.78314833,2.85865693,0.12022545,0.12000136,2.17834165,-0.01731742,-0.04929044,-0.04946985,0.01026844,-0.11989470,-1.64654391,28.75210245,2.60478665,-1.64654391
259,117.36000000,28.71891895,2.09718809,-1.64672005,map,37.56652410,126.97832555,0,28.74678848,2.44505026,0.16041569,0.16000308,2.18082918,-0.01732264,-0.04937649,-0.04894879,-0.25601250,-0.12942676,-1.65838593,28.70521302,2.08353430,-1.65838593
260,117.62000000,28.66266793,1.52294608,-1.65803219,map,37.56651618,126.97832471,0,28.66675591,1.56634367,0.02000610,0.02000046,2.17956270,-0.01538767,-0.04376360,-0.04321737,-0.04632884,-0.06761816,-1.67062236,28.64781630,1.52027980,-1.67062236
261,117.86000000,28.59252146,1.00551218,-1.67506252,map,37.56651230,126.97832405,0,28.60672939,1.13601526,0.06005346,0.06000103,2.18852248,-0.01082377,-0.02990807,-0.02934580,0.05257392,-0.03368100,-1.67922340,28.59009888,0.99907301,-1.67922340
262,118.12000000,28.52082464,0.44627809,-1.68819805,map,37.56650843,126.97832346,0,28.55212958,0.70744533,0.12022597,0.12000325,2.19256926,-0.00549590,-0.01564725,-0.01550671,0.01938862,-0.03456279,-1.68459472,28.52483958,0.43304441,-1.68459472
263,118.36000000,28.47056426,-0.09172923,-1.68390456,map,37.56650438,126.97832302,0,28.51044057,0.25731462,0.16042076,0.16000549,2.19611599,0.00061089,0.00173970,0.00370791,-0.04803064,0.05570761,-1.68640745,28.46367734,-0.09024607,-1.68640745
264,118.62000000,28.40168746,-0.65608841,-1.68403749,map,37.56649654,126.97832182,0,28.40662641,-0.61240331,0.02000576,0.02000007,2.19829710,0.00149811,0.00426509,0.00405381,0.02494559,0.01014976,-1.68507594,28.39863945,-0.65755107,-1.68507594
265,118.86000000,28.32094820,-1.20027273,-1.69181056,map,37.56649242,126.97832104,0,28.33675991,-1.06941443,0.06005362,0.06000078,2.19708719,0.00218475,0.00622102,0.00637172,-0.02458409,0.02723061,-1.68381887,28.33924023,-1.18161224,-1.68381887
266,119.12000000,28.24960064,-1.73494885,-1.69795652,map,37.56648878,126.97832045,0,28.28294030,-1.47327494,0.12022773,0.12000370,2.19793880,0.00079679,0.00216564,0.00136479,0.00253200,-0.04825344,-1.68256605,28.27566295,-1.74945447,-1.68256605
267,119.36000000,28.18386122,-2.27030292,-1.69707763,map,37.56648474,126.97831985,0,28.22817074,-1.92212679,0.16041745,0.16000718,2.18405518,-0.00553608,-0.01629093,-0.01917371,-0.20566571,-0.11840208,-1.68404915,28.21625811,-2.27251197,-1.68404915
268,119.62000000,28.15053600,-2.82087483,-1.68014607,map,37.56647703,126.97831902,0,28.15564093,-2.77763590,0.02000606,0.02000049,2.17660023,-0.01977851,-0.05983726,-0.06188482,-0.14403374,-0.16672041,-1.69474846,28.14615676,-2.83366107,-1.69474846
269,119.86000000,28.06837650,-3.35089251,-1.69998181,map,37.56647301,126.97831823,0,28.08668711,-3.22337203,0.06005076,0.06000105,2.14546067,-0.03774920,-0.10755670,-0.11230047,-0.13442743,-0.37605419,-1.71546926,28.07010608,-3.34560876,-1.71546926
270,120.12000000,27.96544009,-3.87088250,-1.73814146,map,37.56646946,126.97831744,0,28.01158325,-3.61723709,0.12021376,0.12000709,2.15026775,-0.04374667,-0.12831669,-0.13029087,-0.04553026,-0.32700417,-1.74684915,27.97029653,-3.89446168,-1.74684915
271,120.36000000,27.87762025,-4.38362285,-1.76061673,map,37.56646556,126.97831679,0,27.94611195,-4.04844034,0.16038653,0.16001665,2.13351525,-0.05014478,-0.14241763,-0.14249189,-0.03927331,-0.29649737,-1.77980497,27.86063661,-4.39639894,-1.77980497
272,120.62000000,27.73395627,-4.93009442,-1.79241963,map,37.56645798,126.97831459,0,27.74425419,-4.88863820,0.02000519,0.02000032,2.13603526,-0.04981229,-0.14173199,-0.14286355,0.12721243,-0.34821347,-1.81618114,27.72311551,-4.93390371,-1.81618114
273,120.86000000,27.59143072,-5.44899363,-1.82703103,map,37.56645401,126.97831335,0,27.62650302,-5.32703618,0.06004656,0.06000385,2.11288303,-0.06443958,-0.17945811,-0.18356339,1.79427561,-0.61576737,-1.85538546,27.57614915,-5.42382391,-1.85538546
274,121.12000000,27.40387999,-5.95638871,-1.88190841,map,37.56645045,126.97831185,0,27.48613320,-5.72045437,0.12018504,0.12002256,2.06659996,-0.08548799,-0.24451971,-0.24753640,0.03130492,-0.58089246,-1.91247378,27.39058131,-5.93458992,-1.91247378
275,121.38000000,27.16947573,-6.43723845,-1.96061859,map,37.56644707,126.97831008,0,27.32000395,-6.09208757,0.18041788,0.18008025,2.08325190,-0.09749940,-0.27233822,-0.26989675,-2.32379246,0.06156382,-1.98173516,27.16882224,-6.42922457,-1.98173516
276,121.66000000,26.90494954,-6.93563475,-2.02661996,map,37.56644035,126.97830634,0,26.96408155,-6.82787849,0.06003633,0.06001095,2.04154866,-0.11493625,-0.33180569,-0.33488509,-0.21797576,-0.70069600,-2.06728685,26.89022498,-6.93255692,-2.06728685
277,121.92000000,26.60430789,-7.38053597,-2.11329688,map,37.56643718,126.97830392,0,26.73982628,-7.17387305,0.12014177,0.12006142,2.06621798,-0.12137414,-0.34350870,-0.33907250,-0.86011255,-1.13695905,-2.15559328,26.58956981,-7.37255329,-2.15559328
278,122.18000000,26.25520494,-7.78880260,-2.20811989,map,37.56643417,126.97830116,0,26.48203076,-7.49995517,0.18029273,0.18018150,2.03476391,-0.12252938,-0.34823173,-0.34891268,-0.06473005,-0.73116022,-2.24354771,26.25222198,-7.78308841,-2.24354771
279,122.46000000,25.86431697,-8.19442072,-2.28725746,map,37.56642854,126.97829541,0,25.94908084,-8.10638680,0.06002457,0.06002292,2.03524879,-0.12321079,-0.36181186,-0.36228603,-0.72794099,-0.68812262,-2.34298851,25.84951080,-8.18725767,-2.34298851
280,122.72000000,25.43899893,-8.52642224,-2.39355658,map,37.56642610,126.97829186,0,25.62488469,-8.36718044,0.12008424,0.12011467,2.03292549,-0.12389639,-0.35210892,-0.35057360,0.19920074,-0.52375342,-2.43482486,25.44053487,-8.52520499,-2.43482486
281,122.98000000,25.02496953,-8.82855583,-2.48574896,map,37.56642377,126.97828860,0,25.32347236,-8.61265957,0.18016313,0.18031366,2.04558339,-0.12784066,-0.36780016,-0.36689620,-0.08433103,-0.80518497,-2.52891321,25.00081424,-8.82413725,-2.52891321
282,123.22000000,24.58555680,-9.07131590,-2.55615893,map,37.56641962,126.97828083,0,24.62093336,-9.05072427,0.02000128,0.02000378,2.03011693,-0.12781022,-0.36264991,-0.36280763,-0.06417334,-0.74983527,-2.61602613,24.57439856,-9.06017482,-2.61602613
283,123.48000000,24.10129723,-9.29645239,-2.65439736,map,37.56641790,126.97827675,0,24.24987995,-9.22682075,0.08001548,0.08007058,2.04773574,-0.12884106,-0.36235041,-0.36443966,-0.00437582,-0.77198130,-2.70983016,24.08880417,-9.27398375,-2.70983016
284,123.76000000,23.55823619,-9.46997448,-2.76087539,map,37.56641656,126.97827248,0,23.86465973,-9.35909107,0.16004222,0.16032463,2.01600779,-0.12693168,-0.36066598,-0.36108566,1.13956675,-0.81268136,-2.81186269,23.54566348,-9.45233303,-2.81186269
285,124.02000000,23.01797250,-9.59010013,-2.84519257,map,37.56641429,126.97826348,0,23.05756470,-9.58048701,0.02000028,0.02000474,2.04836804,-0.12648605,-0.35953264,-0.35887394,0.57005412,-0.76084870,-2.90577065,23.02892385,-9.56757848,-2.90577065
286,124.28000000,22.50690470,-9.67020888,-2.94247574,map,37.56641359,126.97825913,0,22.66976091,-9.64501128,0.08000243,0.08008491,2.04693450,-0.12183786,-0.34645323,-0.34359495,-1.97694039,-0.58809930,-2.99753083,22.49758565,-9.63636487,-2.99753083
287,124.56000000,21.93173733,-9.67615929,-3.04756846,map,37.56641333,126.97825451,0,22.25801625,-9.65576460,0.16000139,0.16036741,2.05137883,-0.12016251,-0.34156969,-0.34114883,0.04294085,-0.70602303,-3.09331324,21.92671288,-9.65714575,-3.09331324
288,124.82000000,21.38854616,-9.65161147,-3.12509485,map,37.56641305,126.97824517,0,21.43018129,-9.65312355,0.02000001,0.02000524,2.07026061,-0.11179200,-0.31718729,-0.30906111,-0.51594979,-0.11277926,3.10377654,21.38921941,-9.62896917,3.10377654
289,125.06000000,20.87970524,-9.57976011,3.07880560,map,37.56641350,126.97824035,0,21.00447897,-9.59161251,0.06000044,0.06004877,2.10271667,-0.07205371,-0.20493656,-0.18885251,0.57130219,0.05670554,3.03959881,20.89373053,-9.57011367,3.03959881
290,125.32000000,20.34114856,-9.51304036,3.03992114,map,37.56641386,126.97823577,0,20.60000358,-9.54160768,0.12000272,0.12022293,2.17542885,-0.02293593,-0.06399077,-0.06216155,0.02058559,-0.07320695,3.01356018,20.33790669,-9.49505286,3.01356018
291,125.56000000,19.81320297,-9.43666993,3.02429072,map,37.56641437,126.97823078,0,20.15945967,-9.47890053,0.16000618,0.16041456,2.18167829,-0.01369115,-0.03861615,-0.03734126,0.03215102,-0.04452296,3.00158097,19.82030951,-9.42066511,3.00158097
292,125.82000000,19.25001413,-9.33126178,3.00176914,map,37.56641560,126.97822096,0,19.29326093,-9.33724487,0.02000011,0.02000563,2.17644877,0.00627138,0.01785236,0.02191162,0.07178036,0.12840202,2.99976074,19.25704692,-9.33935415,2.99976074
293,126.06000000,18.74618255,-9.27340363,3.00976974,map,37.56641602,126.97821623,0,18.87560659,-9.28966705,0.06000083,0.06005240,2.17353632,0.01913570,0.05496211,0.05570980,0.08455948,0.14775654,3.01048473,18.73942097,-9.27174171,3.01048473
294,126.32000000,18.18726102,-9.22176019,3.03109936,map,37.56641641,126.97821139,0,18.44745683,-9.24926902,0.12000251,0.12022511,2.18146361,0.01700178,0.04785348,0.04712460,-0.19557234,0.08896154,3.02422273,18.17667931,-9.20652158,3.02422273
295,126.56000000,17.64692425,-9.15399019,3.03724156,map,37.56641699,126.97820625,0,17.99310512,-9.18881224,0.16000456,0.16041276,2.17363478,0.01965557,0.05594123,0.05755908,-0.08995085,0.17530910,3.03644527,17.65740154,-9.15276071,3.03644527
296,126.82000000,17.10035990,-9.10065781,3.04406932,map,37.56641777,126.97819664,0,17.14352337,-9.10434659,0.02000004,0.02000562,2.16584322,0.02836004,0.08118673,0.08288612,0.04019959,0.19004017,3.05491037,17.09596111,-9.10501409,3.05491037
297,127.06000000,16.57248161,-9.07407035,3.06636988,map,37.56641800,126.97819164,0,16.70180104,-9.08242327,0.06000063,0.06005266,2.16022279,0.02734920,0.07783852,0.07591270,1.11444209,0.15590329,3.07511561,16.57851357,-9.07258305,3.07511561
298,127.32000000,16.01860533,-9.05746303,3.08717470,map,37.56641813,126.97818688,0,16.28045781,-9.07071110,0.12000099,0.12022683,2.18774409,0.01118431,0.03184122,0.03104980,0.03468001,0.01822386,3.08733773,16.01252684,-9.04329010,3.08733773
299,127.56000000,15.48007162,-9.02586138,3.09327990,map,37.56641842,126.97818177,0,15.82937822,-9.04193645,0.16000089,0.16042031,2.18177484,0.01172472,0.03354552,0.03399060,-0.01473198,0.09647529,3.09448806,15.48844686,-9.01917938,3.09448806
300,127.82000000,14.91633269,-8.97938134,3.08361488,map,37.56641897,126.97817193,0,14.96001178,-8.98173020,0.02000002,0.02000574,2.18797062,0.00960991,0.02735936,0.02667825,0.08473280,0.04906243,3.10268641,14.92069474,-8.99776863,3.10268641
301,128.06000000,14.40457349,-8.97978644,3.09998930,map,37.56641894,126.97816713,0,14.53571438,-8.98471142,0.06000008,0.06005379,2.18425202,0.01205000,0.03428393,0.03633184,0.03513765,0.10040402,3.10935740,14.39562157,-8.98135027,3.10935740
302,128.32000000,13.83097677,-8.97289671,3.12193588,map,37.56641904,126.97816211,0,14.09182499,-8.97674244,0.12000005,0.12022621,2.17289900,0.01948062,0.05552873,0.05656137,0.04465570,0.11868021,3.12130396,13.83006862,-8.97049241,3.12130396
303,128.56000000,13.31896603,-8.95501708,3.12627081,map,37.56641925,126.97815730,0,13.66681535,-8.95859014,0.16000004,0.16041835,2.17599482,0.01978834,0.05635866,0.05531446,-0.02789031,0.09815855,3.13575184,13.30833161,-8.96883517,3.13575184
304,128.82000000,12.73906204,-8.99498171,-3.12801377,map,37.56641896,126.97814729,0,12.78264276,-8.99409824,0.02000000,0.02000574,2.17985393,0.01536999,0.04375399,0.04363162,-0.02154401,0.07517893,-3.13518407,12.74181640,-8.97348506,-3.13518407
305,129.06000000,12.22187984,-8.98532019,-3.12454822,map,37.56641911,126.97814243,0,12.35290166,-8.98238655,0.06000003,0.06005376,2.18487283,0.01380918,0.03930151,0.03828917,0.01748081,0.04959460,-3.12504400,12.21812734,-8.98315295,-3.12504400
306,129.28000000,11.72168903,-8.98073565,-3.13665503,map,37.56641914,126.97813727,0,11.89718604,-8.97955980,0.08000001,0.08009842,2.19562690,0.00118350,0.00321788,-0.00109247,0.12326593,-0.10881857,-3.12016872,11.73633523,-8.99440528,-3.12016872
307,129.52000000,11.20915861,-8.98766047,-3.13756029,map,37.56641903,126.97813246,0,11.47195505,-8.98710240,0.12000000,0.12022969,2.18642858,-0.00986034,-0.02807850,-0.03005523,-0.31696329,-0.08168638,-3.12402703,11.21072106,-9.00356693,-3.12402703
308,129.76000000,10.68651851,-9.01503947,-3.12937869,map,37.56641881,126.97812751,0,11.03544551,-9.01181526,0.16000044,0.16041935,2.18210333,-0.01336623,-0.03806449,-0.03802196,0.37177247,-0.08769933,-3.13268526,10.68738177,-9.00749257,-3.13268526
309,130.02000000,10.11141406,-9.01752886,-3.13378784,map,37.56641878,126.97811755,0,10.15505696,-9.01748099,0.02000041,0.02000615,2.18159950,-0.01567253,-0.04461883,-0.04552493,-0.03168318,-0.09347916,3.14007211,10.11983115,-9.00599257,3.14007211
310,130.26000000,9.58053202,-8.98286861,3.12560221,map,37.56641904,126.97811253,0,9.71134353,-8.98565537,0.06000003,0.06005335,2.18197622,-0.01388458,-0.03952637,-0.03851205,0.04163635,-0.04823908,3.12948303,9.59690227,-8.99856680,3.12948303
311,130.52000000,9.03212736,-8.98725579,3.11658828,map,37.56641891,126.97810780,0,9.29343948,-8.99495069,0.12000061,0.12022617,2.17630002,-0.01796028,-0.05112624,-0.05265165,0.04565393,-0.14730925,3.11847270,9.03023809,-8.98488216,3.11847270
312,130.76000000,8.51152851,-8.97780748,3.11624298,map,37.56641895,126.97810286,0,8.85718714,-8.98860276,0.16000041,0.16041161,2.15197638,-0.03032187,-0.08629102,-0.08733451,-0.03473588,-0.14450834,3.10124346,8.51120870,-8.96268010,3.10124346
313,131.02000000,7.94353885,-8.93270210,3.09159238,map,37.56641940,126.97809301,0,7.98697479,-8.93527965,0.02000002,0.02000570,2.17719813,-0.02136872,-0.05932215,-0.05562750,0.03924661,-0.06161075,3.08200808,7.94904292,-8.92728534,3.08200808
314,131.26000000,7.42528053,-8.90222160,3.08070027,map,37.56641959,126.97808813,0,7.55641312,-8.91064936,0.06000063,0.06005414,2.19092634,-0.00725257,-0.02062211,-0.01868222,0.02090463,-0.00683024,3.07332653,7.42568570,-8.89025568,3.07332653
315,131.52000000,6.86232861,-8.85357128,3.07712688,map,37.56641995,126.97808325,0,7.12504508,-8.87030741,0.12000093,0.12022890,2.18786262,0.00709505,0.02019983,0.02270076,-0.21791955,0.06378317,3.07371664,6.85672200,-8.85105210,3.07371664
316,131.76000000,6.34007428,-8.81079093,3.07471016,map,37.56642028,126.97807830,0,6.68790014,-8.83312916,0.16000172,0.16041796,2.18079813,0.01414571,0.04038402,0.04026786,-0.00544730,0.12596127,3.08196693,6.33463318,-8.82044863,3.08196693
317,132.02000000,5.78373080,-8.80609303,3.09542251,map,37.56642052,126.97806856,0,5.82745004,-8.80790534,0.02000001,0.02000577,2.18807819,0.01087901,0.03097213,0.03013326,0.02728962,0.07329000,3.09146273,5.76711492,-8.79279172,3.09146273
318,132.26000000,5.23426665,-8.76083535,3.09451932,map,37.56642093,126.97806333,0,5.36547417,-8.76662013,0.06000011,0.06005391,2.18965315,0.00784004,0.02228327,0.02166272,0.04117020,0.02692618,3.09770390,5.24234886,-8.77042105,3.09770390
319,132.52000000,4.68636556,-8.73161490,3.08846023,map,37.56642112,126.97805861,0,4.94850475,-8.74483058,0.12000058,0.12022855,2.18845499,0.01001264,0.02850608,0.02790869,0.01548869,0.03844835,3.10433961,4.67378481,-8.74959355,3.10433961
320,132.76000000,4.16494474,-8.72952766,3.10430540,map,37.56642113,126.97805371,0,4.51506883,-8.74190668,0.16000094,0.16042218,2.18849691,0.00769977,0.02192148,0.02016819,-0.04439525,-0.00963833,3.11023945,4.14852135,-8.73372694,3.11023945
321,132.98000000,3.65946016,-8.71839813,3.11238947,map,37.56642127,126.97804848,0,4.05275204,-8.72961924,0.18000086,0.18054118,2.18203327,-0.00557797,-0.01587962,-0.01802181,0.04561120,-0.06924078,3.11058132,3.66790654,-8.71925092,3.11058132
322,133.22000000,3.13897320,-8.69744211,3.10321939,map,37.56642154,126.97803863,0,3.18266572,-8.69931880,0.02000001,0.02000576,2.18668594,-0.01027119,-0.02924182,-0.02938721,-0.00693492,-0.08000511,3.10431054,3.14403763,-8.69923401,3.10431054
323,133.46000000,2.62545200,-8.68225871,3.10596242,map,37.56642164,126.97803381,0,2.75677242,-8.68737384,0.06000008,0.06005398,2.19079997,-0.00821222,-0.02336655,-0.02228287,-0.03442646,-0.02549522,3.09787561,2.61917775,-8.67560354,3.09787561
324,133.72000000,2.04739209,-8.63712298,3.09534036,map,37.56642199,126.97802875,0,2.31021479,-8.64934802,0.12000090,0.12022907,2.18951125,0.00241954,0.00690994,0.00782746,0.73924217,0.04670861,3.09588296,2.04983110,-8.64898649,3.09588296
325,133.96000000,1.52834039,-8.62392599,3.09444075,map,37.56642206,126.97802387,0,1.87922024,-8.64019990,0.16000091,0.16042461,2.19726106,0.00203619,0.00579586,0.00512730,0.04266425,0.00061845,3.09800385,1.52371808,-8.62628412,3.09800385
326,134.22000000,0.95379174,-8.59139440,3.09727503,map,37.56642250,126.97801389,0,0.99768436,-8.59336336,0.02000001,0.02000582,2.19521330,-0.00136901,-0.00389815,-0.00532796,-0.19705746,-0.05021700,3.09859039,0.95295918,-8.60189937,3.09859039
327,134.46000000,0.42861692,-8.57835086,3.09390893,map,37.56642256,126.97800894,0,0.56018466,-8.58480336,0.06000013,0.06005420,2.19605800,-0.00347490,-0.00989208,-0.00942524,-0.03410590,0.01641596,3.09632777,0.42693613,-8.57789775,3.09632777
328,134.72000000,-0.13286609,-8.55530281,3.10071690,map,37.56642272,126.97800408,0,0.13071932,-8.56616298,0.12000081,0.12023045,2.19743643,0.00013575,0.00041340,0.00092470,0.03121052,0.04279862,3.09512521,-0.14377361,-8.55113032,3.09512521
329,134.96000000,-0.68449044,-8.51983723,3.09516987,map,37.56642301,126.97799883,0,-0.33311135,-8.53609995,0.16000091,0.16042579,2.19852250,0.00108518,0.00309016,0.00290668,0.02857369,0.01421912,3.09571916,-0.67081971,-8.52696959,3.09571916
330,135.22000000,-1.25466543,-8.49300507,3.09472223,map,37.56642336,126.97798890,0,-1.21076912,-8.49502899,0.02000001,0.02000582,2.19703756,0.00198439,0.00567196,0.00638298,0.01224396,0.02697778,3.09679312,-1.24164590,-8.50143147,3.09679312
331,135.46000000,-1.75940375,-8.48348893,3.10070149,map,37.56642342,126.97798418,0,-1.62774747,-8.48872251,0.06000009,0.06005427,2.19602412,0.00336985,0.00961531,0.00955667,0.01860195,0.02591147,3.09888199,-1.76815786,-8.47909166,3.09888199
332,135.68000000,-2.26837233,-8.46418562,3.10650189,map,37.56642360,126.97797891,0,-2.09303421,-8.47009693,0.08000011,0.08009823,2.19348725,0.00425139,0.01210165,0.01232618,0.08861363,-0.00645444,3.10123176,-2.25051655,-8.45985216,3.10123176
333,135.92000000,-2.78060778,-8.44360706,3.10470427,map,37.56642377,126.97797411,0,-2.51704221,-8.45319003,0.12000031,0.12023104,2.19830196,0.00155043,0.00441427,0.00448837,0.01826970,-0.04908414,3.10293494,-2.77739512,-8.43971595,3.10293494
334,136.16000000,-3.29382793,-8.42005739,3.10288959,map,37.56642394,126.97796930,0,-2.94244165,-8.43353233,0.16000063,0.16042696,2.19814954,0.00142242,0.00404981,0.00393240,0.00430139,0.00830963,3.10411413,-3.30451549,-8.42007271,3.10411413
335,136.42000000,-3.87351916,-8.38525855,3.09900581,map,37.56642436,126.97795925,0,-3.82961555,-8.38708955,0.02000001,0.02000582,2.19709646,0.00224689,0.00639782,0.00641603,0.01182740,-0.01634610,3.10557939,-3.87534979,-8.39957811,3.10557939
336,136.66000000,-4.40689400,-8.38782749,3.10444969,map,37.56642430,126.97795421,0,-4.27517645,-8.39258261,0.06000007,0.06005433,2.19464787,0.00292911,0.00834008,0.00882203,-0.04649380,0.02505499,3.10725545,-4.40229401,-8.38160968,3.10725545
337,136.92000000,-4.97517585,-8.34845361,3.10774035,map,37.56642463,126.97794927,0,-4.71200067,-8.35707076,0.12000025,0.12023037,2.19525715,0.00373796,0.01063743,0.01062718,0.02047411,0.00165167,3.11013036,-4.97240466,-8.36386221,3.11013036
338,137.16000000,-5.48889427,-8.36655857,3.11418524,map,37.56642446,126.97794445,0,-5.13738528,-8.37599922,0.16000031,0.16042727,2.19912341,0.00080105,0.00228062,0.00103705,0.02251901,-0.03287726,3.11167222,-5.49954827,-8.34833356,3.11167222
339,137.42000000,-6.07293091,-8.33843744,3.10805954,map,37.56642480,126.97793436,0,-6.02917194,-8.34007662,0.02000001,0.02000578,2.18854252,-0.00943367,-0.02720801,-0.03179485,-0.20229247,-0.14985641,3.10889748,-6.06992625,-8.32987900,3.10889748
340,137.66000000,-6.59743449,-8.30810398,3.10379959,map,37.56642501,126.97792940,0,-6.46713982,-8.31389617,0.06000052,0.06005346,2.17610250,-0.01767777,-0.05032140,-0.05016266,0.03230894,-0.10627438,3.09786889,-6.59173001,-8.30618910,3.09786889
341,137.92000000,-7.14450414,-8.27784177,3.09116014,map,37.56642520,126.97792470,0,-6.88220132,-8.29182346,0.12000065,0.12022823,2.19211327,-0.00723320,-0.02049468,-0.01901215,0.00491293,-0.02150983,3.08913484,-7.15900581,-8.27534951,3.08913484
342,138.16000000,-7.67514541,-8.25229107,3.08957831,map,37.56642537,126.97791969,0,-7.32439830,-8.27094163,0.16000120,0.16042502,2.19722173,-0.00216992,-0.00609138,-0.00539490,0.00780088,0.03605293,3.08604533,-7.68495792,-8.24566449,3.08604533
343,138.42000000,-8.25840761,-8.21858242,3.08563295,map,37.56642581,126.97790962,0,-8.21452355,-8.22103449,0.02000002,0.02000582,2.19869006,0.00040793,0.00116158,0.00163301,0.02200368,0.04103159,3.08568852,-8.25584301,-8.21362244,3.08568852
344,138.66000000,-8.78856217,-8.17609972,3.08604037,map,37.56642615,126.97790461,0,-8.65700565,-8.18328433,0.06000016,0.06005419,2.19541272,0.00300894,0.00861016,0.00855559,0.01565510,0.04952044,3.08712228,-8.78219285,-8.18497950,3.08712228
345,138.92000000,-9.34834355,-8.13982041,3.07943918,map,37.56642640,126.97789977,0,-9.08505637,-8.15606449,0.12000088,0.12023055,2.19859134,0.00128860,0.00365967,0.00367632,0.00253532,-0.01555040,3.08877050,-9.35271633,-8.15501283,3.08877050
346,139.16000000,-9.89244102,-8.14680092,3.09643689,map,37.56642633,126.97789460,0,-9.54103782,-8.16259556,0.16000128,0.16042527,2.19841763,0.00112838,0.00321109,0.00257043,-0.03456881,-0.00983701,3.08958468,-9.87963667,-8.12766286,3.08958468
347,139.42000000,-10.43687119,-8.08218638,3.07298710,map,37.56642704,126.97788496,0,-10.39315630,-8.08527998,0.02000044,0.02000619,2.19118206,-0.00487809,-0.01389665,-0.01423610,0.01854142,-0.02743877,3.08779157,-10.44943094,-8.09709561,3.08779157
348,139.66000000,-10.96793821,-8.07767130,3.09030766,map,37.56642701,126.97787994,0,-10.83654425,-8.08468593,0.06000057,0.06005418,2.19270353,-0.00491132,-0.01398352,-0.01348243,0.69717520,0.00407912,3.08411272,-10.97476372,-8.06652160,3.08411272
349,139.92000000,-11.54188697,-8.02895955,3.08920756,map,37.56642742,126.97787493,0,-11.27894136,-8.04308791,0.12000066,0.12022906,2.19339785,-0.00436230,-0.01242050,-0.01206082,0.00483995,-0.03251482,3.08093898,-11.54432797,-8.03171496,3.08093898
350,140.16000000,-12.07390584,-8.00732665,3.08094493,map,37.56642755,126.97786990,0,-11.72329981,-8.02891332,0.16000161,0.16042449,2.19601191,-0.00328173,-0.00936158,-0.00888011,-0.00351240,-0.00119071,3.07841354,-12.07012114,-7.99819261,3.07841354
351,140.42000000,-12.63602790,-7.95887015,3.07612166,map,37.56642814,126.97786007,0,-12.59214735,-7.96176945,0.02000003,0.02000582,2.19851698,-0.00107715,-0.00306714,-0.00321812,0.02084054,-0.01696050,3.07713044,-12.64042444,-7.96121006,3.07713044
352,140.66000000,-13.16612060,-7.92811257,3.07498332,map,37.56642835,126.97785506,0,-13.03460864,-7.93698376,0.06000025,0.06005416,2.19689343,-0.00218312,-0.00622265,-0.00629785,-0.00434325,0.01532131,3.07589448,-13.16649885,-7.92652244,3.07589448
353,140.92000000,-13.73463494,-7.90327594,3.08183443,map,37.56642851,126.97785011,0,-13.47141920,-7.91921407,0.12000085,0.12023042,2.19733550,-0.00231993,-0.00660078,-0.00651332,-0.00698217,-0.02431786,3.07419940,-13.73650200,-7.88793441,3.07419940
354,141.16000000,-14.26036309,-7.85889597,3.07791643,map,37.56642886,126.97784515,0,-13.90982108,-7.88147050,0.16000176,0.16042488,2.19506684,-0.00301072,-0.00859782,-0.00815391,0.40551964,0.02430430,3.07224023,-14.26220134,-7.85126653,3.07224023
355,141.42000000,-14.82850253,-7.80093226,3.06461701,map,37.56642954,126.97783525,0,-14.78468823,-7.80435584,0.02000004,0.02000580,2.19740696,-0.00237397,-0.00674035,-0.00630605,-0.03198419,-0.01996213,3.07038148,-14.83202217,-7.81047137,3.07038148
356,141.66000000,-15.36586764,-7.76029403,3.05924719,map,37.56642982,126.97783015,0,-15.23464097,-7.77128286,0.06000038,0.06005393,2.19515607,-0.00341172,-0.00971407,-0.01022928,-0.02737780,-0.02077550,3.06834549,-15.35766063,-7.77174987,3.06834549
357,141.92000000,-15.93184474,-7.72887344,3.06567124,map,37.56643001,126.97782523,0,-15.66945866,-7.74922310,0.12000138,0.12022898,2.19443137,-0.00513284,-0.01447668,-0.01430505,0.03753949,-0.03773696,3.06468520,-15.92608800,-7.72773447,3.06468520
358,142.16000000,-16.44709423,-7.69926212,3.07148816,map,37.56643025,126.97782040,0,-16.09669834,-7.72420002,0.16000215,0.16042454,2.19523712,-0.00366991,-0.01039820,-0.00990236,-0.00085391,-0.00919003,3.06187405,-16.45128414,-7.68547104,3.06187405
359,142.42000000,-17.00302674,-7.66571800,3.07034374,map,37.56643075,126.97781063,0,-16.95924770,-7.66892197,0.02000003,0.02000579,2.19500837,-0.00412010,-0.01169585,-0.01138588,0.01623978,-0.04359937,3.05899261,-17.01993498,-7.63822070,3.05899261
360,142.66000000,-17.55307679,-7.60782649,3.06638734,map,37.56643121,126.97780540,0,-17.42170329,-7.61793374,0.06000032,0.06005405,2.19445299,-0.00428658,-0.01229673,-0.01247613,0.00881504,-0.04154638,3.05631286,-17.54496075,-7.59310380,3.05631286
361,142.92000000,-18.10868814,-7.52701355,3.04216638,map,37.56643178,126.97780059,0,-17.84674071,-7.55348731,0.12000233,0.12022821,2.19576973,-0.00394012,-0.01120222,-0.01129174,0.01415701,-0.01976197,3.05307986,-18.11320227,-7.54242726,3.05307986
362,143.16000000,-18.64270618,-7.49110228,3.04091651,map,37.56643198,126.97779553,0,-18.29315147,-7.52667473,0.16000438,0.16042251,2.19589382,-0.00376969,-0.01067467,-0.01131150,-0.02608993,-0.04581446,3.05068740,-18.63802231,-7.49435956,3.05068740
363,143.42000000,-19.20568780,-7.43987507,3.04419774,map,37.56643272,126.97778569,0,-19.16207614,-7.44425224,0.02000047,0.02000617,2.19162883,-0.00620945,-0.01767864,-0.01687355,0.10545163,-0.03085145,3.04644246,-19.20535827,-7.43999735,3.04644246
364,143.66000000,-19.73557034,-7.37640564,3.04289317,map,37.56643321,126.97778069,0,-19.60444104,-7.38955057,0.06000054,0.06005369,2.19688777,-0.00296998,-0.00811793,-0.00804548,-0.02079903,0.02311080,3.04358175,-19.72952623,-7.38807153,3.04358175
365,143.92000000,-20.29209862,-7.32675480,3.04015730,map,37.56643354,126.97777587,0,-20.02996122,-7.35343792,0.12000237,0.12022829,2.19369133,0.00156282,0.00468750,0.00558817,0.03539115,0.04308589,3.04293174,-20.29788286,-7.33156796,3.04293174
366,144.16000000,-20.82208871,-7.26306479,3.04038728,map,37.56643403,126.97777086,0,-20.47249497,-7.29833308,0.16000430,0.16042247,2.19713720,0.00245198,0.00697683,0.00638783,0.68027988,0.02827958,3.04481195,-20.82243882,-7.28080403,3.04481195
367,144.42000000,-21.39075580,-7.22270041,3.05426374,map,37.56643471,126.97776097,0,-21.34695071,-7.22653016,0.02000005,0.02000580,2.19789906,0.00059403,0.00172309,0.00239698,0.01181265,-0.01011774,3.04531379,-21.39139252,-7.22594244,3.04531379
368,144.66000000,-21.92015839,-7.18923168,3.04729725,map,37.56643493,126.97775596,0,-21.78922871,-7.20161855,0.06000048,0.06005368,2.18989246,-0.00108325,-0.00308749,-0.00466105,0.04855379,-0.05638645,3.04562448,-21.91609046,-7.17552162,3.04562448
369,144.92000000,-22.48310688,-7.12714869,3.04634712,map,37.56643535,126.97775105,0,-22.22279077,-7.15294267,0.12000222,0.12022531,2.17142266,-0.01681075,-0.04802697,-0.05123697,0.07328863,-0.15271661,3.03826155,-22.48119156,-7.11713224,3.03826155
370,145.16000000,-22.98324537,-7.03633336,3.01370245,map,37.56643598,126.97774631,0,-22.64131780,-7.08257903,0.16000744,0.16040407,2.14468850,-0.04004713,-0.11475753,-0.12123143,-0.52898277,-0.40506269,3.01872010,-22.99545687,-7.05251788,3.01872010
371,145.42000000,-23.55092165,-6.96025734,2.99154174,map,37.56643687,126.97773646,0,-23.50930318,-6.96781665,0.02000017,0.02000523,2.11946708,-0.06715754,-0.19365014,-0.19678039,-0.10931771,-0.35668435,2.97629708,-23.54031294,-6.95930775,2.97629708
372,145.68000000,-24.07365173,-6.84049364,2.94562612,map,37.56643764,126.97773191,0,-23.91073576,-6.87796056,0.08000450,0.08008482,2.08616047,-0.08381273,-0.23946767,-0.24174399,-0.11473620,-0.60006597,2.91823219,-24.07051987,-6.83435504,2.91823219
373,145.96000000,-24.62958804,-6.66540644,2.86517873,map,37.56643859,126.97772733,0,-24.31399491,-6.76387947,0.16003379,0.16034438,2.07314162,-0.11526083,-0.32771734,-0.33387110,0.21325424,-0.81723770,2.83862538,-24.62288071,-6.65766990,2.83862538
374,146.22000000,-25.12012391,-6.45064761,2.79191426,map,37.56644103,126.97771853,0,-25.08301049,-6.46685434,0.02000121,0.02000457,2.01972222,-0.13371815,-0.37996531,-0.38185932,-0.08539988,-0.80718551,2.74625272,-25.10791446,-6.44634034,2.74625272
375,146.48000000,-25.57102932,-6.20434962,2.68599723,map,37.56644255,126.97771453,0,-25.43010868,-6.28283821,0.08001966,0.08006328,2.01362387,-0.13780759,-0.39248966,-0.39339472,0.04989133,-0.78170278,2.64526586,-25.56461817,-6.18836199,2.64526586
376,146.76000000,-26.04030390,-5.88388902,2.58479697,map,37.56644435,126.97771057,0,-25.77129772,-6.06536402,0.16011401,0.16024851,2.01817171,-0.13332290,-0.37729217,-0.37728323,-0.73686290,-0.60730273,2.53653972,-26.02769427,-5.85820008,2.53653972
377,147.02000000,-26.43531803,-5.51578978,2.48424009,map,37.56644881,126.97770320,0,-26.40462265,-5.54259732,0.02000216,0.02000284,2.03289376,-0.13027745,-0.38172413,-0.37897550,-0.08636084,-0.74549277,2.43671722,-26.42373076,-5.50939703,2.43671722
378,147.28000000,-26.80303828,-5.15828073,2.39964013,map,37.56645111,126.97769986,0,-26.68845375,-5.27389983,0.08004271,0.08004190,2.03906192,-0.12682054,-0.35459461,-0.35724167,-1.40904589,-1.70888944,2.34206021,-26.78600085,-5.12388184,2.34206021
379,147.52000000,-27.09292527,-4.74315542,2.30152241,map,37.56645409,126.97769694,0,-26.93691007,-4.93231056,0.12011915,0.12008085,2.05310330,-0.12842557,-0.35000377,-0.35187789,-1.62573017,-0.36573042,2.25716238,-27.08865196,-4.73863729,2.25716238
380,147.78000000,-27.40019922,-4.30869094,2.20476994,map,37.56645686,126.97769392,0,-27.18978847,-4.61252965,0.18032584,0.18015544,2.03509728,-0.11712589,-0.33287536,-0.33047356,-1.14802502,-0.56454572,2.16710085,-27.38135286,-4.29267742,2.16710085
381,148.06000000,-27.68240823,-3.80531339,2.13335677,map,37.56646301,126.97768878,0,-27.62076872,-3.91279969,0.06003620,0.06001190,2.07160233,-0.10289404,-0.29180071,-0.28930259,1.21824749,-0.28413908,2.07968580,-27.65569202,-3.78730224,2.07968580
382,148.32000000,-27.89997991,-3.32433020,2.05681692,map,37.56646621,126.97768676,0,-27.78851881,-3.55051218,0.12017028,0.12004126,2.09702981,-0.08994677,-0.25694887,-0.25379928,-3.57397708,-0.61190382,2.01021686,-27.88165425,-3.29177224,2.01021686
383,148.56000000,-28.08642562,-2.82868245,1.98703239,map,37.56646989,126.97768471,0,-27.95806673,-3.13683305,0.16032863,0.16005680,2.08671324,-0.08392948,-0.23867138,-0.23839186,0.00328055,-0.48105686,1.95174834,-28.06173580,-2.82508192,1.95174834
384,148.82000000,-28.23714267,-2.30004995,1.92003308,map,37.56647697,126.97768144,0,-28.22417000,-2.34021812,0.02000488,0.02000051,2.10910934,-0.08306904,-0.23628492,-0.23663853,-0.01364477,-0.48832897,1.89024500,-28.22867404,-2.30404440,1.89024500
385,149.06000000,-28.35574865,-1.80618149,1.85837056,map,37.56648066,126.97768019,0,-28.32409997,-1.92741946,0.06004605,0.06000314,2.08962229,-0.08146620,-0.23167372,-0.23011783,0.05934722,-0.43188592,1.83390313,-28.35382013,-1.81673551,1.83390313
386,149.32000000,-28.46347569,-1.26783281,1.80135166,map,37.56648433,126.97767908,0,-28.41037247,-1.51662871,0.12020600,0.12000937,2.13254087,-0.05806535,-0.16520705,-0.15883643,1.04729684,-0.22834509,1.78145426,-28.46342392,-1.27905120,1.78145426
387,149.56000000,-28.56227125,-0.77230948,1.77286635,map,37.56648798,126.97767800,0,-28.49740871,-1.10898785,0.16039199,0.16001448,2.12949552,-0.05082798,-0.14487103,-0.14784108,-1.05916620,-0.37363050,1.74735448,-28.55033139,-0.77238752,1.74735448
388,149.82000000,-28.61938752,-0.23076794,1.72622337,map,37.56649550,126.97767654,0,-28.61402950,-0.27281664,0.02000533,0.02000009,2.11915496,-0.06470957,-0.18435832,-0.18621980,0.00801762,-0.43896963,1.70332390,-28.62011140,-0.22632418,1.70332390
389,150.06000000,-28.66173497,0.29920884,1.67728684,map,37.56649951,126.97767599,0,-28.65235967,0.17358650,0.06004937,0.06000028,2.08895289,-0.08564955,-0.24402461,-0.25017627,-1.25461816,-0.60312322,1.65174445,-28.65649965,0.27858390,1.65174445
390,150.32000000,-28.66491509,0.83285246,1.60794561,map,37.56650322,126.97767573,0,-28.66422955,0.58723918,0.12020061,0.12000000,2.03901610,-0.11438005,-0.32525163,-0.32737500,-0.50801568,-0.65567766,1.57503838,-28.65293417,0.81315989,1.57503838
391,150.62000000,-28.59448014,1.42905247,1.51224499,map,37.56651043,126.97767614,0,-28.59932433,1.38778266,0.02000515,0.02000007,2.05453793,-0.12156485,-0.34382009,-0.33995040,-2.81604805,-0.24670431,1.47237184,-28.58759892,1.42635189,1.47237184
392,150.88000000,-28.50075551,1.95774531,1.43302459,map,37.56651414,126.97767675,0,-28.53058396,1.79741294,0.08008216,0.08000285,2.03404582,-0.12229528,-0.34760205,-0.34528530,-0.26373255,-0.60807505,1.38261606,-28.48046969,1.94507828,1.38261606
393,151.16000000,-28.35247400,2.50242279,1.34949188,map,37.56651760,126.97767769,0,-28.43411503,2.17991538,0.16036009,0.16002320,2.10147146,-0.08918219,-0.25335211,-0.24693065,-0.67756558,-0.53735688,1.29794387,-28.31757537,2.50013601,1.29794387
394,151.42000000,-28.15737669,3.01000874,1.27882228,map,37.56652478,126.97768040,0,-28.17097935,2.97072041,0.02000466,0.02000056,2.07627621,-0.09167874,-0.26067708,-0.26229890,-0.04513334,-0.60483230,1.23340200,-28.13325871,3.00978208,1.23340200
395,151.66000000,-27.93763676,3.47638572,1.20241860,map,37.56652834,126.97768234,0,-27.98691923,3.36238328,0.06004071,0.06000761,2.07578453,-0.10072971,-0.28898366,-0.29202523,-0.55708467,-0.68477219,1.16703133,-27.93166840,3.46419116,1.16703133
396,151.92000000,-27.68404267,3.93780861,1.11803117,map,37.56653162,126.97768430,0,-27.79944457,3.71997782,0.12015764,0.12004470,2.04565902,-0.11333500,-0.32205793,-0.32903965,-0.08195702,-0.75121263,1.08699550,-27.67612305,3.93624281,1.08699550
397,152.16000000,-27.41189225,4.36611846,1.04298941,map,37.56653499,126.97768655,0,-27.58580534,4.08792193,0.16026667,0.16010470,2.03818723,-0.11905212,-0.33836509,-0.33844091,-0.05205770,-0.66179276,1.00612213,-27.40569054,4.34666505,1.00612213
398,152.46000000,-27.05267600,4.81453555,0.95288042,map,37.56654081,126.97769145,0,-27.12866761,4.71836928,0.06002896,0.06001809,2.04289145,-0.12019828,-0.33907660,-0.33862651,0.37201798,-0.52175867,0.90392793,-27.02277002,4.82467476,0.90392793
399,152.72000000,-26.66194728,5.21849914,0.86240707,map,37.56654376,126.97769471,0,-26.82949063,5.03798998,0.12010829,0.12009352,2.05109664,-0.12295770,-0.35206056,-0.35441070,-0.03424756,-0.71751569,0.81461370,-26.65155274,5.20619323,0.81461370
400,152.98000000,-26.27866447,5.56891524,0.77486862,map,37.56654639,126.97769775,0,-26.54825913,5.31955687,0.18021754,0.18025573,2.02604306,-0.12142524,-0.34505844,-0.34578643,2.34618160,-0.80005057,0.72377402,-26.24825345,5.55176796,0.72377402
401,153.22000000,-25.84778818,5.84419377,0.68806372,map,37.56655110,126.97770507,0,-25.88068613,5.82018431,0.02000174,0.02000326,2.05417508,-0.12287051,-0.34720896,-0.34900712,1.16338854,-0.49190882,0.64077549,-25.84997573,5.83721965,0.64077549
402,153.46000000,-25.41182348,6.10736634,0.59786384,map,37.56655323,126.97770905,0,-25.51761275,6.04268219,0.06001347,0.06003535,2.06167012,-0.12272233,-0.35090355,-0.35256065,0.31155369,-0.49260683,0.55702039,-25.42467765,6.09131604,0.55702039
403,153.72000000,-24.96324565,6.35381308,0.52265310,map,37.56655514,126.97771277,0,-25.17976552,6.23995492,0.12004290,0.12015560,2.03833831,-0.11987100,-0.34069082,-0.34054455,-0.01487701,-0.69559827,0.46804913,-24.94862352,6.32277509,0.46804913
404,153.98000000,-24.48891137,6.52953988,0.43611089,map,37.56655670,126.97771706,0,-24.79277756,6.39927899,0.16006132,0.16033550,2.06746031,-0.12124018,-0.34469692,-0.34464031,-0.04606084,-0.69221903,0.37881873,-24.44778813,6.51365029,0.37881873
405,154.26000000,-23.94638202,6.68856162,0.33052972,map,37.56655917,126.97772572,0,-24.41364376,6.53709000,0.24005689,0.24053738,2.03733595,-0.11949565,-0.33962132,-0.33987816,-0.02016454,-0.70320979,0.28348781,-23.89561215,6.66765507,0.28348781
406,154.56000000,-23.41223517,6.75204442,0.22126422,map,37.56656001,126.97773016,0,-23.61563716,6.71506337,0.10000522,0.10015846,2.06697906,-0.12119250,-0.34455884,-0.34499718,0.02501293,-0.72032023,0.18066930,-23.28767587,6.77380226,0.18066930
407,154.82000000,-22.88697512,6.82197748,0.14192250,map,37.56656114,126.97773939,0,-23.21298092,6.78590465,0.16000317,0.16027267,2.03982136,-0.11793235,-0.33518663,-0.33354318,0.02214968,-0.64886098,0.09208823,-22.75523285,6.81499233,0.09208823
408,155.02000000,-22.38572903,6.83802840,0.07929058,map,37.56656141,126.97774397,0,-22.79551829,6.81521211,0.20000121,0.20041006,2.07820733,-0.10163459,-0.28899415,-0.28117239,-0.29128530,-0.40493346,0.02943027,-22.34379296,6.81730237,0.02943027
409,155.32000000,-21.83366903,6.81085718,0.01260884,map,37.56656134,126.97774881,0,-21.96186048,6.81182879,0.06000000,0.06006126,2.13651507,-0.04806773,-0.13670567,-0.12915641,0.18400304,-0.12293035,-0.03055970,-21.70860897,6.79307170,-0.03055970
410,155.56000000,-21.32118712,6.79575506,-0.01416280,map,37.56656129,126.97775360,0,-21.53852524,6.80000013,0.10000007,0.10018223,2.18750774,-0.00955796,-0.02717023,-0.02085772,0.22867745,0.08400295,-0.04769156,-21.18926071,6.76542036,-0.04769156
411,155.82000000,-20.75990567,6.76625386,-0.03048892,map,37.56656089,126.97776364,0,-21.10912216,6.77564534,0.16000010,0.16031465,2.17406498,0.01918503,0.05461112,0.05972045,-0.16774704,0.21385878,-0.04233633,-20.62196979,6.74079082,-0.04233633
412,156.02000000,-20.21881363,6.74226768,-0.02684561,map,37.56656073,126.97776833,0,-20.65118198,6.75113102,0.20000047,0.20045817,2.15629460,0.03542821,0.10088791,0.10521520,0.43662546,0.30833365,-0.02576029,-20.18973202,6.73164245,-0.02576029
413,156.32000000,-19.66671144,6.74035601,0.00812902,map,37.56656070,126.97777336,0,-19.79251399,6.73619483,0.06000007,0.06005888,2.09761086,0.06679388,0.18996889,0.19457419,0.16444672,0.46018616,0.01895446,-19.55239867,6.74380237,0.01895446
414,156.56000000,-19.16491615,6.76731488,0.04995717,map,37.56656077,126.97777808,0,-19.37575040,6.75152807,0.10000096,0.10017025,2.11574728,0.07583868,0.21573430,0.21607308,0.77293858,0.51378202,0.06910149,-19.04771462,6.78370884,0.06910149
415,156.82000000,-18.64565412,6.81742672,0.09740758,map,37.56656143,126.97778750,0,-18.97749236,6.77774129,0.16000419,0.16028212,2.05488555,0.09390789,0.26695073,0.27089248,0.05453015,0.63932121,0.13177931,-18.50916187,6.85960960,0.13177931
416,157.06000000,-18.14033384,6.92043730,0.16945798,map,37.56656211,126.97779200,0,-18.54522562,6.84298088,0.20001590,0.20042821,2.06766834,0.10461044,0.29740538,0.29762945,0.07176310,0.60197664,0.20112775,-18.02596986,6.96552653,0.20112775
417,157.32000000,-17.62885239,7.09467710,0.25249845,map,37.56656309,126.97779658,0,-17.74839938,7.05836679,0.06000491,0.06005314,2.07304154,0.10336008,0.28872303,0.28262279,-1.30813071,0.02034424,0.27778974,-17.50764272,7.12043847,0.27778974
418,157.56000000,-17.14889807,7.23780839,0.31256760,map,37.56656398,126.97780120,0,-17.34287155,7.16750408,0.10001908,0.10014500,2.05988333,0.10230942,0.29134414,0.29115554,-0.03904893,0.56788544,0.34803113,-17.04400782,7.29667340,0.34803113
419,157.82000000,-16.64613963,7.43482714,0.38221605,map,37.56656686,126.97780990,0,-16.95241346,7.30303005,0.16004291,0.16024387,2.08438472,0.10255424,0.29027802,0.29023577,1.48317751,1.69612983,0.42398742,-16.55441948,7.52484316,0.42398742
420,158.06000000,-16.21386882,7.70071491,0.45493639,map,37.56656841,126.97781422,0,-16.58358971,7.51113195,0.20009260,0.20035881,2.08248911,0.08706499,0.24757582,0.24403270,0.06621386,0.46000333,0.48792304,-16.11793760,7.76513863,0.48792304
421,158.32000000,-15.76005482,7.97701970,0.51210599,map,37.56657029,126.97781809,0,-15.86892587,7.91180174,0.06001587,0.06004421,2.12150641,0.07068608,0.20109017,0.19960660,-0.50016278,0.36543214,0.54458727,-15.65203158,8.05341191,0.54458727
422,158.56000000,-15.34791975,8.27986806,0.57512028,map,37.56657242,126.97782209,0,-15.52305774,8.16089705,0.10005463,0.10011831,2.11859606,0.06392850,0.17868824,0.17923205,-0.50168951,0.28994109,0.58978324,-15.23225665,8.34026853,0.58978324
423,158.82000000,-14.88615915,8.59017545,0.61157540,map,37.56657671,126.97782995,0,-15.16102218,8.39129133,0.16010277,0.16019416,2.11031036,0.05904663,0.16795675,0.16991245,0.02517019,0.40781989,0.63359735,-14.79030536,8.66945983,0.63359735
424,159.06000000,-14.43817460,8.95457073,0.65641149,map,37.56657894,126.97783377,0,-14.50339794,8.90126063,0.04000929,0.04001391,2.10508131,0.07078636,0.20012901,0.20173024,1.61268134,0.49628563,0.67895579,-14.39782977,8.99164585,0.67895579
425,159.28000000,-14.04744321,9.28995732,0.69244360,map,37.56658139,126.97783755,0,-14.17380532,9.17914404,0.08003926,0.08005102,2.09938193,0.07634482,0.21424978,0.21410638,0.22460716,0.40797967,0.72497359,-14.05527142,9.30263729,0.72497359
426,159.56000000,-13.66200668,9.67280913,0.75313430,map,37.56658392,126.97784105,0,-13.87131483,9.46766040,0.14015029,0.14015612,2.09442781,0.08321231,0.23701462,0.23324365,-1.21869668,0.85664279,0.78873328,-13.64466328,9.72109469,0.78873328
427,159.82000000,-13.31302732,10.09540758,0.81931336,map,37.56658936,126.97784758,0,-13.59397511,9.78474051,0.20023675,0.20019171,2.08791601,0.08531118,0.23908784,0.23774180,0.26189267,0.62619336,0.84974329,-13.28935072,10.13328861,0.84974329
428,160.12000000,-12.98751019,10.55569186,0.89679599,map,37.56659260,126.97785049,0,-13.06226481,10.45535364,0.06003729,0.06002069,2.08641438,0.08379520,0.24134065,0.23918130,-1.15573005,0.63461428,0.92209557,-12.91270847,10.63490728,0.92209557
429,160.38000000,-12.68659630,10.99619150,0.96542694,map,37.56659550,126.97785332,0,-12.82405209,10.78631145,0.12017249,0.12007387,2.08798933,0.08333166,0.23650382,0.23590904,0.22151840,0.55197641,0.98411122,-12.61624535,11.09044403,0.98411122
430,160.66000000,-12.37508998,11.47883873,1.01495026,map,37.56660179,126.97785840,0,-12.59095527,11.11838340,0.20033889,0.20012127,2.08981075,0.08316142,0.23726888,0.23838728,-0.01312645,0.46815819,1.05041854,-12.32747644,11.60291200,1.05041854
431,160.92000000,-12.13810603,11.97433767,1.07798469,map,37.56660506,126.97786073,0,-12.19384118,11.86194924,0.06004663,0.06001146,2.08840371,0.08267403,0.23510581,0.23548235,-0.01059643,0.49642056,1.11152524,-12.09124836,12.09210889,1.11152524
432,161.16000000,-11.93941681,12.44641101,1.13580865,map,37.56660854,126.97786276,0,-12.02258911,12.25309540,0.10014371,0.10002657,2.10518504,0.08656603,0.24622112,0.24827911,-0.08868189,0.53956444,1.16902908,-11.89961705,12.55865340,1.16902908
433,161.42000000,-11.75590987,12.96708004,1.20595195,map,37.56661539,126.97786613,0,-11.86658285,12.65504613,0.16025109,0.16003139,2.06517467,0.09538851,0.27307848,0.27370158,1.12194138,0.66758975,1.23733180,-11.72775652,13.07139118,1.23733180
434,161.66000000,-11.60895924,13.50018969,1.27523274,map,37.56661911,126.97786749,0,-11.74758303,13.02220150,0.24056688,0.24004811,2.08369555,0.10095129,0.28685313,0.28743646,0.33812744,0.58884011,1.30474273,-11.60360204,13.55394209,1.30474273
435,161.96000000,-11.48774656,14.04455414,1.34672078,map,37.56662270,126.97786891,0,-11.52663976,13.84175224,0.10015828,0.10000580,2.05738964,0.10058088,0.28592737,0.28601102,1.26382768,0.64127711,1.39118888,-11.49598578,14.16789440,1.39118888
436,162.22000000,-11.42405063,14.57232301,1.42390200,map,37.56663009,126.97787015,0,-11.46487134,14.24290628,0.16027911,0.16000499,2.08388292,0.10058962,0.28603825,0.28679148,0.74474845,0.68362912,1.46514795,-11.44561101,14.70416406,1.46514795
437,162.46000000,-11.43434337,15.16225569,1.50272691,map,37.56663379,126.97787037,0,-11.43644268,15.07892110,0.04002271,0.04000002,2.07565219,0.10108468,0.28768885,0.28761104,0.05319129,0.72677344,1.53448171,-11.43471170,15.20483537,1.53448171
438,162.72000000,-11.43432765,15.71921043,1.56917429,map,37.56663770,126.97787060,0,-11.42759262,15.51263085,0.10014767,0.10000016,2.06498258,0.10006695,0.28449126,0.28456196,-0.02325915,0.57860375,1.60853367,-11.46144768,15.74161662,1.60853367
439,162.98000000,-11.51737065,16.21793869,1.64540668,map,37.56664106,126.97787012,0,-11.48421530,15.88525164,0.16040487,0.16000409,2.08986505,0.09761591,0.27646543,0.27966147,1.25211777,1.16906524,1.68168133,-11.52780079,16.28005535,1.68168133
440,163.22000000,-11.60818396,16.72517110,1.70909662,map,37.56664869,126.97786900,0,-11.54208588,16.31443659,0.20040945,0.20001188,2.07134113,0.09533398,0.27107902,0.27063496,-0.00338069,0.54885997,1.74720309,-11.62231530,16.77012841,1.74720309
441,163.48000000,-11.75343491,17.24128211,1.78178376,map,37.56665222,126.97786784,0,-11.72254672,17.11954745,0.06004932,0.06000318,2.09501610,0.09530373,0.27104143,0.27009305,0.34077395,0.51067950,1.81767597,-11.76046411,17.29372921,1.81767597
442,163.76000000,-11.88691110,17.72716700,1.84943343,map,37.56665591,126.97786680,0,-11.82379496,17.52756664,0.10015367,0.10001539,2.09555530,0.07736612,0.22002900,0.21447086,0.21573673,0.30698592,1.88620633,-11.94704411,17.84871617,1.88620633
443,164.02000000,-12.08245374,18.25678364,1.89439155,map,37.56666320,126.97786365,0,-11.96958626,17.93447198,0.16026947,0.16003252,2.14279374,0.05190232,0.14768944,0.14589472,-0.36000171,0.28151148,1.93066364,-12.14596955,18.36492398,1.93066364
444,164.22000000,-12.27317050,18.73094021,1.92678733,map,37.56666678,126.97786186,0,-12.12034838,18.33026057,0.20039180,0.20005601,2.14055223,0.04642729,0.13017010,0.12642470,-1.30270506,0.47525857,1.95815770,-12.31159351,18.76018807,1.95815770
445,164.46000000,-12.48352435,19.20063243,1.96020614,map,37.56667039,126.97785991,0,-12.46353095,19.12383697,0.24056110,0.24009594,2.15861589,0.03525952,0.10034932,0.09721835,-0.03982433,0.11717769,1.98587066,-12.52226903,19.23055474,1.98587066
446,164.72000000,-12.72998387,19.69466184,1.98681039,map,37.56667377,126.97785796,0,-12.64069485,19.49671398,0.10013550,0.10002758,2.17320021,0.02261541,0.06364139,0.06363593,1.50869493,0.15038821,2.00602330,-12.76167022,19.74080399,2.00602330
447,164.96000000,-12.96350082,20.16661783,2.00598575,map,37.56667733,126.97785582,0,-12.83367282,19.89062937,0.14027354,0.14006054,2.18522785,0.01108508,0.03122249,0.02691469,0.19406419,0.05551074,2.01811306,-12.98913818,20.21131558,2.01811306
448,165.22000000,-13.21608161,20.66645386,2.02311903,map,37.56668445,126.97785134,0,-13.02416936,20.27127084,0.20038393,0.20008819,2.19564120,0.00397680,0.01132290,0.01118753,0.01967716,0.03341217,2.02223819,-13.23848723,20.72453278,2.02223819
449,165.46000000,-13.45454164,21.15943619,2.02285994,map,37.56668807,126.97784928,0,-13.41606765,21.08058963,0.04002017,0.04000480,2.19351720,0.00479372,0.01364867,0.01420631,0.01550434,0.01732225,2.02497213,-13.46983934,21.19791412,2.02497213
450,165.68000000,-13.66457070,21.61939724,2.01573059,map,37.56669186,126.97784709,0,-13.60782587,21.50122087,0.06004638,0.06001070,2.18572738,0.00769915,0.02191897,0.02220163,0.01056469,0.05473415,2.02892499,-13.68332440,21.63000600,2.02892499
451,165.92000000,-13.91249640,22.11004199,2.02026077,map,37.56669521,126.97784495,0,-13.79787110,21.87330078,0.12018621,0.12004365,2.20084078,0.00254849,0.00725535,0.00595762,1.01548691,-0.01008364,2.03270876,-13.91853457,22.10126086,2.03270876
452,166.16000000,-14.14124358,22.59951498,2.02101592,map,37.56669890,126.97784280,0,-13.98812225,22.28286698,0.16034526,0.16008106,2.19366912,0.00178997,0.00509662,0.00605918,0.02930147,0.03602301,2.03353759,-14.15413408,22.57336637,2.03353759
453,166.42000000,-14.40671032,23.10189867,2.03196516,map,37.56670593,126.97783829,0,-14.38707693,23.06281105,0.02000460,0.02000116,2.18655221,0.01049804,0.03143833,0.03083417,-0.22386166,0.13807979,2.03882064,-14.41070962,23.08096950,2.03882064
454,166.66000000,-14.65538079,23.55361206,2.04649660,map,37.56670932,126.97783597,0,-14.59486619,23.43738565,0.06004224,0.06001145,2.18356464,0.01215580,0.03460544,0.03490061,-0.02274951,0.08275652,2.04669050,-14.65161510,23.54685800,2.04669050
455,166.92000000,-14.90489213,24.01099409,2.06094828,map,37.56671278,126.97783368,0,-14.80134405,23.81928602,0.10012708,0.10003709,2.18107798,0.01726791,0.04915789,0.04970393,-0.00487706,0.14727292,2.05757579,-14.91727639,24.04759610,2.05757579
456,167.16000000,-15.14889014,24.46914050,2.06720302,map,37.56671623,126.97783142,0,-15.00223595,24.20104204,0.14025803,0.14007724,2.18170547,0.01367353,0.03892507,0.03719146,0.06231580,0.07043115,2.06859385,-15.16825374,24.50699361,2.06859385
457,167.42000000,-15.42915265,25.00813689,2.05821405,map,37.56672315,126.97782681,0,-15.40882298,24.96937474,0.02000454,0.02000125,2.18733961,-0.01115589,-0.03176039,-0.03937112,0.43463582,-0.22438444,2.06905841,-15.44137919,25.00695800,2.06905841
458,167.68000000,-15.67123372,25.47704523,2.04545251,map,37.56672667,126.97782446,0,-15.61419204,25.36167595,0.06004400,0.06001075,2.13929547,-0.04493121,-0.12784846,-0.13436415,-0.17001237,-0.41519277,2.04632816,-15.69717849,25.50486568,2.04632816
459,167.92000000,-15.90174586,25.93243531,2.01892845,map,37.56673005,126.97782216,0,-15.81376224,25.73906751,0.10012905,0.10002668,2.12222928,-0.07105896,-0.20215317,-0.20684977,-0.09537835,-0.51962831,2.00492198,-15.90894482,25.96961402,2.00492198
460,168.16000000,-16.09771443,26.43957589,1.97024561,map,37.56673356,126.97782028,0,-15.97501361,26.13115104,0.16032860,0.16005175,2.05666935,-0.09014860,-0.25731553,-0.26190674,0.25564655,-0.60320704,1.94835434,-16.08842319,26.43669713,1.94835434
461,168.42000000,-16.25667899,26.93064819,1.90622406,map,37.56674046,126.97781704,0,-16.11499788,26.49855622,0.22044596,0.22004558,2.06353772,-0.11524147,-0.32751713,-0.33150611,0.07847067,-0.77062450,1.87095553,-16.24177205,26.95219436,1.87095553
462,168.68000000,-16.35539689,27.45773051,1.82058011,map,37.56674431,126.97781581,0,-16.33121000,27.33788781,0.06004784,0.06000195,2.02737554,-0.12441684,-0.35356673,-0.35274950,1.31680622,-0.77335548,1.77983736,-16.34510441,27.47651462,1.77983736
463,168.92000000,-16.41590580,27.97076517,1.73676107,map,37.56674780,126.97781507,0,-16.38510709,27.72818946,0.12019581,0.12000313,2.03969467,-0.12396589,-0.35339916,-0.35387591,0.05400933,-0.76430272,1.69514171,-16.39631103,27.96244427,1.69514171
464,169.18000000,-16.43682545,28.49171743,1.64867072,map,37.56675131,126.97781452,0,-16.41833414,28.11990066,0.18048741,0.18000115,2.06303479,-0.11959435,-0.34018794,-0.33650401,-0.57867119,-0.30149525,1.60445032,-16.40617723,28.49882212,1.60445032
465,169.42000000,-16.38543539,29.00407194,1.56779366,map,37.56675889,126.97781452,0,-16.38764513,28.96303222,0.02000507,0.02000002,2.05117495,-0.11037781,-0.31375545,-0.31188804,-0.09078231,-0.60380184,1.52661138,-16.37563771,28.99107510,1.52661138
466,169.68000000,-16.32467144,29.53454510,1.49509052,map,37.56676254,126.97781486,0,-16.34315635,29.36778940,0.08008879,0.08000110,2.10064469,-0.09013226,-0.25635040,-0.25186546,0.03061480,-0.57717293,1.45223364,-16.30459581,29.52695508,1.45223364
467,169.96000000,-16.22382487,30.10325990,1.43240795,map,37.56676617,126.97781551,0,-16.27647575,29.77058872,0.16038137,0.16001003,2.10518299,-0.07022300,-0.19973565,-0.19830545,0.00772018,-0.39329128,1.39139228,-16.19514652,30.10504963,1.39139228
468,170.22000000,-16.06771059,30.63772149,1.36620752,map,37.56677364,126.97781751,0,-16.07760323,30.59643642,0.02000514,0.02000030,2.12343959,-0.06956975,-0.19791877,-0.19877270,0.18622480,-0.47647562,1.34074110,-16.06576095,30.63971944,1.34074110
469,170.46000000,-15.93533108,31.13557620,1.32209173,map,37.56677743,126.97781861,0,-15.97002498,31.01507054,0.06004546,0.06000377,2.08493970,-0.08572650,-0.24353715,-0.24893432,-0.14939234,-0.60927281,1.28873611,-15.92070233,31.12299724,1.28873611
470,170.72000000,-15.75467359,31.60244022,1.25715778,map,37.56678065,126.97781999,0,-15.83820127,31.36931100,0.12018069,0.12002327,2.06007332,-0.09903586,-0.28162531,-0.28339621,0.24672823,-0.55526653,1.21868371,-15.72984591,31.62600508,1.21868371
471,170.96000000,-15.54402721,32.08663888,1.18786015,map,37.56678439,126.97782170,0,-15.67612090,31.78138708,0.16032191,0.16006057,2.06404901,-0.09945539,-0.28274703,-0.28231140,-1.59480249,-0.41683366,1.15015153,-15.51948901,32.07822667,1.15015153
472,171.22000000,-15.27634412,32.55775091,1.12124997,map,37.56679114,126.97782574,0,-15.29606090,32.52108888,0.02000406,0.02000118,2.07948787,-0.09660694,-0.27470034,-0.27050627,-0.40123960,-0.48776622,1.07698720,-15.25840928,32.54933721,1.07698720
473,171.46000000,-14.99997304,32.97760960,1.05253467,map,37.56679433,126.97782823,0,-15.06610625,32.86961563,0.06003653,0.06001370,2.10814950,-0.07945400,-0.22065877,-0.21444488,-1.10685822,-0.55173874,1.01834803,-14.98863876,32.97397058,1.01834803
474,171.72000000,-14.68760019,33.42270881,0.99452437,map,37.56679748,126.97783078,0,-14.83006539,33.21334072,0.12014578,0.12006759,2.11487310,-0.06683285,-0.18294650,-0.17859611,0.10595056,-0.26563463,0.96735507,-14.67329613,33.42315672,0.96735507
475,171.96000000,-14.36994703,33.83872940,0.95601533,map,37.56680067,126.97783362,0,-14.57098758,33.56162927,0.16026464,0.16013969,2.14931749,-0.04514813,-0.12684177,-0.12596602,0.55067430,-0.11172699,0.93103769,-14.36364056,33.83197193,0.93103769
476,172.22000000,-14.01613185,34.27672770,0.92466515,map,37.56680687,126.97783949,0,-14.04257467,34.24299283,0.02000384,0.02000252,2.14190980,-0.04300712,-0.12235461,-0.12450953,-0.01792603,-0.30628997,0.89946162,-14.01474032,34.26708168,0.89946162
477,172.46000000,-13.69580473,34.68101418,0.89912530,map,37.56680996,126.97784244,0,-13.77742345,34.58216800,0.06003047,0.06002078,2.13984214,-0.05240578,-0.14911822,-0.15368827,-0.15876362,-0.45806657,0.86700602,-13.68026865,34.65676888,0.86700602
478,172.72000000,-13.30731229,35.03153528,0.83586395,map,37.56681239,126.97784575,0,-13.47977589,34.84822735,0.12011150,0.12009886,2.09200518,-0.07535769,-0.21723492,-0.21904219,-0.85853663,-0.48584369,0.81749539,-13.30307676,35.05504828,0.81749539
479,172.96000000,-12.94557556,35.39342447,0.77609881,map,37.56681531,126.97784892,0,-13.19008938,35.16323924,0.16018244,0.16020639,2.10104286,-0.08477511,-0.23577858,-0.23826407,0.07972636,-0.47936629,0.76197174,-12.93476549,35.39838842,0.76197174
480,173.22000000,-12.52410076,35.75248583,0.73804096,map,37.56682049,126.97785595,0,-12.55610463,35.72556193,0.02000218,0.02000308,2.08086818,-0.08543338,-0.24293134,-0.24322182,0.00171691,-0.49027170,0.69931330,-12.51426782,35.74543322,0.69931330
481,173.46000000,-12.10727899,36.04410405,0.67354381,map,37.56682276,126.97785982,0,-12.20790600,35.96921379,0.06001754,0.06003168,2.09680964,-0.08593933,-0.24441349,-0.24426633,-1.10719302,-0.46642711,0.64071730,-12.10907420,36.03985340,0.64071730
482,173.72000000,-11.66695622,36.34766604,0.61288305,map,37.56682500,126.97786347,0,-11.87725483,36.20789492,0.12006486,0.12014711,2.09798830,-0.08641985,-0.24578517,-0.24627873,0.37203484,-1.07462351,0.57690821,-11.64777615,36.33378867,0.57690821
483,173.96000000,-11.22330803,36.58259887,0.55504578,map,37.56682692,126.97786755,0,-11.51052312,36.41306598,0.16009913,0.16028551,2.08138942,-0.08788183,-0.24989517,-0.25002225,-0.02104127,-0.51436220,0.51778946,-11.21051557,36.57574907,0.51778946
484,174.22000000,-10.71735651,36.80885288,0.48744609,map,37.56683050,126.97787597,0,-10.75527405,36.79070305,0.02000099,0.02000433,2.09957693,-0.09179973,-0.26109069,-0.26154271,-0.02274993,-0.54378165,0.45099877,-10.71794750,36.80820411,0.45099877
485,174.46000000,-10.24671929,36.99646074,0.41935951,map,37.56683203,126.97788035,0,-10.36250484,36.94978245,0.06000681,0.06004195,2.07612429,-0.09073761,-0.25800116,-0.25868359,-0.04623192,-0.57346607,0.38878735,-10.25259646,36.99168741,0.38878735
486,174.72000000,-9.75940319,37.16603347,0.35950765,map,37.56683336,126.97788443,0,-9.99669087,37.08436838,0.12002213,0.12018734,2.09481050,-0.09132151,-0.25968325,-0.25933191,0.03831893,-0.54089216,0.32155470,-9.73615246,37.15769442,0.32155470
487,174.96000000,-9.25698170,37.30639480,0.30337434,map,37.56683461,126.97788911,0,-9.57954649,37.21350014,0.16002967,0.16035989,2.08633933,-0.09096641,-0.25876032,-0.25845246,-1.05489195,-0.50525502,0.25917921,-9.24809946,37.28038470,0.25917921
488,175.22000000,-8.72391720,37.39703447,0.23580217,map,37.56683638,126.97789826,0,-8.76490898,37.38894009,0.02000020,0.02000508,2.08436186,-0.08958941,-0.25603570,-0.25533880,0.06846281,-0.52346431,0.19235705,-8.71615984,37.37815826,0.19235705
489,175.46000000,-8.21276313,37.46609480,0.17713558,map,37.56683701,126.97790307,0,-8.33781126,37.44782922,0.06000145,0.06004929,2.11013731,-0.07935452,-0.22566675,-0.21950593,1.10610617,-0.33215660,0.13375461,-8.21497238,37.43911712,0.13375461
490,175.72000000,-7.67460794,37.50776486,0.12425275,map,37.56683739,126.97790768,0,-7.92839622,37.48041876,0.12000248,0.12021374,2.13957755,-0.04815914,-0.13703267,-0.13431141,0.25091340,-0.22977788,0.08816418,-7.66500328,37.48292382,0.08816418
491,175.96000000,-7.15163434,37.51387842,0.07596299,map,37.56683757,126.97791259,0,-7.49395278,37.49161951,0.16000211,0.16040319,2.13997961,-0.05148311,-0.14649193,-0.15002245,0.49394707,-0.41417225,0.05579660,-7.15063690,37.50867800,0.05579660
492,176.22000000,-6.60217137,37.52140615,0.03586235,map,37.56683801,126.97792219,0,-6.64390005,37.52151865,0.02000000,0.02000524,2.08179865,-0.08757808,-0.24903232,-0.26099585,-0.30542069,-0.76345723,0.00532561,-6.60297841,37.50886476,0.00532561
493,176.48000000,-6.08720429,37.47480455,-0.04070430,map,37.56683781,126.97792665,0,-6.25043643,37.48873315,0.08000062,0.08008506,2.06621523,-0.12155191,-0.34557774,-0.34701251,-0.28540829,-0.73479723,-0.07651709,-6.07334067,37.46184192,-0.07651709
494,176.72000000,-5.58865171,37.39398830,-0.12109577,map,37.56683744,126.97793142,0,-5.82981096,37.43288948,0.12000547,0.12019264,2.04223637,-0.12117152,-0.34420405,-0.34423672,-0.00479022,-0.67202600,-0.15933999,-5.58952904,37.37484728,-0.15933999
495,176.98000000,-5.07402759,37.26259002,-0.20476131,map,37.56683681,126.97793595,0,-5.43152964,37.34741858,0.18002558,0.18044900,2.03632618,-0.11993584,-0.34086754,-0.34093149,-0.01305475,-0.71400768,-0.24819312,-5.07742645,37.23671340,-0.24819312
496,177.22000000,-4.59696433,37.07487851,-0.28905553,map,37.56683476,126.97794503,0,-4.63592828,37.08896819,0.02000060,0.02000459,2.04922721,-0.11779329,-0.33482517,-0.33001102,-2.30979965,0.02338935,-0.33009907,-4.61407983,37.06834552,-0.33009907
497,177.48000000,-4.13191848,36.84806862,-0.37592274,map,37.56683331,126.97794909,0,-4.28130736,36.91494728,0.08001431,0.08007132,2.05140920,-0.11987609,-0.34059868,-0.34075062,-0.01686370,-0.69355109,-0.41794100,-4.13140368,36.84526558,-0.41794100
498,177.76000000,-3.62168437,36.60094600,-0.46155127,map,37.56683200,126.97795337,0,-3.90924893,36.75532800,0.16008274,0.16028568,2.03527552,-0.11808585,-0.33258813,-0.33434129,1.20946996,-0.20237393,-0.51234782,-3.63604861,36.55900489,-0.51234782
499,178.02000000,-3.19866149,36.27323976,-0.55836761,map,37.56682811,126.97796119,0,-3.23219035,36.29681271,0.02000168,0.02000340,2.04595547,-0.11794691,-0.32871789,-0.32649780,-0.00353966,-0.67830403,-0.59804241,-3.20083538,36.25286927,-0.59804241
500,178.26000000,-2.81177987,35.94336375,-0.62989242,map,37.56682575,126.97796496,0,-2.90846405,36.02092762,0.06001885,0.06002927,2.04869185,-0.11621610,-0.33244168,-0.33231351,0.03281486,-0.64952626,-0.67782854,-2.82081531,35.93561584,-0.67782854
501,178.52000000,-2.42654618,35.58456563,-0.71668050,map,37.56682343,126.97796847,0,-2.60587657,35.75269196,0.12009417,0.12010691,2.04813785,-0.11258488,-0.32001790,-0.31909465,-0.02764266,-0.64313403,-0.76196761,-2.44140653,35.56291598,-0.76196761
502,178.76000000,-2.09960603,35.18938687,-0.79848975,map,37.56682066,126.97797177,0,-2.32409613,35.43351908,0.16020595,0.16017354,2.07649150,-0.11295770,-0.32118197,-0.32119449,0.00794874,-0.67840002,-0.83875028,-2.11599644,35.18836808,-0.83875028
503,179.02000000,-1.77571502,34.75162655,-0.87625673,map,37.56681501,126.97797796,0,-1.80042600,34.78456696,0.02000327,0.02000184,2.04871908,-0.11121967,-0.31614006,-0.31584333,-0.03402029,-0.63592751,-0.92099019,-1.79798681,34.75783235,-0.92099019
504,179.28000000,-1.50461961,34.29939983,-0.96117076,map,37.56681196,126.97798041,0,-1.59397994,34.43918395,0.08006240,0.08002548,2.07061965,-0.11011718,-0.31308307,-0.31243849,0.15920978,-0.65853232,-1.00265803,-1.51573586,34.30217777,-1.00265803
505,179.56000000,-1.22855360,33.79699439,-1.04848385,map,37.56680887,126.97798291,0,-1.38518031,34.08765109,0.16029123,0.16008446,2.04783451,-0.10647034,-0.30263642,-0.30391223,1.05644038,-0.73719607,-1.08912756,-1.25243159,33.78579566,-1.08912756
506,179.82000000,-1.03922660,33.29930679,-1.12801140,map,37.56680224,126.97798693,0,-1.05515001,33.33757611,0.02000484,0.02000117,2.07092920,-0.10659991,-0.30231638,-0.30193172,0.02050447,-0.62696960,-1.16844363,-1.04917745,33.29011496,-1.16844363
507,180.06000000,-0.88711051,32.81086757,-1.20033774,map,37.56679861,126.97798851,0,-0.92755682,32.92919415,0.06004401,0.06000549,2.07667251,-0.10437546,-0.29677880,-0.29619144,0.65181997,-0.62366311,-1.24040810,-0.89429552,32.81478517,-1.24040810
508,180.32000000,-0.75846204,32.29423477,-1.28241056,map,37.56679509,126.97798986,0,-0.82117328,32.53378191,0.12019022,0.12001298,2.06316051,-0.10230320,-0.29084257,-0.29004855,-0.01221894,-0.58007038,-1.31656829,-0.76561920,32.29304512,-1.31656829
509,180.56000000,-0.66535900,31.78515389,-1.34794079,map,37.56679134,126.97799104,0,-0.73132529,32.11324165,0.16037211,0.16001493,2.09917689,-0.09070259,-0.25794792,-0.25505309,-0.87248463,-0.45142432,-1.38268445,-0.67921598,31.79958043,-1.38268445
510,180.82000000,-0.60899180,31.26509929,-1.40360283,map,37.56678411,126.97799259,0,-0.61446813,31.30661081,0.02000521,0.02000009,2.09236741,-0.07973292,-0.22675162,-0.22397549,0.07995407,-0.38807100,-1.44459928,-0.61612144,31.25835739,-1.44459928
511,181.06000000,-0.57730574,30.75257353,-1.46175140,map,37.56678029,126.97799300,0,-0.58853457,30.88031895,0.06005112,0.06000040,2.14641959,-0.04877065,-0.13878392,-0.12764768,0.22845245,-0.08483130,-1.48965033,-0.58041975,30.75046929,-1.48965033
512,181.32000000,-0.53881909,30.17763287,-1.48129148,map,37.56677632,126.97799339,0,-0.56199078,30.43949663,0.12022801,0.12000179,2.17839120,0.00415547,0.01182936,0.01347877,0.03740216,0.03953134,-1.49966051,-0.54273163,30.18446444,-1.49966051
513,181.56000000,-0.51113787,29.66319341,-1.48799165,map,37.56677248,126.97799365,0,-0.54058835,30.01291077,0.16042298,0.16000300,2.19554989,0.00413089,0.01170262,0.01129101,0.12979646,0.04734929,-1.49620074,-0.50317009,29.66014103,-1.49620074
514,181.82000000,-0.44728139,29.10014036,-1.47924541,map,37.56676465,126.97799468,0,-0.45138582,29.14381304,0.02000576,0.02000005,2.19307587,0.00490666,0.01415348,0.01343078,0.05197509,-0.04694286,-1.49288245,-0.45858754,29.09143153,-1.49288245
515,182.06000000,-0.41187685,28.56923272,-1.48234400,map,37.56676065,126.97799497,0,-0.42334710,28.70018248,0.06005370,0.06000041,2.19010582,-0.00394856,-0.01124191,-0.01301029,0.03810791,-0.06460364,-1.49289363,-0.41730059,28.56633874,-1.49289363
516,182.32000000,-0.37807262,28.00606222,-1.49729834,map,37.56675676,126.97799528,0,-0.39680102,28.26835661,0.12022882,0.12000117,2.19103132,-0.00807240,-0.02298290,-0.02339018,0.02636185,-0.07285254,-1.49814196,-0.37619871,27.99817717,-1.49814196
517,182.56000000,-0.35129297,27.48656114,-1.50668163,map,37.56675287,126.97799559,0,-0.37298150,27.83593749,0.16042208,0.16000162,2.18747234,-0.00926997,-0.02639104,-0.02608872,-0.03229192,-0.05255018,-1.50437093,-0.34189741,27.47415069,-1.50437093
518,182.82000000,-0.29583899,26.91683553,-1.50170256,map,37.56674498,126.97799647,0,-0.29870173,26.96054836,0.02000577,0.02000003,2.19059130,-0.00858476,-0.02444131,-0.02406993,-0.00570262,-0.06421792,-1.51125585,-0.30857952,26.90625188,-1.51125585
519,183.06000000,-0.29049368,26.39472624,-1.51047573,map,37.56674107,126.97799646,0,-0.29810605,26.52601112,0.06005428,0.06000059,2.19280866,-0.00531777,-0.01514049,-0.01378894,0.03803275,0.01224645,-1.51626445,-0.28048644,26.38104926,-1.51626445
520,183.32000000,-0.24084240,25.81040368,-1.51708772,map,37.56673699,126.97799696,0,-0.25471134,26.07349510,0.12022958,0.12000064,2.19558943,-0.00399266,-0.01136811,-0.01219311,-0.02384261,-0.07383478,-1.51905900,-0.25117799,25.81104642,-1.51905900
521,183.56000000,-0.22604151,25.28785783,-1.51800803,map,37.56673306,126.97799710,0,-0.24385657,25.63716233,0.16042135,0.16000109,2.17842798,-0.01322558,-0.03780953,-0.03989686,0.22341944,-0.11546052,-1.52491849,-0.22731991,25.28660016,-1.52491849
522,183.82000000,-0.20362302,24.72751188,-1.53144185,map,37.56672526,126.97799759,0,-0.20500995,24.77099988,0.02000571,0.02000001,2.17424288,-0.01769624,-0.05047481,-0.05174159,0.02393985,-0.14013658,-1.53700738,-0.20895310,24.72078286,-1.53700738
523,184.06000000,-0.20193079,24.20729769,-1.54284525,map,37.56672136,126.97799761,0,-0.20469524,24.33775771,0.06005329,0.06000002,2.18036657,-0.01764165,-0.05022095,-0.04864934,-0.01987675,-0.05394390,-1.54963983,-0.19910629,24.19791364,-1.54963983
524,184.32000000,-0.19514655,23.62211631,-1.55758028,map,37.56671727,126.97799771,0,-0.19762886,23.88403321,0.12022818,0.12000002,2.18713088,-0.01175649,-0.03347004,-0.03289532,-0.05077380,-0.06805448,-1.56001541,-0.19393443,23.63055083,-1.56001541
525,184.56000000,-0.18718070,23.10163320,-1.56028627,map,37.56671337,126.97799782,0,-0.19007315,23.45185029,0.16042415,0.16000003,2.19004806,-0.00908083,-0.02585338,-0.02630731,-0.00284527,-0.07730805,-1.56683349,-0.19255745,23.10533864,-1.56683349
526,184.82000000,-0.18523095,22.53254364,-1.56841357,map,37.56670549,126.97799791,0,-0.18515242,22.57628476,0.02000578,0.02000000,2.18684136,-0.00973193,-0.02770604,-0.02737177,-0.00436823,-0.07810762,-1.57415303,-0.19497619,22.53665695,-1.57415303
527,185.06000000,-0.19135150,22.03195076,-1.56727423,map,37.56670176,126.97799784,0,-0.19142539,22.16334093,0.06005406,0.06000000,2.19198348,-0.00731404,-0.02082403,-0.01965189,0.00971988,-0.01441237,-1.58014715,-0.20052781,22.01143909,-1.58014715
528,185.28000000,-0.20412264,21.52163060,-1.57883888,map,37.56669757,126.97799770,0,-0.20251575,21.69788421,0.08009943,0.08000042,2.19730880,-0.00189257,-0.00532336,-0.00338819,-0.52919749,0.00932457,-1.58278150,-0.20676301,21.52827127,-1.58278150
529,185.52000000,-0.21228178,21.00849923,-1.58096883,map,37.56669373,126.97799764,0,-0.21005464,21.27146496,0.12022935,0.12000002,2.18916661,0.00988476,0.02814213,0.03203818,-0.09999102,0.14476183,-1.57960924,-0.21147317,21.00261038,-1.57960924
530,185.76000000,-0.22723387,20.48346864,-1.57742650,map,37.56668976,126.97799746,0,-0.22629868,20.83094666,0.16041549,0.16000041,2.17497505,0.01824949,0.05194866,0.05135780,0.01959689,0.11081706,-1.56841373,-0.20936674,20.48085227,-1.56841373
531,186.02000000,-0.18590842,19.89723298,-1.54985571,map,37.56668174,126.97799786,0,-0.18705310,19.94091466,0.02000574,0.02000000,2.18724357,0.01181177,0.03360196,0.03130411,0.06029047,0.01633452,-1.55729765,-0.20066918,19.91348905,-1.55729765
532,186.28000000,-0.18553783,19.35472333,-1.55096986,map,37.56667804,126.97799780,0,-0.18904965,19.53069745,0.08009880,0.08000004,2.19837154,-0.00148588,-0.00423054,-0.00678757,-0.03204848,-0.05440801,-1.55433923,-0.19059080,19.34271143,-1.55433923
533,186.52000000,-0.18367924,18.80960914,-1.56237506,map,37.56667391,126.97799785,0,-0.18539016,19.07230825,0.12022941,0.12000001,2.18835390,-0.00861279,-0.02452056,-0.02704209,-0.08233233,-0.10715055,-1.55835402,-0.18423905,18.81711033,-1.55835402
534,186.76000000,-0.19351789,18.28287124,-1.57338696,map,37.56666993,126.97799782,0,-0.19142687,18.63057981,0.16041635,0.16000043,2.18036353,-0.01717625,-0.04889655,-0.04935644,0.01619177,-0.10181551,-1.56831507,-0.18364628,18.29450120,-1.56831507
535,187.02000000,-0.18390606,17.72427298,-1.57289695,map,37.56666216,126.97799795,0,-0.18355734,17.76794521,0.02000576,0.02000000,2.18255672,-0.01347369,-0.03832397,-0.03757827,0.04085673,-0.05533630,-1.57980226,-0.18974150,17.72708235,-1.57980226
536,187.26000000,-0.18317965,17.20214645,-1.57297583,map,37.56665825,126.97799795,0,-0.18255824,17.33370581,0.06005419,0.06000000,2.19462409,-0.00495574,-0.01411004,-0.01108932,0.26060503,0.03739187,-1.58610641,-0.19863238,17.20190415,-1.58610641
537,187.52000000,-0.20628666,16.61528911,-1.58155924,map,37.56665415,126.97799770,0,-0.20360789,16.87859800,0.12023057,0.12000002,2.19544199,0.00337030,0.00959602,0.01002674,0.01844119,0.03499015,-1.58544835,-0.20719264,16.63121967,-1.58544835
538,187.76000000,-0.22320721,16.09921027,-1.59029248,map,37.56665029,126.97799757,0,-0.21664272,16.45040021,0.16042648,0.16000015,2.19688412,0.00277931,0.00791366,0.00751515,-0.01368024,-0.01380113,-1.58309381,-0.21341344,16.10431427,-1.58309381
539,188.02000000,-0.22107748,15.54370830,-1.58231689,map,37.56664252,126.97799755,0,-0.22060092,15.58768142,0.02000582,0.02000000,2.19799452,0.00175281,0.00499875,0.00491713,-0.02479261,0.00987070,-1.58179379,-0.21958151,15.53280291,-1.58179379
540,188.26000000,-0.22715307,15.01081204,-1.57940195,map,37.56663851,126.97799747,0,-0.22607061,15.14273684,0.06005444,0.06000000,2.19879750,0.00121953,0.00347224,0.00329808,0.00868594,-0.00357012,-1.58085854,-0.22479029,15.00521346,-1.58085854
541,188.52000000,-0.24197650,14.43483148,-1.58437272,map,37.56663451,126.97799732,0,-0.23847343,14.69863540,0.12023137,0.12000004,2.19833081,0.00107870,0.00307133,0.00342555,0.01848573,0.02580300,-1.58015596,-0.23009154,14.43356620,-1.58015596
542,188.76000000,-0.23668090,13.89862555,-1.57971006,map,37.56663046,126.97799739,0,-0.23385854,14.24942238,0.16042538,0.16000003,2.18716114,0.00734935,0.02093214,0.02175121,-0.01777325,0.05696893,-1.57719248,-0.23340030,13.90707989,-1.57719248
543,189.02000000,-0.23235241,13.33024331,-1.56952109,map,37.56662257,126.97799736,0,-0.23258289,13.37399364,0.02000576,0.02000000,2.18877531,0.00915729,0.02607100,0.02613028,-0.04727354,0.08153029,-1.57070915,-0.23293554,13.33786647,-1.57070915
544,189.26000000,-0.22898234,12.80572078,-1.56638447,map,37.56661864,126.97799738,0,-0.22993184,12.93710402,0.06005430,0.06000041,2.19052803,0.00701332,0.01994421,0.01923890,0.01595582,0.03519320,-1.56481400,-0.22915006,12.81263814,-1.56481400
545,189.52000000,-0.21825777,12.25503045,-1.55982825,map,37.56661486,126.97799747,0,-0.22162179,12.51797504,0.12022926,0.12000004,2.19271075,0.00665049,0.01893494,0.01954935,-0.01973829,0.02498423,-1.56009478,-0.22272076,12.24254365,-1.56009478
546,189.76000000,-0.22045909,11.71279973,-1.55874496,map,37.56661076,126.97799742,0,-0.22522393,12.06328369,0.16042261,0.16000049,2.19076211,0.00684438,0.01948964,0.01882019,-0.00548062,0.05300527,-1.55540926,-0.21419963,11.71676702,-1.55540926
547,190.02000000,-0.19848313,11.13901380,-1.55143139,map,37.56660283,126.97799771,0,-0.19946083,11.18284881,0.02000622,0.02000041,2.19211674,0.00692088,0.01970223,0.01982185,0.04646416,-0.00721107,-1.55039614,-0.20223598,11.14704827,-1.55039614
548,190.26000000,-0.18333381,10.61529583,-1.54266071,map,37.56659890,126.97799782,0,-0.18734202,10.74667458,0.06005387,0.06000005,2.19235390,0.00599918,0.01708049,0.01638279,0.00164438,-0.01184832,-1.54581600,-0.18864169,10.62118039,-1.54581600
549,190.52000000,-0.15698478,10.05978726,-1.53735664,map,37.56659508,126.97799804,0,-0.16617989,10.32292142,0.12022943,0.12000069,2.19551403,0.00552085,0.01571917,0.01574261,0.04037901,0.03251440,-1.54191654,-0.17189678,10.05098311,-1.54191654
550,190.76000000,-0.14635010,9.50274839,-1.53626492,map,37.56659085,126.97799811,0,-0.15888558,9.85378418,0.16042484,0.16000054,2.19798097,0.00363704,0.01035538,0.00932861,-0.04676605,-0.00778222,-1.53852287,-0.15451481,9.52453414,-1.53852287
551,191.02000000,-0.15007937,8.95678430,-1.54996154,map,37.56658317,126.97799822,0,-0.15094909,9.00068972,0.02000582,0.02000000,2.19626257,-0.00224834,-0.00640017,-0.00975801,0.11644406,-0.07246109,-1.53800296,-0.13552820,8.95321960,-1.53800296
552,191.26000000,-0.11769519,8.43891664,-1.54599155,map,37.56657928,126.97799859,0,-0.12032949,8.56958826,0.06005346,0.06000002,2.17766480,-0.01344366,-0.03826981,-0.03944345,-0.72547970,-0.09827275,-1.54423745,-0.12185409,8.42889106,-1.54423745
553,191.52000000,-0.11791110,7.85402924,-1.55115394,map,37.56657520,126.97799857,0,-0.12182525,8.11591736,0.12022811,0.12000005,2.18463472,-0.01485801,-0.04229850,-0.04130537,0.87660646,-0.07791187,-1.55592733,-0.11427204,7.86174946,-1.55592733
554,191.76000000,-0.10559604,7.34907544,-1.56086993,map,37.56657143,126.97799873,0,-0.10804846,7.69839328,0.16042196,0.16000002,2.18418947,-0.01119029,-0.03185717,-0.03075088,0.01100905,-0.04076680,-1.56461372,-0.11194485,7.33775689,-1.56461372
555,192.02000000,-0.11985142,6.76143421,-1.57346069,map,37.56656339,126.97799864,0,-0.11963512,6.80531331,0.02000580,0.02000000,2.19401098,-0.00546470,-0.01555873,-0.01501893,0.06184635,-0.01211636,-1.57011704,-0.11214002,6.76778074,-1.57011704
556,192.26000000,-0.12664226,6.23462146,-1.57477157,map,37.56655943,126.97799859,0,-0.12598141,6.36640485,0.06005433,0.06000000,2.19647997,-0.00260310,-0.00741155,-0.00737521,0.02404109,-0.02380264,-1.57240962,-0.11327288,6.24046935,-1.57240962
557,192.52000000,-0.12356941,5.66448882,-1.57481401,map,37.56655549,126.97799863,0,-0.12238398,5.92820876,0.12023124,0.12000001,2.19847523,-0.00139107,-0.00396090,-0.00424070,-0.00857517,-0.02038996,-1.57385178,-0.11517104,5.66913934,-1.57385178
558,192.76000000,-0.11396358,5.15093063,-1.56883039,map,37.56655165,126.97799871,0,-0.11452123,5.50262910,0.16042592,0.16000041,2.19782389,-0.00165155,-0.00469801,-0.00519953,0.00502599,0.00616987,-1.57489430,-0.11741371,5.14159444,-1.57489430
559,193.02000000,-0.12621649,4.57166782,-1.57202173,map,37.56654366,126.97799855,0,-0.12613916,4.61563294,0.02000583,0.02000000,2.19851940,-0.00127076,-0.00361841,-0.00377731,0.00586583,0.00466846,-1.57605225,-0.12052728,4.57008734,-1.57605225
560,193.26000000,-0.12041035,4.04755532,-1.58010675,map,37.56653973,126.97799866,0,-0.11905144,4.17928532,0.06005432,0.06000001,2.19559625,-0.00306127,-0.00871632,-0.00880638,-0.00041459,-0.00885615,-1.57751865,-0.12413365,4.04279086,-1.57751865
561,193.52000000,-0.14262286,3.47885533,-1.58266249,map,37.56653579,126.97799845,0,-0.13918641,3.74209509,0.12022983,0.12000045,2.19412919,-0.00451241,-0.01284757,-0.01283714,-0.01292739,-0.02842080,-1.58053978,-0.12985674,3.47224523,-1.58053978
562,193.76000000,-0.13344688,2.96923273,-1.58398734,map,37.56653199,126.97799858,0,-0.12842269,3.32029448,0.16042500,0.16000009,2.19342534,-0.00555251,-0.01581479,-0.01571253,0.09837740,-0.04428279,-1.58392996,-0.13703745,2.94558167,-1.58392996
563,193.98000000,-0.16177538,2.45901243,-1.58858719,map,37.56652778,126.97799829,0,-0.15431280,2.85365309,0.18054830,0.18000020,2.19218103,-0.00578231,-0.01646276,-0.01637779,0.00673043,-0.03000954,-1.58751817,-0.14551022,2.46324399,-1.58751817
564,194.22000000,-0.16447511,1.93800224,-1.58917856,map,37.56651993,126.97799821,0,-0.16352242,1.98179861,0.02000579,0.02000000,2.19151673,-0.00773989,-0.02203638,-0.02333205,-0.04686713,-0.09070205,-1.59202141,-0.15701961,1.93757992,-1.59202141
565,194.46000000,-0.16469242,1.41940605,-1.58939041,map,37.56651604,126.97799823,0,-0.16184868,1.55084109,0.06005409,0.06000003,2.18990980,-0.00795252,-0.02260720,-0.02212000,-0.03969322,-0.02175863,-1.59788799,-0.17183610,1.41200522,-1.59788799
566,194.72000000,-0.18531667,0.83657545,-1.59357291,map,37.56651198,126.97799803,0,-0.17877355,1.09914575,0.12022929,0.12000014,2.18871516,-0.00784590,-0.02233772,-0.02266900,0.01036588,-0.06415675,-1.60345423,-0.19080296,0.84310254,-1.60345423
567,194.96000000,-0.20198462,0.31844527,-1.60147969,map,37.56650810,126.97799791,0,-0.19065977,0.66911132,0.16042522,0.16000045,2.19424478,-0.00626079,-0.01782567,-0.01744130,-0.01419065,-0.05386067,-1.60828621,-0.21103158,0.31733998,-1.60828621
568,195.22000000,-0.25696796,-0.24374277,-1.62153099,map,37.56650027,126.97799722,0,-0.25463301,-0.20000053,0.02000578,0.02000002,2.19004182,-0.00616965,-0.01756517,-0.01712253,0.69665739,-0.05690085,-1.61275813,-0.23524971,-0.25204029,-1.61275813
569,195.46000000,-0.25820514,-0.77661778,-1.61868227,map,37.56649626,126.97799729,0,-0.25164122,-0.64516011,0.06005412,0.06000014,2.19357655,-0.00576607,-0.01643911,-0.01638897,-0.19688597,-0.03231486,-1.61673622,-0.25979932,-0.77782497,-1.61673622
570,195.72000000,-0.28667129,-1.36275399,-1.61127165,map,37.56649216,126.97799701,0,-0.27553789,-1.10003770,0.12022955,0.12000041,2.19115436,-0.00654132,-0.01862382,-0.01857748,-0.01217382,-0.03413583,-1.62142355,-0.28893678,-1.34706378,-1.62142355
571,195.96000000,-0.31358463,-1.86759627,-1.61969134,map,37.56648840,126.97799676,0,-0.29599939,-1.51690201,0.16042527,0.16000107,2.19576323,-0.00386532,-0.01100564,-0.00952704,0.05084676,0.00117277,-1.62493738,-0.31783773,-1.87293918,-1.62493738
572,196.22000000,-0.36440610,-2.45678367,-1.62947043,map,37.56648033,126.97799604,0,-0.36182856,-2.41286265,0.02000623,0.02000043,2.19997366,-0.00001960,-0.00005579,-0.00000213,-0.01779279,0.03027396,-1.62550856,-0.34924879,-2.44375549,-1.62550856
573,196.46000000,-0.38309687,-2.98649545,-1.62972676,map,37.56647635,126.97799590,0,-0.37531159,-2.85471644,0.06005416,0.06000019,2.20000730,-0.00009301,-0.00026242,-0.00011758,0.00079622,-0.01854399,-1.62565132,-0.37821470,-2.97095129,-1.62565132
574,196.72000000,-0.42207485,-3.55497668,-1.62590288,map,37.56647241,126.97799554,0,-0.40757898,-3.29145210,0.12023065,0.12000070,2.19867961,0.00085216,0.00242641,0.00235513,-0.00094121,0.01207034,-1.62543181,-0.40947059,-3.54197726,-1.62543181
575,196.96000000,-0.43996115,-4.07639892,-1.62439381,map,37.56646851,126.97799537,0,-0.42122518,-3.72516814,0.16042636,0.16000121,2.19791369,0.00190328,0.00541934,0.00523152,-0.00572739,0.00291841,-1.62447129,-0.43772638,-4.06884278,-1.62447129
576,197.22000000,-0.46703321,-4.64590669,-1.62139663,map,37.56646061,126.97799487,0,-0.46483670,-4.60199358,0.02000582,0.02000002,2.19840739,0.00121284,0.00345356,0.00313349,0.00411430,0.02455204,-1.62345433,-0.46772272,-4.63965644,-1.62345433
577,197.46000000,-0.48879363,-5.15775651,-1.61632161,map,37.56645678,126.97799466,0,-0.48289153,-5.02607249,0.06005430,0.06000011,2.19669068,0.00173212,0.00498381,0.00451004,0.02680348,0.00193274,-1.62221431,-0.49472648,-5.16628542,-1.62221431
578,197.72000000,-0.51829998,-5.74027532,-1.61743550,map,37.56645272,126.97799439,0,-0.50593970,-5.47673385,0.12023099,0.12000051,2.19802739,-0.00179980,-0.00512450,-0.00606392,-0.00781562,-0.04722477,-1.62229425,-0.52402808,-5.73721508,-1.62229425
579,197.96000000,-0.54597404,-6.25253490,-1.62156782,map,37.56644889,126.97799415,0,-0.52788722,-5.90183919,0.16042524,0.16000113,2.19207008,-0.00586409,-0.01669580,-0.01833758,-0.07008399,-0.07122923,-1.62483110,-0.55258668,-6.26319187,-1.62483110
580,198.22000000,-0.57979623,-6.82081119,-1.62557028,map,37.56644101,126.97799361,0,-0.57722390,-6.77713626,0.02000576,0.02000002,2.18936278,-0.00968863,-0.02758405,-0.02751091,0.01526486,-0.04356787,-1.63142718,-0.58739919,-6.83072548,-1.63142718
581,198.46000000,-0.61523249,-7.35402347,-1.63380138,map,37.56643699,126.97799329,0,-0.60657101,-7.22276359,0.06005395,0.06000024,2.19118742,-0.00752783,-0.02133724,-0.02100568,-0.06712274,-0.03096035,-1.63727766,-0.62295515,-7.35536690,-1.63727766
582,198.72000000,-0.65515984,-7.92044689,-1.63815681,map,37.56643307,126.97799296,0,-0.63696588,-7.65802938,0.12022844,0.12000151,2.19411412,-0.00527576,-0.01502115,-0.01408196,-0.03077596,-0.03243378,-1.64212348,-0.66399479,-7.92369921,-1.64212348
583,198.96000000,-0.69785152,-8.44439154,-1.64208257,map,37.56642914,126.97799256,0,-0.67260714,-8.09365972,0.16042426,0.16000220,2.19929600,-0.00158814,-0.00452196,-0.00441128,-0.02020420,-0.00645848,-1.64396825,-0.70281911,-8.44960844,-1.64396825
584,199.18000000,-0.73667511,-8.94383670,-1.64525562,map,37.56642504,126.97799218,0,-0.70712617,-8.54934290,0.18054790,0.18000308,2.19695962,-0.00189710,-0.00543860,-0.00531824,0.00687928,0.00871009,-1.64502764,-0.73878029,-8.93179187,-1.64502764
585,199.42000000,-0.79143844,-9.45652782,-1.65316977,map,37.56641726,126.97799128,0,-0.78781013,-9.41268143,0.02000579,0.02000004,2.19978088,-0.00020021,-0.00057004,-0.00065952,-0.03028030,0.00318410,-1.64552816,-0.77828696,-9.45817442,-1.64552816
586,199.66000000,-0.81570663,-9.98709586,-1.64738482,map,37.56641327,126.97799109,0,-0.80566135,-9.85558103,0.06005410,0.06000032,2.19853276,0.00102366,0.00291470,0.00293470,0.00396357,-0.00443679,-1.64508957,-0.81745659,-9.98448714,-1.64508957
587,199.92000000,-0.85158332,-10.55051104,-1.63688329,map,37.56640938,126.97799075,0,-0.83432621,-10.28739179,0.12022955,0.12000140,2.19682305,0.00222958,0.00634823,0.00645836,-0.01470637,0.01336070,-1.64367862,-0.85900462,-10.55438333,-1.64367862
588,200.16000000,-0.88808872,-11.09272142,-1.63797021,map,37.56640528,126.97799038,0,-0.86456046,-10.74173910,0.16042480,0.16000191,2.19731361,-0.00012128,-0.00034583,-0.00048624,-0.00582447,-0.02797675,-1.64303705,-0.89693480,-11.08053013,-1.64303705
589,200.42000000,-0.94415727,-11.65050175,-1.64805925,map,37.56639749,126.97798954,0,-0.94076760,-11.60663194,0.02000581,0.02000004,2.20000851,-0.00000759,-0.00002164,-0.00016013,0.00429869,0.00548238,-1.64306127,-0.93823844,-11.65102844,-1.64306127
590,200.66000000,-0.96928342,-12.18771592,-1.64252132,map,37.56639344,126.97798934,0,-0.95979784,-12.05612055,0.06005422,0.06000028,2.19740688,-0.00126366,-0.00359795,-0.00429058,0.01927935,-0.02759805,-1.64330480,-0.97645577,-12.17748542,-1.64330480
591,200.92000000,-1.01439330,-12.75937154,-1.63919559,map,37.56638948,126.97798891,0,-0.99630459,-12.49612389,0.12023047,0.12000109,2.19696934,0.00058972,0.00167966,0.00328713,-0.03448455,0.01056063,-1.64398793,-1.01837837,-12.74732236,-1.64398793
592,201.16000000,-1.05146220,-13.27111684,-1.64007290,map,37.56638564,126.97798854,0,-1.02777838,-12.92223304,0.16042073,0.16000193,2.17378507,0.01220782,0.03475027,0.03620872,0.02093963,0.12432947,-1.63922166,-1.05421427,-13.27096694,-1.63922166
593,201.42000000,-1.09113033,-13.81831839,-1.63527556,map,37.56637796,126.97798783,0,-1.08856067,-13.77466973,0.02000574,0.02000002,2.18613515,0.01279583,0.03642878,0.03607780,-0.02225393,0.09932584,-1.62963714,-1.08689167,-13.83761347,-1.62963714
594,201.66000000,-1.12759664,-14.34809329,-1.63486045,map,37.56637397,126.97798747,0,-1.12000236,-14.21750598,0.06005366,0.06000059,2.17663428,0.01736261,0.04942472,0.05153416,0.03037867,0.16303005,-1.61991767,-1.11187167,-14.36097039,-1.61991767
595,201.92000000,-1.13138104,-14.91054998,-1.61201037,map,37.56637007,126.97798744,0,-1.12244766,-14.65053575,0.12022359,0.12000067,2.17075725,0.02363737,0.06727438,0.06750362,-0.01279852,0.14820375,-1.60309666,-1.12893730,-14.92336127,-1.60309666
596,202.16000000,-1.15311617,-15.44265227,-1.59567981,map,37.56636606,126.97798712,0,-1.14640257,-15.09507812,0.16041456,0.16000056,2.17238868,0.02437293,0.06937705,0.06924824,0.15370142,0.18447657,-1.58661315,-1.13565120,-15.44494562,-1.58661315
597,202.42000000,-1.14017041,-16.00117841,-1.57778956,map,37.56635830,126.97798713,0,-1.13996872,-15.95738832,0.02000578,0.02000000,2.19123549,0.00398422,0.01134331,0.00337105,-1.09974570,-0.14488569,-1.57389950,-1.13563162,-16.01079551,-1.57389950
598,202.66000000,-1.14861825,-16.52662622,-1.58758596,map,37.56635433,126.97798707,0,-1.14485676,-16.39759320,0.06005210,0.06000005,2.13732499,-0.04179432,-0.11891853,-0.13438340,0.31607557,-0.56883808,-1.58730719,-1.14416506,-16.53135569,-1.58730719
599,202.92000000,-1.17913285,-17.08131782,-1.63458143,map,37.56635041,126.97798703,0,-1.15539714,-16.83199946,0.12020607,0.12000232,2.06231545,-0.11226863,-0.31999479,-0.32206587,-2.66452378,-0.59525922,-1.65140028,-1.19076432,-17.07390189,-1.65140028
600,203.18000000,-1.28412914,-17.57737269,-1.71881088,map,37.56634693,126.97798643,0,-1.21945365,-17.21795080,0.18045368,0.18001497,2.01057483,-0.14052605,-0.39926925,-0.40456948,-0.17074643,-0.90513257,-1.74571260,-1.29008314,-17.59128117,-1.74571260
601,203.46000000,-1.44264670,-18.13397187,-1.81253710,map,37.56633966,126.97798468,0,-1.40675740,-18.01914281,0.06004129,0.06000404,2.00944985,-0.14359532,-0.40812209,-0.40111007,1.56785875,-0.71088147,-1.86413361,-1.46053817,-18.12422061,-1.86413361
602,203.72000000,-1.65433473,-18.60951621,-1.90980111,map,37.56633636,126.97798305,0,-1.56394046,-18.38178691,0.12017243,0.12002727,2.03456166,-0.12267951,-0.34865773,-0.34867792,-0.03411048,-0.68370205,-1.95726227,-1.66860303,-18.61091527,-1.95726227
603,203.96000000,-1.88063614,-19.05638421,-1.99840936,map,37.56633288,126.97798129,0,-1.73501729,-18.76264090,0.16029817,0.16007367,2.04925402,-0.12561849,-0.35781960,-0.35747125,0.07048348,-0.74494049,-2.04186592,-1.89999002,-19.04445375,-2.04186592
604,204.22000000,-2.18959623,-19.48925435,-2.08620119,map,37.56632653,126.97797671,0,-2.16766976,-19.45515522,0.02000351,0.02000145,2.03333802,-0.12321271,-0.34929390,-0.35144526,-0.29228352,-0.91744890,-2.13305641,-2.18897856,-19.48696804,-2.13305641
605,204.48000000,-2.50255062,-19.90731551,-2.18078745,map,37.56632354,126.97797423,0,-2.40238466,-19.77745313,0.08005389,0.08003210,2.05082685,-0.12578857,-0.35755922,-0.35759834,-0.58439384,-0.73673698,-2.22521252,-2.51866982,-19.90307933,-2.22521252
606,204.72000000,-2.84136965,-20.27901870,-2.25674679,map,37.56632058,126.97797126,0,-2.67891608,-20.09589665,0.12011140,0.12008789,2.02315399,-0.12349996,-0.35085033,-0.35015246,-1.74457685,-0.65304639,-2.31055220,-2.85706688,-20.25985463,-2.31055220
607,204.96000000,-3.21255913,-20.62026376,-2.34089153,map,37.56631782,126.97796799,0,-2.97824542,-20.39405566,0.16017662,0.16019031,2.03598735,-0.12462083,-0.35417957,-0.35642417,1.10621603,-0.80044819,-2.39530749,-3.22194773,-20.58434004,-2.39530749
608,205.22000000,-3.64791879,-20.89988449,-2.44557862,map,37.56631327,126.97796106,0,-3.61477811,-20.87527958,0.02000183,0.02000332,2.05310141,-0.12477697,-0.35450894,-0.34647801,-1.34471476,-0.01964975,-2.48832756,-3.65206679,-20.90315935,-2.48832756
609,205.48000000,-4.08880038,-21.18337753,-2.53301118,map,37.56631115,126.97795738,0,-3.95089996,-21.09652620,0.08002439,0.08006105,2.03416943,-0.12296948,-0.34948281,-0.34923673,-0.05560134,-0.71817591,-2.57859731,-4.10404681,-21.17870044,-2.57859731
610,205.72000000,-4.53401452,-21.42303984,-2.60710950,map,37.56630915,126.97795334,0,-4.31653710,-21.30553146,0.12004572,0.12015707,2.06405949,-0.12436060,-0.35355446,-0.35300823,-0.02842320,-0.67876244,-2.66286677,-4.54581488,-21.39759081,-2.66286677
611,205.98000000,-5.03437983,-21.61462330,-2.69962320,map,37.56630760,126.97794912,0,-4.69585483,-21.46597120,0.18007740,0.18040395,2.04622059,-0.11401056,-0.32406305,-0.31716007,0.29604289,-0.39756100,-2.75094698,-5.04357848,-21.59368514,-2.75094698
612,206.26000000,-5.57693193,-21.78463757,-2.77342780,map,37.56630486,126.97794065,0,-5.45722537,-21.74242155,0.06000556,0.06004475,2.12324177,-0.06967183,-0.19820900,-0.18787833,-0.04013753,-0.18051475,-2.82372140,-5.60033336,-21.76988547,-2.82372140
613,206.48000000,-6.05678782,-21.93269643,-2.81136526,map,37.56630356,126.97793574,0,-5.89345357,-21.87958508,0.08000900,0.08008517,2.14739440,-0.04216708,-0.11999326,-0.11674075,-0.05343258,-0.17970202,-2.85561059,-6.05361923,-21.89848890,-2.85561059
614,206.76000000,-6.62177404,-22.08094796,-2.84658135,map,37.56630258,126.97793127,0,-6.29046545,-21.98305169,0.16003309,0.16037961,2.16596429,-0.02825860,-0.08035368,-0.07899881,0.08968361,-0.15059296,-2.88254431,-6.63765821,-22.05117076,-2.88254431
615,207.02000000,-7.18553579,-22.19103507,-2.88764166,map,37.56630069,126.97792165,0,-7.14349480,-22.18074782,0.02000032,0.02000532,2.15498400,-0.03358922,-0.09597652,-0.10093680,-0.75861856,-0.27779659,-2.90375610,-7.18529456,-22.18257718,-2.90375610
616,207.26000000,-7.68520757,-22.27315780,-2.92776717,map,37.56630003,126.97791696,0,-7.55949044,-22.24809906,0.06000196,0.06004944,2.13581334,-0.04549374,-0.12944404,-0.13039434,0.00171685,-0.28527901,-2.93245279,-7.68859005,-22.28681281,-2.93245279
617,207.52000000,-8.24864652,-22.39659421,-2.95341802,map,37.56629901,126.97791206,0,-7.99525440,-22.35199395,0.12000660,0.12021346,2.14413495,-0.04585703,-0.13048946,-0.12863510,1.74127566,-0.23116107,-2.96712697,-8.23782044,-22.38092493,-2.96712697
618,207.78000000,-8.78155695,-22.47635129,-2.97235087,map,37.56629841,126.97790747,0,-8.40074390,-22.41487813,0.18001324,0.18051108,2.14307162,-0.04231145,-0.12038935,-0.11994836,-0.14286742,-0.24011667,-2.99941196,-8.78983676,-22.45731868,-2.99941196
619,208.02000000,-9.30672107,-22.50396421,-3.01972495,map,37.56629756,126.97789772,0,-9.26387672,-22.49952745,0.02000006,0.02000553,2.15337233,-0.04238307,-0.12061670,-0.12069008,0.41091683,-0.29462198,-3.02822949,-9.30242283,-22.51285705,-3.02822949
620,208.26000000,-9.83470032,-22.56739425,-3.04059977,map,37.56629697,126.97789272,0,-9.70655287,-22.55652585,0.06000037,0.06005138,2.14199772,-0.04292925,-0.12215522,-0.12165818,-0.01007592,-0.21374362,-3.05744175,-9.81579191,-22.55329959,-3.05744175
621,208.52000000,-10.37495555,-22.59703495,-3.06262718,map,37.56629673,126.97788807,0,-10.11815317,-22.57992810,0.12000097,0.12021930,2.14879821,-0.04221966,-0.12014581,-0.12036922,0.00153698,-0.24196619,-3.08874305,-10.37266584,-22.58033546,-3.08874305
622,208.78000000,-10.91616598,-22.59925414,-3.10279373,map,37.56629663,126.97788341,0,-10.52956079,-22.58765881,0.18000046,0.18052666,2.14740174,-0.04122923,-0.11732510,-0.11741220,-0.22887878,-0.26859308,-3.11971692,-10.93147395,-22.59015609,-3.11971692
623,209.02000000,-11.44988614,-22.58165514,-3.13264220,map,37.56629656,126.97787349,0,-11.40677186,-22.58192713,0.02000041,0.02000603,2.15443692,-0.03464869,-0.09860693,-0.09746390,1.15580675,-0.17886895,3.13740836,-11.44746638,-22.58520476,3.13740836
624,209.26000000,-11.95951225,-22.57344916,3.12830812,map,37.56629657,126.97786871,0,-11.82919754,-22.57647368,0.06000044,0.06005334,2.17049266,-0.02551171,-0.07252969,-0.07094151,0.92100248,-0.09765011,3.11727092,-11.96715211,-22.57033885,3.11727092
625,209.52000000,-12.54301287,-22.54613525,3.11218986,map,37.56629673,126.97786357,0,-12.28263848,-22.55542236,0.12000029,0.12022465,2.17193000,-0.02163494,-0.06158252,-0.06172680,-0.05847032,-0.10198847,3.10085163,-12.53123266,-22.54604627,3.10085163
626,209.76000000,-13.06710285,-22.55062355,3.10794575,map,37.56629663,126.97785863,0,-12.71984310,-22.56410748,0.16000064,0.16041647,2.17269230,-0.02341626,-0.06665430,-0.06688042,-1.42168957,-0.13627636,3.08551845,-13.05172422,-22.51543406,3.08551845
627,210.02000000,-13.62301216,-22.47156599,3.06732301,map,37.56629738,126.97784889,0,-13.57976702,-22.47520240,0.02000004,0.02000565,2.17015531,-0.02207851,-0.06284431,-0.06128875,0.03474066,-0.11540083,3.06849427,-13.61456748,-22.47291408,3.06849427
628,210.26000000,-14.12560154,-22.41594934,3.05618367,map,37.56629775,126.97784418,0,-13.99570400,-22.42802917,0.06000046,0.06005284,2.17796416,-0.01969361,-0.05606169,-0.05639153,-0.00505511,-0.11614995,3.05483485,-14.13438803,-22.42636135,3.05483485
629,210.52000000,-14.69507013,-22.38410162,3.05129293,map,37.56629790,126.97783920,0,-14.43520384,-22.40925266,0.12000211,0.12022460,2.17195190,-0.02164710,-0.06150612,-0.06157424,-0.00713274,-0.10351994,3.03939320,-14.69667198,-22.36764125,3.03939320
630,210.76000000,-15.22551736,-22.31592039,3.04173660,map,37.56629841,126.97783417,0,-14.87966238,-22.35231561,0.16000499,0.16041201,2.17739018,-0.01963050,-0.05588107,-0.05482325,-0.00806502,-0.08115747,3.02506552,-15.21457520,-22.30556133,3.02506552
631,211.02000000,-15.77151167,-22.23813337,3.01700115,map,37.56629932,126.97782455,0,-15.72830652,-22.24386414,0.02000010,0.02000563,2.17951771,-0.01700100,-0.04839663,-0.04676444,-0.05574092,-0.07653775,3.01181959,-15.77633482,-22.23121550,3.01181959
632,211.26000000,-16.29251089,-22.15301192,3.00992009,map,37.56629997,126.97781964,0,-16.16238612,-22.17070358,0.06000098,0.06005301,2.19128270,-0.00782406,-0.02227492,-0.02047668,-0.04762575,-0.01714425,3.00369114,-16.29559538,-22.15808571,3.00369114
633,211.52000000,-16.86234765,-22.06417476,2.99586979,map,37.56630058,126.97781466,0,-16.60188682,-22.10278265,0.12000496,0.12022560,2.19432944,-0.00484225,-0.01383086,-0.01348105,-0.03012560,0.00857266,2.99960648,-16.86039110,-22.07698484,2.99960648
634,211.76000000,-17.37758538,-22.01002323,3.00236342,map,37.56630094,126.97780982,0,-17.02960553,-22.05906576,0.16000832,0.16041873,2.19836958,-0.00130721,-0.00346279,-0.00198613,-0.00676265,-0.01699200,2.99740356,-17.38195185,-22.00091093,2.99740356
635,211.98000000,-17.87949125,-21.93137257,3.00665147,map,37.56630163,126.97780463,0,-17.48785916,-21.98443717,0.18000991,0.18054039,2.18531517,0.00667269,0.01899654,0.02060179,0.04769501,0.07029068,2.99931852,-17.85998312,-21.93242598,2.99931852
636,212.22000000,-18.38103167,-21.87431378,3.01028003,map,37.56630258,126.97779501,0,-18.33763777,-21.87986336,0.02000009,0.02000569,2.18722326,0.00944967,0.02690226,0.02728056,-0.03000202,0.07941872,3.00519613,-18.38009228,-21.86152772,3.00519613
637,212.46000000,-18.89880129,-21.79044609,3.01190957,map,37.56630326,126.97779014,0,-18.76874106,-21.80678017,0.06000124,0.06005328,2.18552348,0.01280316,0.03644973,0.03612941,0.03984795,0.06003221,3.01339898,-18.90046362,-21.79512547,3.01339898
638,212.72000000,-19.46230376,-21.71797117,3.01178997,map,37.56630377,126.97778522,0,-19.20321193,-21.75054686,0.12000389,0.12022210,2.17292468,0.02006458,0.05711462,0.05924810,-0.10133589,0.17343480,3.02488096,-19.46337339,-21.72964120,3.02488096
639,212.96000000,-19.97136036,-21.67340050,3.03232654,map,37.56630414,126.97778043,0,-19.62637362,-21.70924635,0.16000441,0.16041013,2.16907961,0.02513405,0.07130428,0.07135352,0.01059507,0.15154226,3.04128957,-19.98138454,-21.67897288,3.04128957
640,213.22000000,-20.54603382,-21.63329437,3.05130375,map,37.56630486,126.97777052,0,-20.50256752,-21.63691294,0.02000004,0.02000569,2.18215522,0.01613794,0.04592957,0.04296714,-0.03185747,0.00204289,3.05727241,-20.54484519,-21.63291501,3.05727241
641,213.46000000,-21.06632923,-21.58324522,3.05526907,map,37.56630526,126.97776563,0,-20.93532922,-21.59429348,0.06000038,0.06005367,2.19628645,0.00447762,0.01274847,0.01059676,0.49148276,0.01716502,3.06356279,-21.06868998,-21.59287770,3.06356279
642,213.72000000,-21.63173714,-21.56096483,3.06381003,map,37.56630537,126.97776071,0,-21.36923241,-21.58145783,0.12000140,0.12022908,2.19734609,-0.00237258,-0.00675588,-0.00867376,-0.03630023,-0.06137899,3.06370256,-21.63804536,-21.54866675,3.06370256
643,213.96000000,-22.14441896,-21.52110294,3.06928169,map,37.56630570,126.97775590,0,-21.79454744,-21.54686136,0.16000230,0.16042321,2.19299754,-0.00554363,-0.01576993,-0.01575980,-0.07486661,-0.00836769,3.06041190,-22.16273870,-21.50574416,3.06041190
644,214.18000000,-22.65026608,-21.45032343,3.05194287,map,37.56630626,126.97775067,0,-22.25690492,-21.48598031,0.18000448,0.18054525,2.20055095,-0.00094574,-0.00269255,-0.00042129,-0.04845987,0.03103897,3.05854107,-22.64431322,-21.46531197,3.05854107
645,214.42000000,-23.16914370,-21.41162438,3.06003096,map,37.56630688,126.97774084,0,-23.12549215,-21.41508470,0.02000004,0.02000576,2.19038565,0.00613078,0.01745546,0.01784604,0.19209384,0.04395466,3.06124298,-23.16878396,-21.42312818,3.06124298
646,214.66000000,-23.70523816,-21.37629680,3.05576943,map,37.56630714,126.97773576,0,-23.57409065,-21.38728815,0.06000038,0.06005386,2.19338334,0.00558403,0.01585587,0.01540262,0.01995878,0.07880777,3.06536178,-23.69355492,-21.38345611,3.06536178
647,214.92000000,-24.26549072,-21.32979975,3.06319824,map,37.56630746,126.97773090,0,-24.00299301,-21.35005902,0.12000137,0.12022917,2.19377511,0.00470696,0.01340175,0.01381823,-0.01269358,0.04826576,3.06899034,-24.26252959,-21.34235254,3.06899034
648,215.16000000,-24.78146432,-21.29731941,3.06719100,map,37.56630772,126.97772606,0,-24.43137147,-21.32304193,0.16000229,0.16042382,2.19491074,0.00465573,0.01325536,0.01320471,0.02244842,0.03512225,3.07217922,-24.78787191,-21.30612427,3.07217922
649,215.42000000,-25.30027701,-21.28375044,3.08753827,map,37.56630810,126.97771663,0,-25.26441672,-21.28560972,0.02000001,0.02000389,1.77189708,0.00426410,0.01208173,0.01191027,-2.85741143,0.04155956,3.07535619,-25.30107687,-21.27238773,3.07535619
650,215.82000000,-25.82670491,-21.22394056,3.05696270,map,37.56630861,126.97771047,0,-25.80840824,-21.22545404,0.02000001,0.02000105,0.90554059,0.00196931,0.00552537,0.00569800,0.00388797,-0.01152300,3.07880866,-25.81914573,-21.24021209,3.07880866
651,216.82000000,-26.32952581,-21.20537649,3.06672474,map,37.56630877,126.97770473,0,-26.31568042,-21.20638014,0.02000001,0.02000212,0.69878027,0.00166847,0.00467079,0.00472280,-0.00464122,0.01149935,3.08194868,-26.32928258,-21.21008643,3.08194868
652,217.86000000,-26.83935836,-21.17778432,3.07062070,map,37.56630903,126.97769906,0,-26.81613883,-21.17936746,0.06000005,0.06001138,0.38972649,0.00092749,0.00258843,0.00306083,2.73173680,-0.00190625,3.08575406,-26.84163648,-21.18183281,3.08575406
653,222.48000000,-26.32107815,-21.22337188,3.05873755,map,37.56630869,126.97770339,0,-26.43397686,-21.21471505,0.08000052,0.08008901,-1.45918802,-0.00802862,-0.02194591,-0.02186220,-0.01187156,0.02868448,3.07365182,-26.31155238,-21.21252600,3.07365182
654,222.82000000,-25.78482815,-21.24061004,3.06955091,map,37.56630844,126.97771038,0,-25.81561497,-21.23857497,0.02000002,0.02000324,-1.54329479,-0.00851606,-0.02329830,-0.02402415,-0.02160824,0.02772188,3.06579585,-25.79153563,-21.24710275,3.06579585
655,223.12000000,-25.26865426,-21.28031169,3.07044363,map,37.56630823,126.97771414,0,-25.48449251,-21.26637349,0.12000068,0.12016181,-1.86733889,-0.00898352,-0.02444688,-0.02417226,0.02005568,0.05331703,3.05827323,-25.27528570,-21.28557989,3.05827323
656,223.42000000,-24.72288011,-21.33784018,3.05650082,map,37.56630761,126.97772233,0,-24.76043191,-21.33481539,0.02000003,0.02000429,-1.89550502,-0.00843700,-0.02295284,-0.02310370,-1.78779972,0.02220809,3.05147585,-24.72484672,-21.33096476,3.05147585
657,223.68000000,-24.20782198,-21.37697307,3.04793108,map,37.56630734,126.97772678,0,-24.36704276,-21.36280365,0.08000064,0.08008118,-1.97986510,-0.00787769,-0.02139392,-0.02129080,-0.00824512,0.04667470,3.04556497,-24.21056547,-21.37684712,3.04556497
658,223.96000000,-23.68727591,-21.43344431,3.04206112,map,37.56630694,126.97773112,0,-23.98388654,-21.40547529,0.16000271,0.16030391,-1.81627616,-0.00705163,-0.01920020,-0.01955050,-0.01639776,0.03050771,3.03995862,-23.68418984,-21.42698611,3.03995862
659,224.26000000,-23.16097743,-21.48540958,3.04911297,map,37.56630631,126.97773930,0,-23.26061709,-21.47657002,0.06000025,0.06003111,-1.65165292,-0.00579100,-0.01579668,-0.01565957,-0.05755024,0.05894658,3.03463038,-23.17027753,-21.47886283,3.03463038
660,224.56000000,-22.64894129,-21.53308014,3.02667058,map,37.56630608,126.97774292,0,-22.94075679,-21.50077746,0.16000363,0.16029565,-1.91157820,-0.00639014,-0.01729683,-0.01693799,-0.08499570,0.04102299,3.02973465,-22.63979999,-21.53535661,3.02973465
661,224.82000000,-22.12670660,-21.59742688,3.02566427,map,37.56630522,126.97775167,0,-22.16731603,-21.59285540,0.02000006,0.02000498,-2.04285169,-0.00753902,-0.02047679,-0.02081261,-0.00518655,0.03542518,3.02482457,-22.11756834,-21.59348449,3.02482457
662,225.08000000,-21.60537687,-21.64237612,3.02308749,map,37.56630491,126.97775633,0,-21.75581626,-21.62518483,0.08000095,0.08007231,-1.86898140,-0.00724059,-0.01963753,-0.01952903,-0.01274965,0.04277799,3.01957508,-21.61719486,-21.65158411,3.01957508
663,225.36000000,-21.08535782,-21.71787095,3.01871277,map,37.56630440,126.97776046,0,-21.39106894,-21.68181962,0.16000491,0.16032317,-2.01757136,-0.00782657,-0.02133624,-0.02179839,-1.78435689,0.01796510,3.01396142,-21.08813731,-21.71590227,3.01396142
664,225.62000000,-20.56484099,-21.79917848,3.00411472,map,37.56630337,126.97776935,0,-20.60479108,-21.79381824,0.02000050,0.02000524,-2.01560221,-0.00783298,-0.02128166,-0.02112258,-0.00776670,0.03881853,3.00833844,-20.56067175,-21.78304120,3.00833844
665,225.92000000,-19.99666617,-21.86658105,2.99662975,map,37.56630298,126.97777370,0,-20.22040439,-21.83494138,0.12000332,0.12016598,-1.89467039,-0.00637331,-0.01726478,-0.01683572,0.02046218,0.01939953,3.00287200,-19.99014662,-21.85912015,3.00287200
666,226.18000000,-19.49182609,-21.91876610,3.00735276,map,37.56630260,126.97777814,0,-19.82782051,-21.87491391,0.18000676,0.18039663,-1.82713190,-0.00521758,-0.01436725,-0.01435496,0.01921669,0.01067735,2.99869442,-19.50327852,-21.92663342,2.99869442
667,226.48000000,-18.98915456,-21.99125976,2.99768895,map,37.56630173,126.97778613,0,-19.12239235,-21.97239558,0.08000114,0.08005674,-1.67091679,-0.00463384,-0.01260281,-0.01231441,0.03437267,0.02134086,2.99472582,-18.98646046,-22.00058383,2.99472582
668,226.82000000,-18.44865688,-22.09436851,2.98542115,map,37.56630068,126.97779342,0,-18.47800779,-22.08983411,0.02000006,0.02000261,-1.47560772,-0.00405945,-0.01116538,-0.01096220,-0.01223368,-0.01291546,2.99071495,-18.45848949,-22.07828389,2.99071495
669,227.22000000,-17.91806657,-22.13890163,3.00891871,map,37.56630024,126.97779947,0,-17.94321980,-22.13562790,0.02000004,0.02000201,-1.25758355,-0.00380288,-0.01060780,-0.01096045,-0.00487627,0.02906797,2.98653162,-17.92037444,-22.15970662,2.98653162
670,227.66000000,-17.42378792,-22.22645785,3.00981366,map,37.56629953,126.97780466,0,-17.48532728,-22.21849011,0.06000020,0.06001196,-1.02771006,-0.00287456,-0.00781039,-0.00784219,0.01827821,-0.01789658,2.98239565,-17.42821164,-22.23618348,2.98239565
671,228.26000000,-16.92589521,-22.32230766,2.96130435,map,37.56629859,126.97781051,0,-16.96725566,-22.31490896,0.06000018,0.06000569,-0.67941591,-0.00221752,-0.00611396,-0.00593570,0.00511190,0.00927561,2.97823859,-16.92822705,-22.31596116,2.97823859
672,233.66000000,-16.42749558,-22.39754092,2.92212262,map,37.56629777,126.97781642,0,-16.44339027,-22.39739849,0.06000000,0.06001342,-0.29535601,-0.06171140,-0.17085767,-0.18914648,-2.32091661,-0.42742048,2.92132436,-16.41486338,-22.38375783,2.92132436
673,235.18000000,-15.92279558,-22.45988224,2.64719874,map,37.56629707,126.97782075,0,-16.04630347,-22.42867332,0.18006524,0.18102111,-0.64629594,-0.13735299,-0.37881405,-0.36766981,0.07739539,0.09148450,2.64246952,-15.93237906,-22.45749832,2.64246952
674,235.82000000,-15.43075718,-22.67979064,2.58263660,map,37.56629422,126.97782696,0,-15.44779932,-22.67378292,0.02000073,0.02000231,-0.86195006,-0.18853092,-0.51872595,-0.50577213,0.10723196,0.24887320,2.32584954,-15.44182403,-22.69127658,2.32584954
675,236.56000000,-15.10606308,-23.06015426,2.31388151,map,37.56629125,126.97782998,0,-15.18475456,-23.00742202,0.16001020,0.16002263,-0.65210985,-0.13754726,-0.37913013,-0.39650645,-0.09196796,0.26983509,2.03380120,-15.06920298,-23.04066691,2.03380120
676,237.26000000,-14.85781988,-23.49589231,1.99150004,map,37.56628667,126.97783271,0,-14.87774900,-23.46906897,0.06000230,0.06000127,-0.52572130,-0.11119832,-0.30237135,-0.29228869,1.03302775,0.32433103,1.75037297,-14.81875185,-23.46884403,1.75037297
677,238.16000000,-14.71815086,-23.99199015,1.68279735,map,37.56628252,126.97783349,0,-14.74797366,-23.91074559,0.16007584,0.16001020,-0.48308889,-0.10502678,-0.29018303,-0.28936601,-0.01627667,0.14740787,1.44229872,-14.69376342,-23.98453138,1.44229872
678,239.06000000,-14.77246111,-24.49078221,1.38214227,map,37.56627759,126.97783234,0,-14.77335413,-24.45764160,0.06002316,0.06000002,-0.52405705,-0.11140909,-0.30490964,-0.30042327,-0.03912934,0.14237096,1.14276526,-14.72875733,-24.50063886,1.14276526
679,242.32000000,-14.95996041,-24.95683682,1.10049487,map,37.56627351,126.97782962,0,-14.94881024,-24.93166711,0.12003370,0.12000662,-0.29309184,-0.01311477,-0.03631201,-0.03796888,-1.77671565,0.01105513,0.86768054,-14.91996924,-24.98011744,0.86768054
680,245.56000000,-15.28719181,-25.33966870,1.16222749,map,37.56627010,126.97782612,0,-15.26789326,-25.30650907,0.16009328,0.16003159,-0.22662789,0.02585140,0.07162955,0.06869642,2.69936225,-0.29296063,0.93313534,-15.26158975,-25.35579242,0.93313534
681,246.92000000,-15.62660957,-25.71720824,1.31586453,map,37.56626658,126.97782259,0,-15.61380405,-25.68495698,0.12010087,0.12001590,-0.26133653,0.03076471,0.08111125,0.07763279,2.73727990,-0.33962101,1.09165552,-15.57618922,-25.74972947,1.09165552
682,248.28000000,-15.85550610,-26.16577605,1.46921746,map,37.56626247,126.97782032,0,-15.84848954,-26.13479798,0.08010418,0.08000535,-0.42855124,0.05001146,0.13826292,0.13977912,-0.26518462,-0.03770600,1.24995187,-15.82067549,-26.18015147,1.24995187
683,249.22000000,-16.03125729,-26.64273657,1.61732264,map,37.56625793,126.97781866,0,-16.03090962,-26.63673823,0.02000414,0.02000001,-0.29468011,0.03023927,0.08155198,0.07817588,2.94689903,-0.43678972,1.40350736,-15.99015165,-26.63207927,1.40350736
684,251.48000000,-16.12007694,-27.13904157,1.64680665,map,37.56625358,126.97781773,0,-16.11899389,-27.11953896,0.08005131,0.08000016,-0.21724419,0.02791123,0.07632394,0.07165636,0.15457863,-0.02942636,1.43609350,-16.08777754,-27.14035161,1.43609350
685,254.72000000,-16.20559248,-27.65022633,1.68031170,map,37.56624935,126.97781682,0,-16.20417038,-27.58950903,0.12060470,0.12000033,-0.51424027,0.06344688,0.17547362,0.16915347,2.70474760,-0.43979684,1.47662725,-16.16928425,-27.64450624,1.47662725
686,256.42000000,-16.25441276,-28.14959704,1.72372476,map,37.56624436,126.97781640,0,-16.25555786,-28.14557767,0.02000285,0.02000023,-0.19552004,-0.02433733,-0.06745686,-0.06687631,-0.01307827,-0.00814039,1.52140458,-16.20148595,-28.14506674,1.52140458
687,259.68000000,-16.26996270,-28.65146624,1.72189635,map,37.56623999,126.97781619,0,-16.27355395,-28.62998713,0.08009435,0.08000264,-0.24811338,-0.00349686,-0.00968698,-0.00987003,0.02257382,-0.02501844,1.52453642,-16.22381974,-28.64717148,1.52453642
688,262.66000000,-16.28989714,-29.16624121,1.69988331,map,37.56623541,126.97781591,0,-16.29384726,-29.13828129,0.06017828,0.06000356,-0.48315045,-0.00519635,-0.01416201,-0.01418640,-2.70769335,-0.01998403,1.50856034,-16.24621598,-29.16362985,1.50856034
689,266.82000000,-16.29266971,-28.64894277,1.71250775,map,37.56623965,126.97781599,0,-16.28995364,-28.66766078,0.02008224,0.02000173,0.96030969,0.00198298,0.00553177,0.00451793,-0.11333180,-0.00905469,1.54709480,-16.24669512,-28.65066000,1.54709480
690,267.42000000,-16.22950152,-28.14326281,1.53540535,map,37.56624417,126.97781620,0,-16.23021669,-28.16381496,0.02000202,0.02000000,1.05632540,0.00023107,0.00065288,-0.00151339,-0.02024625,-0.04504812,1.54925472,-16.23555223,-28.12249708,1.54925472
691,267.82000000,-16.22486865,-27.60857135,1.55023733,map,37.56624891,126.97781628,0,-16.22568844,-27.63774487,0.02000292,0.02000000,1.45808207,-0.01130046,-0.03190715,-0.03314560,0.43623945,-0.04291911,1.54091711,-16.21980931,-27.61056236,1.54091711
692,268.16000000,-16.19089523,-27.05542336,1.53397421,map,37.56625161,126.97781653,0,-16.20250544,-27.33878184,0.16029068,0.16000049,1.87117588,-0.01268844,-0.03599361,-0.03674948,-0.01848467,-0.08549978,1.52933751,-16.19501914,-27.03400155,1.52933751
693,268.42000000,-16.16335657,-26.50207671,1.52042722,map,37.56625876,126.97781687,0,-16.16623623,-26.54454908,0.02000547,0.02000003,2.13262921,-0.04050455,-0.11524315,-0.12767184,-0.43757992,-0.52784573,1.51140404,-16.16295643,-26.50727898,1.51140404
694,268.66000000,-16.11708972,-25.99872420,1.48394815,map,37.56626257,126.97781718,0,-16.13245182,-26.12286196,0.06004831,0.06000074,2.06580379,-0.10021194,-0.28399578,-0.29358415,-2.81403130,-0.33034563,1.46050270,-16.10401749,-26.00584573,1.46050270
695,268.92000000,-15.99860809,-25.48475054,1.39774966,map,37.56626619,126.97781797,0,-16.05092906,-25.72238209,0.12018784,0.12000917,2.01798415,-0.14280199,-0.41241306,-0.42067765,0.50043121,-1.13046860,1.36542382,-15.98892493,-25.49037951,1.36542382
696,269.18000000,-15.84200799,-24.98862501,1.29061863,map,37.56626975,126.97781887,0,-15.95468458,-25.32928320,0.18040645,0.18004550,1.96894104,-0.16471376,-0.46893016,-0.47250175,0.74264832,-0.92500349,1.24713529,-15.81368634,-25.00154770,1.24713529
697,269.46000000,-15.58738470,-24.47571155,1.17675460,map,37.56627659,126.97782200,0,-15.64055692,-24.58211431,0.06003566,0.06000927,1.99106468,-0.16525023,-0.46669814,-0.47898087,1.00147364,-1.56159734,1.11483056,-15.55999836,-24.50840648,1.11483056
698,269.72000000,-15.28380701,-24.05556375,1.05787538,map,37.56627958,126.97782438,0,-15.41279697,-24.25749724,0.12013482,0.12005556,1.98871833,-0.16937569,-0.48112079,-0.47993573,-0.74834101,-0.90142106,0.99015560,-15.26495557,-24.08051482,0.99015560
699,269.98000000,-14.95034222,-23.67093910,0.92230636,map,37.56628250,126.97782686,0,-15.17575778,-23.94342560,0.18025997,0.18017931,1.96708696,-0.17440410,-0.49179621,-0.48890525,1.18019201,-1.42361684,0.86489332,-14.92350985,-23.69900320,0.86489332
700,270.26000000,-14.51166129,-23.31916400,0.79106736,map,37.56628767,126.97783294,0,-14.60216274,-23.39803321,0.06001947,0.06002566,1.99798094,-0.17686713,-0.49532036,-0.49706076,0.47408494,-1.02643765,0.72577294,-14.49724253,-23.33615881,0.72577294
701,270.52000000,-14.08717322,-23.00463326,0.67249175,map,37.56629012,126.97783640,0,-14.28084103,-23.14174811,0.12006241,0.12012493,1.97031282,-0.16372751,-0.46497713,-0.46668484,-0.39009836,-1.00421038,0.60111606,-14.06476998,-23.05482192,0.60111606
702,270.78000000,-13.61260036,-22.79101181,0.54830729,map,37.56629183,126.97784024,0,-13.92924958,-22.96766009,0.18010951,0.18035448,2.02666842,-0.15503439,-0.43869913,-0.44027268,2.09703966,-0.95013225,0.48195028,-13.59645420,-22.82330483,0.48195028
703,271.06000000,-13.07805643,-22.61692939,0.42185146,map,37.56629495,126.97784834,0,-13.19085693,-22.65967270,0.06000610,0.06004022,2.00554064,-0.14427361,-0.40989303,-0.40948595,-0.06949895,-0.80276253,0.36500467,-13.06549293,-22.63017842,0.36500467
704,271.32000000,-12.56291405,-22.47909237,0.31802880,map,37.56629614,126.97785272,0,-12.79674744,-22.54438877,0.12001409,0.12018155,2.04396456,-0.13736472,-0.39043560,-0.38696515,0.40151235,-0.71569549,0.26051031,-12.55583745,-22.50480074,0.26051031
705,271.58000000,-12.03710864,-22.38125963,0.23567156,map,37.56629706,126.97785713,0,-12.40134775,-22.45877049,0.18002132,0.18046599,2.08602156,-0.08444336,-0.24012967,-0.22737340,0.28691870,-0.23714568,0.17838161,-12.02548833,-22.41847700,0.17838161
706,271.82000000,-11.51626616,-22.34095056,0.18013912,map,37.56629823,126.97786662,0,-11.55867237,-22.34783301,0.02000014,0.02000543,2.14908418,-0.04305556,-0.12252443,-0.11750991,-1.13688608,-0.08939195,0.13949329,-11.51911175,-22.35247294,0.13949329
707,272.06000000,-11.01573541,-22.28078057,0.13948600,map,37.56629876,126.97787128,0,-11.14506199,-22.29780255,0.06000091,0.06005236,2.17334695,-0.02197189,-0.06252017,-0.06126511,0.07932744,-0.12101625,0.11993080,-11.00235609,-22.29268837,0.11993080
708,272.32000000,-10.44192132,-22.23478493,0.11761824,map,37.56629913,126.97787630,0,-10.70074407,-22.26364775,0.12000317,0.12022219,2.16705539,-0.02663538,-0.07581282,-0.08206140,-0.16719977,-0.35434451,0.10340905,-10.44060710,-22.23540664,0.10340905
709,272.56000000,-9.93735912,-22.20694332,0.07889076,map,37.56629948,126.97788110,0,-10.27600756,-22.22973432,0.16000216,0.16039388,2.12216522,-0.06722761,-0.19203701,-0.19880782,-0.25254296,-0.60474385,0.06932800,-9.93034841,-22.20193774,0.06932800
710,272.82000000,-9.39429496,-22.20147369,0.04014046,map,37.56629988,126.97789059,0,-9.43600431,-22.20160292,0.02000000,0.02000525,2.08872196,-0.08314992,-0.23645656,-0.23686840,0.41740686,-0.50212958,0.01074618,-9.38530805,-22.20049531,0.01074618
711,273.06000000,-8.89381302,-22.21288665,-0.01502480,map,37.56629992,126.97789530,0,-9.01976847,-22.20729940,0.06000010,0.06004966,2.10598460,-0.07324837,-0.20834271,-0.20426801,-0.12125484,-0.34306830,-0.04322885,-8.88146825,-22.22825187,-0.04322885
712,273.32000000,-8.34129748,-22.25280361,-0.05329552,map,37.56629976,126.97790011,0,-8.59487413,-22.23443358,0.12000155,0.12021330,2.11675676,-0.06172838,-0.17559705,-0.17526475,0.07847398,-0.39328787,-0.09137680,-8.33355157,-22.28272053,-0.09137680
713,273.56000000,-7.81913824,-22.29569067,-0.08633965,map,37.56629956,126.97790506,0,-8.15777349,-22.26127258,0.16000413,0.16039559,2.13148438,-0.06167542,-0.17650918,-0.17880030,-0.07447945,-0.38092828,-0.13319319,-7.82860921,-22.35463158,-0.13319319
714,273.82000000,-7.28961356,-22.43757011,-0.16490723,map,37.56629822,126.97791445,0,-7.33061957,-22.42922339,0.02000062,0.02000550,2.09094963,-0.08128622,-0.23131359,-0.23900112,-0.78532627,-0.75966451,-0.18509382,-7.29247389,-22.45853475,-0.18509382
715,274.06000000,-6.81346600,-22.59427663,-0.23249113,map,37.56629717,126.97791899,0,-6.93194168,-22.56028455,0.06000361,0.06004383,2.05019248,-0.12082932,-0.34095328,-0.34400726,-1.19548726,-0.65283956,-0.25722135,-6.81664327,-22.59066275,-0.25722135
716,274.32000000,-6.30076643,-22.75400688,-0.30448253,map,37.56629630,126.97792351,0,-6.53683734,-22.67201573,0.12002237,0.12018524,2.10827002,-0.07302593,-0.20771378,-0.19221223,1.86423787,-0.16169138,-0.33361749,-6.30956262,-22.77545207,-0.33361749
717,274.56000000,-5.82845554,-22.93710078,-0.33299172,map,37.56629503,126.97792793,0,-6.14885415,-22.82165030,0.16004644,0.16035340,2.12989805,-0.05397215,-0.15355508,-0.15557235,1.12710544,-0.37729390,-0.37110335,-5.83496197,-22.96443267,-0.37110335
718,274.82000000,-5.32075486,-23.16769918,-0.38609896,map,37.56629219,126.97793692,0,-5.35987065,-23.15066138,0.02000087,0.02000460,2.13443110,-0.05626079,-0.16286673,-0.15701163,0.13327436,-0.21776974,-0.41518552,-5.32938587,-23.19103192,-0.41518552
719,275.08000000,-4.83496304,-23.40920945,-0.42042097,map,37.56629056,126.97794113,0,-4.99036201,-23.33684332,0.08001672,0.08007706,2.13772530,-0.04528537,-0.12889165,-0.13186952,-0.11242190,-0.32844460,-0.44935878,-4.82924125,-23.43553085,-0.44935878
720,275.32000000,-4.38254792,-23.67246591,-0.47538479,map,37.56628868,126.97794549,0,-4.60719926,-23.55156511,0.12004867,0.12016770,2.12020735,-0.06972514,-0.20446296,-0.20919907,-0.08952971,-0.58335466,-0.49010406,-4.37991219,-23.67873547,-0.49010406
721,275.56000000,-3.94720150,-23.91959719,-0.52386810,map,37.56628702,126.97794979,0,-4.23345254,-23.74637468,0.16010395,0.16028177,2.07246284,-0.08940150,-0.25489965,-0.26087108,0.41008316,-0.63218164,-0.54666658,-3.95299489,-23.94453580,-0.54666658
722,275.82000000,-3.51843976,-24.26240020,-0.59928871,map,37.56628277,126.97795764,0,-3.55139040,-24.23733054,0.02000189,0.02000327,2.06805203,-0.11263419,-0.32024380,-0.32351445,0.03089225,-0.73063310,-0.62298465,-3.52015421,-24.26279756,-0.62298465
723,276.08000000,-3.11626877,-24.60606600,-0.67498863,map,37.56628055,126.97796127,0,-3.23994879,-24.49762195,0.08003794,0.08004901,2.04646725,-0.12039097,-0.34219946,-0.34156840,-0.49269236,-0.66438017,-0.71070952,-3.11883730,-24.61817496,-0.71070952
724,276.36000000,-2.71910375,-25.01561323,-0.76399101,map,37.56627807,126.97796466,0,-2.94821964,-24.78185343,0.16018860,0.16018030,2.05144342,-0.12011231,-0.34155258,-0.34165111,0.20808340,-0.65399823,-0.80624283,-2.72808961,-25.03519066,-0.80624283
725,276.62000000,-2.39406516,-25.46519083,-0.85902420,map,37.56627241,126.97797090,0,-2.41947034,-25.43247557,0.02000323,0.02000195,2.06676697,-0.11204013,-0.31803320,-0.31667313,-0.20001072,-0.64364358,-0.89177208,-2.39668478,-25.45878707,-0.89177208
726,276.88000000,-2.07811766,-25.89575528,-0.92320626,map,37.56626954,126.97797383,0,-2.17180946,-25.76062858,0.08005834,0.08002802,2.05108834,-0.10930137,-0.31120864,-0.31339983,0.34427064,-0.53297393,-0.97282451,-2.10197984,-25.90428389,-0.97282451
727,277.16000000,-1.81209680,-26.39284522,-1.00889220,map,37.56626648,126.97797607,0,-1.98232013,-26.10602358,0.16028477,0.16009997,2.09120555,-0.08878897,-0.25250252,-0.24445109,1.73937747,-0.41565272,-1.05488827,-1.82020599,-26.41364725,-1.05488827
728,277.42000000,-1.56699808,-26.89349535,-1.06748876,map,37.56625984,126.97798079,0,-1.58632648,-26.85595527,0.02000426,0.02000113,2.11950574,-0.06267982,-0.17830963,-0.17705086,-0.03053412,-0.33212173,-1.10650079,-1.57914132,-26.90622156,-1.10650079
729,277.68000000,-1.37619187,-27.38017683,-1.12579225,map,37.56625622,126.97798270,0,-1.42811609,-27.26372009,0.06004518,0.06000898,2.12090025,-0.06728441,-0.19502260,-0.19408335,0.23060832,-0.51437103,-1.15392803,-1.35869659,-27.41246809,-1.15392803
730,277.92000000,-1.16722343,-27.88331634,-1.17583208,map,37.56625279,126.97798467,0,-1.26018796,-27.64715804,0.12018552,0.12002869,2.11254781,-0.06476098,-0.18421466,-0.18258633,0.03761004,-0.34604106,-1.19949983,-1.17902045,-27.88718183,-1.19949983
731,278.18000000,-1.01910010,-28.36323817,-1.21828171,map,37.56624928,126.97798624,0,-1.13247868,-28.04134858,0.16037923,0.16004694,2.14199753,-0.05176361,-0.14810149,-0.14646472,0.03476121,-0.26992463,-1.24221836,-1.00404891,-28.41224073,-1.24221836
732,278.42000000,-0.86346038,-28.84554711,-1.25305728,map,37.56624194,126.97798939,0,-0.99223208,-28.43932477,0.20040455,0.20003962,2.10696841,-0.06745977,-0.19193411,-0.20066866,-0.26183013,-0.74244812,-1.28161788,-0.86153553,-28.90295843,-1.28161788
733,278.66000000,-0.74902551,-29.39475177,-1.31310115,map,37.56623824,126.97799050,0,-0.77639310,-29.27323290,0.06004625,0.06000234,2.06864446,-0.09224043,-0.26594979,-0.26623921,-0.73570417,-0.62627484,-1.34017591,-0.75236894,-29.39115045,-1.34017591
734,278.92000000,-0.65258418,-29.92322944,-1.38303882,map,37.56623462,126.97799162,0,-0.69052186,-29.67823257,0.12019964,0.12000475,2.05140836,-0.11409451,-0.32432207,-0.32516504,0.28450424,-0.66056644,-1.41877387,-0.67674694,-29.92331499,-1.41877387
735,279.18000000,-0.62941355,-30.44789800,-1.45265750,map,37.56623107,126.97799205,0,-0.66518045,-30.07490438,0.18049119,0.18000447,2.12410722,-0.06117057,-0.17402447,-0.15026641,0.59778514,0.11008415,-1.48794286,-0.64018400,-30.46243312,-1.48794286
736,279.42000000,-0.59579929,-30.97714251,-1.47977528,map,37.56622335,126.97799298,0,-0.59951289,-30.93362134,0.02000572,0.02000004,2.18328210,-0.01475611,-0.04202417,-0.05120333,-0.24971269,-0.28064605,-1.50142417,-0.60624251,-30.98341968,-1.50142417
737,279.66000000,-0.56944820,-31.49245944,-1.49758233,map,37.56621946,126.97799328,0,-0.57609714,-31.36537307,0.06005058,0.06000014,2.10770985,-0.06569741,-0.18677921,-0.20255234,-0.84510130,-0.58012582,-1.52850095,-0.58557176,-31.49786578,-1.52850095
738,279.92000000,-0.59351510,-32.04620182,-1.56527312,map,37.56621560,126.97799324,0,-0.58826023,-31.79491354,0.12021002,0.12000010,2.10338197,-0.07164323,-0.20376966,-0.18843047,1.83863153,-0.18804990,-1.59051099,-0.60174202,-32.04227720,-1.59051099
739,280.16000000,-0.61571979,-32.55136617,-1.59455529,map,37.56621190,126.97799318,0,-0.60448023,-32.20575765,0.16041332,0.16000044,2.17700653,-0.01768201,-0.04850872,-0.04423997,0.12107824,-0.02486872,-1.61571441,-0.62897843,-32.55858661,-1.61571441
740,280.42000000,-0.65501369,-33.13279004,-1.61185752,map,37.56620394,126.97799270,0,-0.65298608,-33.08910829,0.02000576,0.02000001,2.18604329,-0.01256258,-0.03623130,-0.04084353,-0.09794204,-0.15516831,-1.62484908,-0.66042154,-33.12608575,-1.62484908
741,280.66000000,-0.70331231,-33.65302430,-1.62892314,map,37.56620003,126.97799226,0,-0.69486010,-33.52262546,0.06005325,0.06000022,2.17555902,-0.01891130,-0.05506102,-0.05736962,-0.25997276,-0.17246730,-1.63606436,-0.69535184,-33.64705408,-1.63606436
742,280.92000000,-0.74439054,-34.21435923,-1.64857465,map,37.56619613,126.97799200,0,-0.72217153,-33.95550220,0.12022223,0.12000205,2.16500043,-0.02867116,-0.08160534,-0.08271510,0.03920238,-0.20153275,-1.65478176,-0.74366854,-34.20840091,-1.65478176
743,281.18000000,-0.80479488,-34.73189069,-1.67041089,map,37.56619218,126.97799153,0,-0.76787868,-34.39280555,0.16041598,0.16000498,2.08758457,-0.05101786,-0.14508216,-0.15652450,0.41267194,-0.68487342,-1.68240153,-0.80684187,-34.76084399,-1.68240153
744,281.42000000,-0.88662901,-35.26172585,-1.70362328,map,37.56618472,126.97799039,0,-0.87976890,-35.21993580,0.02000568,0.02000056,2.11843173,-0.06479830,-0.18433327,-0.17203548,0.28606055,-0.03576823,-1.73011271,-0.89173181,-35.25843171,-1.73011271
745,281.66000000,-0.97466907,-35.77019930,-1.73530638,map,37.56618093,126.97798962,0,-0.87976890,-35.21993580,0.26072718,0.26002180,2.16104192,-0.03314134,-0.09432414,-0.09708651,0.10637797,-0.29048607,-1.75781308,-0.99130392,-35.76551499,-1.75781308
746,281.92000000,-1.09928644,-36.25722240,-1.77940462,map,37.56617718,126.97798860,0,-1.05101993,-36.05492045,0.10014123,0.10000808,2.04803480,-0.09310922,-0.27708218,-0.30034314,0.03188832,-1.04869519,-1.80391856,-1.11886138,-36.29899708,-1.80391856
747,282.18000000,-1.26394044,-36.76660223,-1.86715328,map,37.56617351,126.97798753,0,-1.15802958,-36.45908504,0.16034313,0.16004105,2.02806702,-0.14438433,-0.41296341,-0.41703419,0.53733211,-0.90909866,-1.90035302,-1.29664008,-36.79603206,-1.90035302
748,282.42000000,-1.50021976,-37.25363988,-1.95508123,map,37.56616659,126.97798419,0,-1.48260710,-37.21804712,0.02000425,0.02000137,1.97298988,-0.15639860,-0.44417586,-0.44223851,-1.28169275,-0.45458124,-2.00557874,-1.50928761,-37.22677954,-2.00557874
749,282.68000000,-1.77059100,-37.68621051,-2.06354527,map,37.56616353,126.97798209,0,-1.68594520,-37.54953645,0.08005975,0.08002327,2.01411010,-0.16146274,-0.45799120,-0.46586620,1.00699139,-2.26720198,-2.12349010,-1.79165728,-37.66247524,-2.12349010
750,282.96000000,-2.11063869,-38.11314331,-2.18808136,map,37.56616067,126.97797971,0,-1.91255373,-37.85822788,0.16022338,0.16013562,1.99826596,-0.15305464,-0.43480372,-0.42824085,0.35324449,-0.78506143,-2.25022590,-2.15434599,-38.09575380,-2.25022590
751,283.22000000,-2.52085653,-38.46882809,-2.30091066,map,37.56615522,126.97797350,0,-2.49192965,-38.43969996,0.02000256,0.02000252,2.06496795,-0.11018665,-0.31326037,-0.30433374,1.67355213,-0.39511483,-2.34546351,-2.53129293,-38.46595943,-2.34546351
752,283.46000000,-2.90029279,-38.81563376,-2.36127601,map,37.56615252,126.97797005,0,-2.80794492,-38.72991046,0.06002299,0.06002669,2.10633709,-0.07813089,-0.22175032,-0.21662269,0.44923717,-0.37917520,-2.40737704,-2.90991793,-38.79766988,-2.40737704
753,283.72000000,-3.31691504,-39.15767230,-2.41355016,map,37.56615009,126.97796654,0,-3.12431379,-38.99273625,0.12009040,0.12012342,2.11595411,-0.06426053,-0.18279940,-0.18205350,-0.05272414,-0.37822573,-2.45758627,-3.33821423,-39.14108033,-2.45758627
754,283.96000000,-3.74686947,-39.46499121,-2.47187148,map,37.56614763,126.97796260,0,-3.47796960,-39.25970282,0.16014533,0.16025028,2.09377920,-0.09321191,-0.26926854,-0.27822878,-0.67645402,-0.91512519,-2.50914943,-3.74974212,-39.43762251,-2.50914943
755,284.22000000,-4.20700651,-39.71842518,-2.55297235,map,37.56614348,126.97795493,0,-4.17191916,-39.69789568,0.02000127,0.02000371,2.02564908,-0.12852894,-0.36524504,-0.36961638,-0.26911985,-0.91363526,-2.59517555,-4.20815700,-39.70863451,-2.59517555
756,284.48000000,-4.67586143,-39.94390696,-2.65059081,map,37.56614175,126.97795099,0,-4.52958346,-39.87523970,0.08001504,0.08006835,2.02496691,-0.13722903,-0.39117587,-0.39314984,0.52800211,-0.82246262,-2.69486996,-4.68520171,-39.92714474,-2.69486996
757,284.76000000,-5.20800111,-40.13663240,-2.75087447,map,37.56614027,126.97794684,0,-4.90382235,-40.02408077,0.16004353,0.16032010,2.02080952,-0.13289485,-0.37763089,-0.37669820,0.13988333,-0.58748283,-2.80274022,-5.22382386,-40.10864870,-2.80274022
758,285.02000000,-5.74602709,-40.24291301,-2.84934437,map,37.56613813,126.97793788,0,-5.70657964,-40.23361249,0.02000026,0.02000470,2.02174126,-0.13043661,-0.37838219,-0.37803935,-0.03434812,-0.69036852,-2.90122177,-5.73867540,-40.22595608,-2.90122177
759,285.28000000,-6.25323213,-40.30573807,-2.95359487,map,37.56613751,126.97793358,0,-6.09193031,-40.28326108,0.08000161,0.08008316,2.02674457,-0.12845992,-0.36505314,-0.36050787,0.20444668,-0.63707419,-2.99897043,-6.26299077,-40.29227551,-2.99897043
760,285.52000000,-6.76159622,-40.33979426,-3.02676602,map,37.56613702,126.97792885,0,-6.51368854,-40.31931716,0.12000178,0.12020414,2.09250910,-0.09294141,-0.26431584,-0.25869480,0.63565579,-0.41918911,-3.07326869,-6.75721717,-40.31678096,-3.07326869
761,285.76000000,-7.27255112,-40.36073873,-3.07483656,map,37.56613669,126.97792408,0,-6.93591437,-40.34463946,0.16000128,0.16038963,2.12602882,-0.06206458,-0.17657291,-0.16736540,-0.07952886,-0.16145901,-3.12516484,-7.26398473,-40.31887904,-3.12516484
762,286.02000000,-7.82392993,-40.31936063,-3.13021689,map,37.56613678,126.97791453,0,-7.78069971,-40.31948633,0.02000000,0.02000562,2.16049336,-0.03237689,-0.09214792,-0.09085946,0.04977543,-0.17203294,3.12700362,-7.82197990,-40.30736948,3.12700362
763,286.26000000,-8.35433243,-40.29529849,3.12337338,map,37.56613689,126.97790951,0,-8.22462264,-40.29912136,0.06000045,0.06005292,2.15971882,-0.02983794,-0.08492110,-0.08472107,0.01512506,-0.20354658,3.10625417,-8.34093467,-40.28697326,3.10625417
764,286.52000000,-8.89897410,-40.25730135,3.10182130,map,37.56613712,126.97790483,0,-8.63757238,-40.26890621,0.12000045,0.12022659,2.18842608,-0.01024048,-0.02915426,-0.02702648,0.58005420,-0.03820494,3.09163215,-8.90556972,-40.25680174,3.09163215
765,286.76000000,-9.42801707,-40.24155413,3.09801686,map,37.56613719,126.97789985,0,-9.07754963,-40.25736064,0.16000087,0.16042426,2.19229291,-0.00703683,-0.02002149,-0.02206213,-0.02789452,-0.11618164,3.08685796,-9.43098819,-40.22750572,3.08685796
766,287.02000000,-9.98649288,-40.18826861,3.07956051,map,37.56613777,126.97789005,0,-9.94300086,-40.19125232,0.02000003,0.02000571,2.17910433,-0.01545570,-0.04399738,-0.04558775,-0.03467797,-0.13562579,3.07769723,-9.99685040,-40.19090257,3.07769723
767,287.26000000,-10.51388279,-40.13971128,3.06390618,map,37.56613809,126.97788506,0,-10.38436241,-40.15098984,0.06000040,0.06005253,2.17250811,-0.02483047,-0.07050936,-0.06979939,0.00468117,-0.13255880,3.06315054,-10.51635470,-40.14898341,3.06315054
768,287.52000000,-11.07649263,-40.13033518,3.07301549,map,37.56613808,126.97788019,0,-10.81416162,-40.14870212,0.12000112,0.12022898,2.19395988,0.00384021,0.01097642,0.01563466,-0.28390333,0.10597208,3.05588150,-11.08270119,-40.09864718,3.05588150
769,287.76000000,-11.61117568,-40.06164348,3.07526488,map,37.56613870,126.97787511,0,-11.26268363,-40.08394101,0.16000171,0.16042000,2.18429231,0.01161719,0.03307248,0.03310128,-0.01589572,0.09772018,3.06299042,-11.60492438,-40.05800948,3.06299042
770,288.02000000,-12.17835469,-40.03266594,3.07753266,map,37.56613913,126.97786524,0,-12.13471483,-40.03521865,0.02000002,0.02000575,2.18550363,0.01322783,0.03765834,0.03555401,0.02337764,0.01664567,3.07235498,-12.17099614,-40.01933863,3.07235498
771,288.26000000,-12.69414255,-39.98349299,3.06949148,map,37.56613953,126.97786039,0,-12.56354273,-39.99339223,0.06000031,0.06005340,2.17411902,-0.01299526,-0.03697920,-0.04230794,0.13908003,-0.17698368,3.07211436,-12.69447997,-39.98383136,3.07211436
772,288.52000000,-13.26836431,-39.90724734,3.04303970,map,37.56614003,126.97785536,0,-13.00808323,-39.93427125,0.12000243,0.12022534,2.18303324,-0.01498928,-0.04279971,-0.03994239,0.12795201,-0.04505545,3.05964559,-13.25852423,-39.93654026,3.05964559
773,288.76000000,-13.77907757,-39.86939123,3.04105092,map,37.56614024,126.97785057,0,-13.43045106,-39.90526213,0.16000485,0.16041884,2.19483887,0.00061874,0.00206552,0.01228253,-0.49318541,0.28246964,3.05426090,-13.78194758,-39.88972744,3.05426090
774,289.02000000,-14.34362781,-39.84418442,3.07236024,map,37.56614084,126.97784073,0,-14.30039093,-39.84677143,0.02000043,0.02000604,2.16756855,0.02129295,0.06060729,0.05679016,0.43397702,-0.01055171,3.06829240,-14.34541968,-39.84884064,3.06829240
775,289.26000000,-14.86445435,-39.79920507,3.06320382,map,37.56614119,126.97783583,0,-14.73336814,-39.80909068,0.06000071,0.06005389,2.19043222,0.00859253,0.02444324,0.02595241,0.24056638,0.09257376,3.07576042,-14.86935731,-39.81531053,3.07576042
776,289.52000000,-15.43463542,-39.80037953,3.09098169,map,37.56614114,126.97783083,0,-15.17503818,-39.81168057,0.12000042,0.12022313,2.15449312,0.03394005,0.09653873,0.10158394,0.14291208,0.32040909,3.09103313,-15.43339003,-39.78688599,3.09103313
777,289.76000000,-15.94618676,-39.77851127,3.12687790,map,37.56614150,126.97782594,0,-15.60750779,-39.77893494,0.16000000,0.16039624,2.13025484,0.06161786,0.17531012,0.17189193,0.43464194,0.34267925,3.12793745,-15.94322517,-39.78276240,3.12793745
778,290.02000000,-16.49907742,-39.80182933,-3.13309329,map,37.56614140,126.97781633,0,-16.45634764,-39.80058827,0.02000001,0.02000550,2.13767176,0.04613513,0.13127061,0.12846107,0.06215822,0.22451060,-3.11663663,-16.49818405,-39.80014575,-3.11663663
779,290.26000000,-17.01590387,-39.82914031,-3.09768127,map,37.56614127,126.97781145,0,-16.88791212,-39.82133368,0.06000019,0.06005125,2.14093799,0.04546959,0.12939501,0.13101615,0.19260748,0.33700671,-3.08686868,-17.01071112,-39.83111245,-3.08686868
780,290.52000000,-17.56476108,-39.87099607,-3.07481059,map,37.56614107,126.97780670,0,-17.30687052,-39.85087738,0.12000176,0.12022060,2.16725339,0.02582032,0.07335595,0.06482042,0.13769118,0.06364976,-3.05697167,-17.56766960,-39.88154992,-3.05697167
781,290.76000000,-18.09249867,-39.91792491,-3.06796291,map,37.56614073,126.97780176,0,-17.74362961,-39.89146361,0.16000241,0.16041979,2.18666303,-0.01200598,-0.03417984,-0.05163940,-0.38912371,-0.45194960,-3.05233425,-18.08960776,-39.92982174,-3.05233425
782,291.02000000,-18.63394630,-39.96735792,-3.07421514,map,37.56614003,126.97779216,0,-18.59142779,-39.96535116,0.02000001,0.02000546,2.13763894,-0.04397007,-0.12511131,-0.11583766,-0.13601960,-0.11307029,-3.08450452,-18.64211146,-39.95973031,-3.08450452
783,291.26000000,-19.15419746,-39.99091835,-3.09021313,map,37.56613983,126.97778727,0,-19.02392466,-39.98534411,0.06000010,0.06005314,2.17424466,-0.02056214,-0.05853117,-0.05304229,0.18423454,0.02650820,-3.10434170,-19.16097270,-39.97651342,-3.10434170
784,291.52000000,-19.71706180,-39.99924507,-3.10144254,map,37.56613980,126.97778240,0,-19.45407753,-39.98863958,0.12000038,0.12023007,2.19604675,0.00337468,0.00987768,0.01052987,-0.23285020,0.06020144,-3.10737596,-19.72974351,-39.99492555,-3.10737596
785,291.76000000,-20.26242158,-39.99241688,-3.11777953,map,37.56613983,126.97777722,0,-19.91146344,-39.98416418,0.16000023,0.16042590,2.18885885,-0.00591905,-0.01685210,-0.01796845,0.03859932,-0.04238372,-3.10843490,-20.25565629,-40.01258357,-3.10843490
786,292.02000000,-20.82007994,-40.02166593,-3.10351972,map,37.56613949,126.97776743,0,-20.77622596,-40.02009127,0.02000001,0.02000581,2.19420394,-0.00509833,-0.01451611,-0.01438824,0.01103255,-0.01267830,-3.11292502,-20.82535291,-40.02852278,-3.11292502
787,292.26000000,-21.34551928,-40.03617442,-3.12569266,map,37.56613936,126.97776248,0,-21.21430750,-40.03454776,0.06000001,0.06005391,2.18683804,-0.00972489,-0.02768604,-0.02766883,-0.03765392,-0.08520027,-3.11836176,-21.35050667,-40.04037904,-3.11836176
788,292.52000000,-21.92483970,-40.04117212,-3.12712745,map,37.56613928,126.97775741,0,-21.66216715,-40.03810056,0.12000003,0.12022948,2.18968314,-0.00941260,-0.02679782,-0.02651047,0.00296694,-0.02290942,-3.12556288,-21.91957492,-40.04896007,-3.12556288
789,292.76000000,-22.43579896,-40.02546105,-3.14017680,map,37.56613939,126.97775261,0,-22.08578677,-40.02570603,0.16000000,0.16042363,2.18797992,-0.00928398,-0.02643129,-0.02651999,-0.01090468,-0.04340667,-3.13192545,-22.44464294,-40.05344154,-3.13192545
790,293.02000000,-23.01217278,-40.05593817,-3.12644247,map,37.56613910,126.97774262,0,-22.96839611,-40.05544733,0.02000000,0.02000579,2.18890492,-0.00927812,-0.02641520,-0.02663880,0.01849659,-0.05717405,-3.13879410,-23.01372251,-40.05454537,-3.13879410
791,293.26000000,-23.54393683,-40.06085629,-3.13351695,map,37.56613908,126.97773759,0,-23.41268053,-40.06025647,0.06000000,0.06005395,2.18700811,-0.00968135,-0.02756290,-0.02786156,0.01025416,-0.09354426,3.13799886,-23.53892300,-40.05207500,3.13799886
792,293.52000000,-24.10075458,-40.04501978,3.13614031,map,37.56613918,126.97773277,0,-23.83865863,-40.04728904,0.12000002,0.12022847,2.18494373,-0.01191568,-0.03392278,-0.03459002,0.01647441,-0.07574364,3.12995329,-24.10710673,-40.04496832,3.12995329
793,293.76000000,-24.63118391,-40.02521591,3.12056114,map,37.56613928,126.97772776,0,-24.28164698,-40.03357635,0.16000025,0.16042245,2.18312280,-0.01303875,-0.03711916,-0.03757979,-0.02608208,-0.08474612,3.12136478,-24.63139368,-40.03358678,3.12136478
794,294.02000000,-25.19535187,-40.00482156,3.11315952,map,37.56613948,126.97771791,0,-25.15175958,-40.00635594,0.02000001,0.02000572,2.17900175,-0.01579612,-0.04496648,-0.04520333,0.03223911,-0.12484473,3.11050919,-25.19778282,-40.01529861,3.11050919
795,294.26000000,-25.72398758,-39.99479834,3.10565199,map,37.56613952,126.97771291,0,-25.59336294,-40.00043528,0.06000010,0.06005338,2.17842747,-0.01964580,-0.05603842,-0.05710339,-0.01847937,-0.15128590,3.09826393,-25.72028743,-39.99161304,3.09826393
796,294.52000000,-26.30245290,-39.97309584,3.10010687,map,37.56613964,126.97770783,0,-26.04220578,-39.98547782,0.12000051,0.12022520,2.17186868,-0.02081058,-0.05923584,-0.05902166,0.02637818,-0.12474107,3.08283424,-26.28380495,-39.95734276,3.08283424
797,294.76000000,-26.80934837,-39.91429514,3.07635056,map,37.56614006,126.97770307,0,-26.46245712,-39.93870541,0.16000246,0.16041437,2.17527911,-0.02181952,-0.06200616,-0.06231521,-0.03708421,-0.13840670,3.06815417,-26.80407718,-39.91769121,3.06815417
798,295.02000000,-27.36308541,-39.86531867,3.06186699,map,37.56614060,126.97769336,0,-27.31993018,-39.86920320,0.02000046,0.02000604,2.16653129,-0.02341353,-0.06664243,-0.06868932,0.04544755,-0.16105809,3.05169533,-27.36624922,-39.86587184,3.05169533
799,295.26000000,-27.87922975,-39.80702824,3.03975166,map,37.56614101,126.97768849,0,-27.75033425,-39.82167343,0.06000108,0.06005217,2.16312714,-0.03078585,-0.08762217,-0.08900773,0.05644089,-0.22629555,3.03286458,-27.88229839,-39.80795067,3.03286458
800,295.52000000,-28.44947749,-39.72057001,3.01093315,map,37.56614155,126.97768346,0,-28.19379739,-39.75718126,0.12000446,0.12021652,2.13715721,-0.04273683,-0.12160136,-0.12377338,0.02683451,-0.29910968,3.00516198,-28.43729110,-39.73015063,3.00516198
801,295.76000000,-28.95761856,-39.62485743,2.97641919,map,37.56614215,126.97767860,0,-28.62272644,-39.68482349,0.16001249,0.16038715,2.12165690,-0.05610887,-0.16067191,-0.16306497,-0.14947959,-0.42138055,2.97103383,-28.94056530,-39.64049499,2.97103383
802,296.02000000,-29.48310725,-39.53924086,2.96185103,map,37.56614328,126.97766931,0,-29.44143954,-39.54806946,0.02000024,0.02000523,2.12807544,-0.06559491,-0.18689114,-0.18796945,-0.08816104,-0.35704223,2.92462042,-29.48011340,-39.51811882,2.92462042
803,296.26000000,-29.96618945,-39.39899680,2.90991201,map,37.56614428,126.97766474,0,-29.84378890,-39.43124755,0.06000326,0.06004687,2.10914962,-0.06691105,-0.19062233,-0.19052815,0.29666698,-0.42411427,2.87916881,-29.96867173,-39.38217775,2.87916881
804,296.52000000,-30.50794417,-39.20932919,2.84768575,map,37.56614548,126.97765994,0,-30.26561345,-39.28812451,0.12002069,0.12019525,2.12436773,-0.06859326,-0.19472688,-0.19435937,-0.41919830,-0.45920194,2.82913862,-30.49154800,-39.20902439,2.82913862
805,296.78000000,-31.01167124,-39.02579419,2.80064568,map,37.56614655,126.97765550,0,-30.65449959,-39.15850588,0.18006229,0.18044914,2.10508402,-0.06882698,-0.19576562,-0.19582515,-0.01757039,-0.42741634,2.77828896,-31.00467545,-39.00965048,2.77828896
806,297.06000000,-31.53938235,-38.78447718,2.75324797,map,37.56614933,126.97764675,0,-31.42311349,-38.83581429,0.06000826,0.06004234,2.12073722,-0.07127417,-0.20276188,-0.20345290,0.02158368,-0.43582480,2.72265111,-31.54350676,-38.76614922,2.72265111
807,297.32000000,-32.02589160,-38.53278116,2.69234747,map,37.56615094,126.97764243,0,-31.80034798,-38.64794266,0.12004418,0.12016914,2.09820310,-0.07626670,-0.21691281,-0.21835375,-0.14931173,-0.46261079,2.66794735,-32.03077377,-38.51164879,2.66794735
808,297.58000000,-32.48182078,-38.26540926,2.63676108,map,37.56615260,126.97763835,0,-32.15586451,-38.45307317,0.18012454,0.18037413,2.09348031,-0.08290507,-0.24173629,-0.24193199,-0.02916984,-0.55057911,2.60792376,-32.49636846,-38.23125024,2.60792376
809,297.82000000,-32.91618102,-37.94938707,2.57730617,map,37.56615676,126.97763002,0,-32.88161654,-37.97328506,0.02000173,0.02000361,2.09613651,-0.08991351,-0.25242302,-0.25452936,-0.91147209,-0.51273812,2.54845002,-32.91093599,-37.94429572,2.54845002
810,298.06000000,-33.30720746,-37.63489980,2.51203430,map,37.56615903,126.97762624,0,-33.20916651,-37.71189409,0.06001857,0.06003010,2.07473933,-0.09133651,-0.25970077,-0.25995477,-0.03034391,-0.55875456,2.48662688,-33.30292873,-37.63501064,2.48662688
811,298.32000000,-33.71252218,-37.27444630,2.44456372,map,37.56616137,126.97762258,0,-33.52432646,-37.44120731,0.12009262,0.12011775,2.09461931,-0.09364288,-0.26415439,-0.26291470,-1.77971538,-0.70987337,2.41797696,-33.70604385,-37.27131007,2.41797696
812,298.56000000,-34.06376755,-36.91684112,2.38471184,map,37.56616390,126.97761907,0,-33.82720687,-37.15113127,0.16019011,0.16019319,2.07484838,-0.09267078,-0.26349159,-0.26242443,-0.10391027,-0.47830739,2.35462806,-34.05434474,-36.91231659,2.35462806
813,298.82000000,-34.39992220,-36.50227788,2.31773572,map,37.56616932,126.97761272,0,-34.37275541,-36.53419069,0.02000308,0.02000223,2.09269340,-0.09265034,-0.26349011,-0.26324238,-1.54960589,-0.49696478,2.28617484,-34.40456494,-36.50039591,2.28617484
814,299.08000000,-34.73977671,-36.09556779,2.25981890,map,37.56617200,126.97760960,0,-34.63833779,-36.22766766,0.08005577,0.08003286,2.07535354,-0.09236375,-0.26262041,-0.26359774,-0.03435467,-0.55658636,2.21813311,-34.72726986,-36.06379729,2.21813311
815,299.32000000,-35.02023362,-35.63222542,2.19495076,map,37.56617545,126.97760678,0,-34.88056308,-35.83862964,0.12014179,0.12006480,2.07210083,-0.09388788,-0.26694618,-0.26711802,-0.67202180,-0.53816664,2.15449016,-34.99611407,-35.64441238,2.15449016
816,299.58000000,-35.27241015,-35.18368117,2.11509216,map,37.56617835,126.97760435,0,-35.08466936,-35.50914943,0.18037386,0.18012380,2.07674738,-0.09564581,-0.26979101,-0.26771015,-2.60741001,-0.76935130,2.08354021,-35.25657900,-35.16993962,2.08354021
817,299.82000000,-35.48226799,-34.71804512,2.05701563,map,37.56618502,126.97759980,0,-35.46435355,-34.75569326,0.02000428,0.02000097,2.08081365,-0.09669105,-0.27196123,-0.27307537,-0.14504323,-0.56069996,2.01841599,-35.46570885,-34.71806218,2.01841599
818,300.08000000,-35.69157617,-34.22944795,1.99462884,map,37.56618833,126.97759782,0,-35.62835301,-34.38349876,0.08007588,0.08001277,2.08744958,-0.09483386,-0.27401688,-0.27146506,-0.99207993,-0.66762055,1.94739185,-35.65903506,-34.21356706,1.94739185
819,300.36000000,-35.84257950,-33.67521379,1.91103062,map,37.56619183,126.97759646,0,-35.73931855,-33.99073979,0.16034458,0.16003670,2.07803108,-0.09594240,-0.26825083,-0.26869522,-0.02894875,-0.44279004,1.87206548,-35.82683716,-33.65668638,1.87206548
820,300.62000000,-35.94446606,-33.12406957,1.83218515,map,37.56619919,126.97759393,0,-35.93543669,-33.16460446,0.02000497,0.02000025,2.07538382,-0.09282481,-0.27088888,-0.26879813,-0.08709523,-0.56619544,1.80180982,-35.94508361,-33.12861759,1.80180982
821,300.88000000,-36.04096678,-32.60988915,1.76603265,map,37.56620268,126.97759290,0,-36.01439298,-32.77378859,0.08008601,0.08000265,2.07346176,-0.09376905,-0.26661158,-0.26666071,-0.03755267,-0.57081529,1.73237025,-36.02605159,-32.59490215,1.73237025
822,301.12000000,-36.07211465,-32.10941843,1.70313791,map,37.56620640,126.97759241,0,-36.04619835,-32.35920537,0.12020656,0.12000260,2.09125978,-0.09332311,-0.26539779,-0.26490042,0.03095376,-0.54717914,1.66824534,-36.06803262,-32.09560500,1.66824534
823,301.36000000,-36.10791686,-31.59411110,1.64454233,map,37.56621027,126.97759178,0,-36.09073532,-31.92727957,0.16038261,0.16000099,2.08583712,-0.08466107,-0.24074900,-0.23952730,-0.01141315,-0.51530026,1.60792306,-36.08004024,-31.59508102,1.60792306
824,301.62000000,-36.06692489,-31.06010978,1.57735596,map,37.56621770,126.97759179,0,-36.06819959,-31.10221718,0.02000535,0.02000001,2.10650426,-0.08223667,-0.23387623,-0.23321913,0.04374158,-0.46390828,1.54661651,-36.06167556,-31.05049253,1.54661651
825,301.86000000,-36.01773894,-30.53542694,1.52211055,map,37.56622166,126.97759212,0,-36.02721115,-30.66236239,0.06005071,0.06000069,2.12323350,-0.06189486,-0.17608376,-0.16830131,1.22695705,-0.26670252,1.49619800,-36.01804139,-30.54495610,1.49619800
826,302.12000000,-35.95981918,-29.97866261,1.48643205,map,37.56622551,126.97759251,0,-35.98464261,-30.23497609,0.12021795,0.12000205,2.15990116,-0.03439934,-0.09787363,-0.09373224,0.32912621,-0.12362459,1.46302260,-35.95462306,-29.99161698,1.46302260
827,302.38000000,-35.90129634,-29.44346863,1.47257231,map,37.56622914,126.97759294,0,-35.94146560,-29.83272363,0.18053350,0.18000568,2.16524939,-0.00187614,-0.00291939,0.00385936,0.66224994,0.13073590,1.44926563,-35.88393467,-29.43159615,1.44926563
828,302.62000000,-35.82682832,-28.91873310,1.46866822,map,37.56623698,126.97759420,0,-35.83101947,-28.96231062,0.02000574,0.02000005,2.18550141,0.01394416,0.03942668,0.03740747,0.16778093,0.08764961,1.45882007,-35.82601821,-28.91108445,1.45882007
829,302.86000000,-35.77505619,-28.39792236,1.46174149,map,37.56624089,126.97759465,0,-35.78911359,-28.52866712,0.06005352,0.06000062,2.18099478,0.00573592,0.01632911,0.01991453,0.06924131,0.10508409,1.46498630,-35.77146690,-28.38914956,1.46498630
830,303.12000000,-35.70678515,-27.83354037,1.47340887,map,37.56624482,126.97759530,0,-35.73012509,-28.09252037,0.12022299,0.12000180,2.15698028,0.02940219,0.08555027,0.08525767,-1.25271732,0.24503723,1.48074226,-35.72089963,-27.82695135,1.48074226
831,303.36000000,-35.68355101,-27.30118167,1.49195352,map,37.56624884,126.97759558,0,-35.70856094,-27.64662305,0.16041269,0.16000215,2.16930964,0.02270940,0.06463839,0.06004805,0.11847035,0.01403357,1.49935027,-35.68586174,-27.30858529,1.49935027
832,303.62000000,-35.64800027,-26.73586745,1.50369058,map,37.56625665,126.97759630,0,-35.65082600,-26.77964085,0.02000577,0.02000003,2.19351920,0.00591328,0.01683592,0.01497946,0.03078275,0.01376737,1.50807211,-35.65141122,-26.74113076,1.50807211
833,303.86000000,-35.62258417,-26.22460950,1.50626034,map,37.56626047,126.97759652,0,-35.63113353,-26.35555167,0.06005363,0.06000023,2.18232804,-0.00371951,-0.01058918,-0.01360424,0.09329829,-0.07419463,1.50866587,-35.61908798,-26.21543809,1.50866587
834,304.08000000,-35.58508084,-25.72333669,1.50379328,map,37.56626459,126.97759689,0,-35.59751639,-25.89783341,0.08009726,0.08000050,2.18543678,-0.01262963,-0.03614954,-0.03607540,-0.11548579,-0.03174285,1.50231881,-35.58564453,-25.73545226,1.50231881
835,304.32000000,-35.54604391,-25.21689577,1.49559565,map,37.56626837,126.97759723,0,-35.56659749,-25.47830141,0.12022665,0.12000181,2.18644356,-0.01004231,-0.02854734,-0.02758875,0.02785603,-0.03922051,1.49436534,-35.54478072,-25.21277227,1.49436534
836,304.56000000,-35.49270566,-24.67722059,1.48782987,map,37.56627244,126.97759772,0,-35.52240929,-25.02701904,0.16042195,0.16000305,2.19299764,-0.00638937,-0.01819087,-0.01782398,0.02016981,-0.03428727,1.48913545,-35.50126421,-24.68846208,1.48913545
837,304.82000000,-35.45830843,-24.12994517,1.49112164,map,37.56628013,126.97759838,0,-35.46190704,-24.17367705,0.02000576,0.02000004,2.19299201,-0.00556252,-0.01522949,-0.01454687,0.00911130,0.00697030,1.48477804,-35.45193783,-24.12044200,1.48477804
838,305.06000000,-35.41375155,-23.59405571,1.49105157,map,37.56628417,126.97759882,0,-35.42439888,-23.72552150,0.06005406,0.06000036,2.19805362,-0.00286744,-0.00816423,-0.00782153,-0.25184893,0.00308095,1.48218263,-35.40498933,-23.59557723,1.48218263
839,305.32000000,-35.34829197,-23.03023887,1.48046011,map,37.56628807,126.97759941,0,-35.37225320,-23.29280444,0.12022919,0.12000191,2.19688908,-0.00236128,-0.00672348,-0.00693146,-0.01588965,-0.02261111,1.48035291,-35.35325303,-23.02667591,1.48035291
840,305.56000000,-35.30293833,-22.49761217,1.47640925,map,37.56629208,126.97759979,0,-35.33623102,-22.84759155,0.16042347,0.16000383,2.19731887,-0.00224461,-0.00639096,-0.00640763,0.03830141,-0.01840040,1.47885598,-35.30470197,-22.50160948,1.47885598
841,305.82000000,-35.24332877,-21.93104010,1.47479107,map,37.56629994,126.97760079,0,-35.24757160,-21.97479813,0.02000578,0.02000006,2.19832986,-0.00164137,-0.00460534,-0.00430879,-0.02678321,-0.01580466,1.47729019,-35.25121527,-21.93272654,1.47729019
842,306.06000000,-35.20096878,-21.40986378,1.47768752,map,37.56630385,126.97760117,0,-35.21311771,-21.54094215,0.06005380,0.06000046,2.19463385,0.00234963,0.00669035,0.00816777,0.04784404,0.06768551,1.47748908,-35.20194937,-21.40769912,1.47748908
843,306.32000000,-35.14225558,-20.84140243,1.48109004,map,37.56630780,126.97760173,0,-35.16514999,-21.10259021,0.12022684,0.12000174,2.17752428,0.01049712,0.02988216,0.03182876,0.05168651,0.11985912,1.48259680,-35.15191486,-20.84094436,1.48259680
844,306.56000000,-35.11244711,-20.31672365,1.49153173,map,37.56631175,126.97760204,0,-35.13880973,-20.66465203,0.16041857,0.16000239,2.17693268,0.01830887,0.05244072,0.05312827,0.00932120,0.11978857,1.49334828,-35.11220129,-20.31920487,1.49334828
845,306.82000000,-35.07519464,-19.76161788,1.50137573,map,37.56631949,126.97760278,0,-35.07785236,-19.80501178,0.02000569,0.02000002,2.17347309,0.01950075,0.05552226,0.05579587,0.00145617,0.10958793,1.50759512,-35.07749196,-19.75473703,1.50759512
846,307.06000000,-35.05784864,-19.23144348,1.52024239,map,37.56632348,126.97760296,0,-35.06354521,-19.36209784,0.06005346,0.06000010,2.18000762,0.01824496,0.05193842,0.05165844,0.02440702,0.08601189,1.52067641,-35.05260457,-19.23301838,1.52067641
847,307.32000000,-35.02480918,-18.66652174,1.52854392,map,37.56632739,126.97760333,0,-35.03452815,-18.92771487,0.12022689,0.12000031,2.17617108,0.01762660,0.05017566,0.05017140,-0.01667303,0.11181267,1.53370212,-35.03255965,-18.66699918,1.53370212
848,307.56000000,-35.00050185,-18.13000316,1.53122797,map,37.56633144,126.97760359,0,-35.01279319,-18.47787972,0.16041850,0.16000052,2.17932175,0.01841332,0.05241729,0.05203573,0.01245652,0.12534966,1.54614533,-35.02084545,-18.14492206,1.54614533
849,307.82000000,-35.01749866,-17.56751087,1.55512046,map,37.56633925,126.97760355,0,-35.01789602,-17.61113536,0.02000617,0.02000041,2.18069605,0.01503812,0.04280276,0.04135005,0.03023073,0.07421093,1.55890389,-35.01516525,-17.57804075,1.55890389
850,308.06000000,-35.00731529,-17.05308488,1.56886605,map,37.56634310,126.97760373,0,-35.00699097,-17.18407140,0.06005357,0.06000000,2.18215315,0.01215359,0.03459970,0.03489430,0.01823731,0.08640578,1.56746918,-35.01429301,-17.05399549,1.56746918
851,308.32000000,-35.00871415,-16.48641530,1.56812088,map,37.56634702,126.97760374,0,-35.00867650,-16.74930120,0.12022905,0.12000041,2.19592155,0.00695453,0.01980125,0.01298705,0.36407011,-0.11051808,1.57532808,-35.01765493,-16.48497979,1.57532808
852,308.56000000,-35.00133982,-15.96811675,1.55860188,map,37.56635096,126.97760375,0,-35.00683101,-16.31135886,0.16040411,0.16000052,2.14129688,-0.04545509,-0.12940334,-0.14377861,-0.26744030,-0.58624730,1.56260159,-35.01393901,-15.96717816,1.56260159
853,308.82000000,-34.97891623,-15.42422112,1.53029120,map,37.56635859,126.97760391,0,-34.98240897,-15.46474283,0.02000537,0.02000045,2.02124566,-0.09979747,-0.28358393,-0.29659297,0.41496901,-1.00953623,1.50499472,-34.97526717,-15.42466793,1.50499472
854,309.08000000,-34.89267958,-14.92424590,1.44225673,map,37.56636203,126.97760446,0,-34.92156060,-15.08426570,0.08008157,0.08000267,2.03875545,-0.13283697,-0.37754275,-0.37833689,1.21977346,-0.84852368,1.41270015,-34.88459688,-14.90462989,1.41270015
855,309.32000000,-34.76459545,-14.42955134,1.35756817,map,37.56636580,126.97760534,0,-34.82686795,-14.66743538,0.12018791,0.12001295,2.02630137,-0.13671677,-0.38863849,-0.38734427,-0.64839669,-0.55013992,1.32083309,-34.75339184,-14.43080661,1.32083309
856,309.58000000,-34.59096522,-13.91845286,1.26691042,map,37.56636952,126.97760648,0,-34.71068227,-14.25849309,0.18040701,0.18005098,2.00492074,-0.14560292,-0.41389971,-0.41587190,0.72237968,-0.90543246,1.21615550,-34.56339753,-13.94553204,1.21615550
857,309.86000000,-34.31948624,-13.42684546,1.15346464,map,37.56637613,126.97760990,0,-34.37580506,-13.53560402,0.06003704,0.06000994,2.03279788,-0.14969445,-0.41507839,-0.41305340,-0.29586401,-0.90793238,1.09905463,-34.29702678,-13.44267058,1.09905463
858,310.12000000,-34.03746046,-13.01183069,1.05260732,map,37.56637909,126.97761207,0,-34.16669688,-13.21522670,0.12013751,0.12005569,2.00205034,-0.14483475,-0.41147223,-0.41211936,-0.01712210,-0.85694393,0.99224685,-34.00222636,-13.00987548,0.99224685
859,310.38000000,-33.69806559,-12.59404711,0.94121712,map,37.56638217,126.97761466,0,-33.92259883,-12.88127437,0.18029022,0.18017853,2.02805497,-0.14554590,-0.41349165,-0.41812879,2.20805655,-1.67876862,0.88387309,-33.66150998,-12.60986636,0.88387309
860,310.66000000,-33.26566568,-12.20925099,0.82659498,map,37.56638768,126.97762076,0,-33.35253040,-12.29295415,0.06002228,0.06002403,2.00619480,-0.14383885,-0.40857646,-0.40503952,0.15245631,-0.71949079,0.76885437,-33.24934836,-12.22317719,0.76885437
861,310.92000000,-32.85587055,-11.88308548,0.72564548,map,37.56639012,126.97762410,0,-33.04387257,-12.03482144,0.12007628,0.12011738,2.01545669,-0.14334809,-0.40821955,-0.40952350,0.54911094,-0.87923163,0.66317274,-32.83104899,-11.90893774,0.66317274
862,311.18000000,-32.40858524,-11.60833312,0.62052688,map,37.56639227,126.97762774,0,-32.71121204,-11.80941307,0.18014132,0.18032220,2.00978458,-0.14111409,-0.40093600,-0.40057765,0.22315897,-0.57411953,0.55819631,-32.38032390,-11.63912583,0.55819631
863,311.46000000,-31.89443221,-11.39887842,0.49889642,map,37.56639578,126.97763549,0,-32.00421801,-11.45110114,0.06000853,0.06003774,2.02033164,-0.13572192,-0.41372893,-0.41198014,-0.01298413,-0.93789919,0.44497649,-31.86592631,-11.40190408,0.44497649
864,311.72000000,-31.37157556,-11.19417899,0.40193531,map,37.56639749,126.97763998,0,-31.59900433,-11.27906931,0.12002413,0.12017174,2.01759525,-0.13498493,-0.38355551,-0.38094541,-0.26406100,-0.66991943,0.34214356,-31.36759042,-11.23447576,0.34214356
865,311.98000000,-30.85412693,-11.07980433,0.30940237,map,37.56639850,126.97764432,0,-31.20869353,-11.18194064,0.18003645,0.18044275,2.07591053,-0.10893489,-0.30974062,-0.30370708,0.12865700,-0.47845108,0.25202327,-30.84997346,-11.11069505,0.25202327
866,312.22000000,-30.35301349,-11.01578752,0.23238813,map,37.56640017,126.97765344,0,-30.39427192,-11.02415153,0.02000021,0.02000514,2.11329179,-0.07007743,-0.19940194,-0.19127488,1.52147427,-0.25871829,0.19260587,-30.35403531,-11.02152175,0.19260587
867,312.46000000,-29.85130725,-10.93803943,0.18566358,map,37.56640083,126.97765812,0,-29.97823888,-10.95976060,0.06000148,0.06005046,2.15098603,-0.03953302,-0.11250281,-0.10778300,0.09259130,-0.14294954,0.15779235,-29.84768422,-10.94536639,0.15779235
868,312.72000000,-29.28604329,-10.86678251,0.15731663,map,37.56640139,126.97766303,0,-29.54369880,-10.90560623,0.12000501,0.12022084,2.17241770,-0.02446838,-0.06964916,-0.06876669,-0.02694263,-0.13568101,0.13601367,-29.28919898,-10.87106544,0.13601367
869,312.96000000,-28.77860578,-10.81095713,0.13423858,map,37.56640188,126.97766779,0,-29.12255099,-10.85545010,0.16000682,0.16040906,2.16409916,-0.02587878,-0.07365698,-0.07511139,0.11664095,-0.17480872,0.11938801,-28.77244165,-10.81059295,0.11938801
870,313.22000000,-28.20977723,-10.74517182,0.12356876,map,37.56640289,126.97767762,0,-28.25281452,-10.74990172,0.02000007,0.02000560,2.16389939,-0.03295587,-0.09379938,-0.09579796,-0.09112626,-0.29151217,0.09744940,-28.21183351,-10.75718741,0.09744940
871,313.46000000,-27.70897649,-10.72035034,0.08392419,map,37.56640311,126.97768232,0,-27.83707079,-10.72903585,0.06000024,0.06005139,2.14144689,-0.04315300,-0.12279108,-0.12326021,-0.01005781,-0.24926737,0.07030875,-27.69828355,-10.72337391,0.07030875
872,313.72000000,-27.13806514,-10.70270955,0.04889899,map,37.56640335,126.97768731,0,-27.39599821,-10.71199563,0.12000028,0.12022130,2.15291708,-0.04299065,-0.12234501,-0.12137683,0.01001961,-0.25300206,0.03805150,-27.14026745,-10.70464664,0.03805150
873,313.96000000,-26.62630566,-10.69562147,0.02482573,map,37.56640350,126.97769212,0,-26.97030240,-10.70078168,0.16000009,0.16040914,2.14644690,-0.04028759,-0.11464480,-0.11478035,0.03240143,-0.24208325,0.00986248,-26.62409274,-10.70237585,0.00986248
874,314.22000000,-26.07039949,-10.70501607,-0.00152362,map,37.56640356,126.97770182,0,-26.11351524,-10.70421541,0.02000000,0.02000562,2.15730110,-0.03901854,-0.11104666,-0.11115654,-0.02448464,-0.26555960,-0.01921588,-26.06521995,-10.71538018,-0.01921588
875,314.46000000,-25.55086309,-10.73446921,-0.02469960,map,37.56640337,126.97770672,0,-25.68014101,-10.72935389,0.06000008,0.06005234,2.15451109,-0.03872166,-0.11019822,-0.10937938,-0.17285909,-0.20326412,-0.04604573,-25.54829566,-10.74181529,-0.04604573
876,314.72000000,-24.98852243,-10.76952686,-0.05526427,map,37.56640320,126.97771164,0,-25.24597190,-10.75240534,0.12000098,0.12022047,2.15223155,-0.03743225,-0.10624714,-0.10599954,0.03054633,-0.21717731,-0.07402892,-24.99100294,-10.78532959,-0.07402892
877,314.96000000,-24.47379563,-10.83587586,-0.08493161,map,37.56640279,126.97771649,0,-24.81790794,-10.80357437,0.16000402,0.16040785,2.15979098,-0.03670981,-0.10447902,-0.10408157,-0.00706699,-0.20354029,-0.09921779,-24.47555460,-10.83910348,-0.09921779
878,315.22000000,-23.92802944,-10.90040946,-0.10629633,map,37.56640206,126.97772609,0,-23.97072463,-10.89516348,0.02000050,0.02000590,2.15067658,-0.03649190,-0.10386969,-0.10410409,-0.02015246,-0.22881187,-0.12626170,-23.92051246,-10.91162464,-0.12626170
879,315.46000000,-23.40918668,-10.99938146,-0.14212504,map,37.56640133,126.97773100,0,-23.53727985,-10.97928460,0.06000126,0.06005116,2.16081151,-0.03584445,-0.10185151,-0.10176591,-0.02023036,-0.25005906,-0.15100999,-23.40910076,-10.99191123,-0.15100999
880,315.72000000,-22.85765739,-11.07569113,-0.16351845,map,37.56640093,126.97773582,0,-23.11252547,-11.03097350,0.12000705,0.12021516,2.15296409,-0.03373113,-0.09599445,-0.09515647,-0.03873462,-0.21053634,-0.17689512,-22.85723504,-11.09261494,-0.17689512
881,315.96000000,-22.35290061,-11.18536644,-0.17635933,map,37.56640014,126.97774056,0,-22.69393026,-11.12239683,0.16001369,0.16040097,2.17934090,-0.01976698,-0.05626960,-0.05413153,0.81089795,-0.09455353,-0.19453585,-22.34735902,-11.19532880,-0.19453585
882,316.22000000,-21.79078035,-11.32060505,-0.19913313,map,37.56639847,126.97775030,0,-21.83379925,-11.31184638,0.02000023,0.02000559,2.19637840,-0.00329552,-0.00893911,-0.00489649,0.36465965,0.10667901,-0.20292268,-21.79051818,-11.31117916,-0.20292268
883,316.46000000,-21.27166913,-11.42634869,-0.20617544,map,37.56639769,126.97775522,0,-21.39970138,-11.40020946,0.06000214,0.06005133,2.17915105,0.01399817,0.04040243,0.04252817,0.00661468,0.10838595,-0.19719343,-21.27590791,-11.41399899,-0.19719343
884,316.72000000,-20.71940099,-11.51588739,-0.18592275,map,37.56639708,126.97776002,0,-20.97625446,-11.46883475,0.12000736,0.12021942,2.17767804,0.01632337,0.04659020,0.04634800,0.07861912,0.10562960,-0.18517200,-20.71940891,-11.51741980,-0.18517200
885,316.96000000,-20.21020875,-11.61059962,-0.17448118,map,37.56639630,126.97776479,0,-20.55412898,-11.55129282,0.16001214,0.16040902,2.18030824,0.01675019,0.04778142,0.04803942,0.00462490,0.14653820,-0.17397677,-20.20375983,-11.60700200,-0.17397677
886,317.22000000,-19.64439660,-11.71563747,-0.17478775,map,37.56639486,126.97777459,0,-19.68725940,-11.70843307,0.02000016,0.02000555,2.17321904,0.01922117,0.05502813,0.05631079,-0.00564781,0.12309436,-0.16083391,-19.64497060,-11.69680017,-0.16083391
887,317.46000000,-19.14345211,-11.78433602,-0.15704266,map,37.56639433,126.97777929,0,-19.27186391,-11.76556328,0.06000151,0.06005194,2.15390481,0.03429712,0.09760609,0.10339925,-0.17958240,0.34178154,-0.14264497,-19.13059486,-11.76942927,-0.14264497
888,317.72000000,-18.56738959,-11.84972033,-0.12283633,map,37.56639377,126.97778438,0,-18.82142209,-11.82219853,0.12000289,0.12021346,2.12665402,0.05429975,0.15448324,0.15578072,-0.04170595,0.34375333,-0.10771803,-18.57917306,-11.82709795,-0.10771803
889,317.96000000,-18.06205762,-11.86461435,-0.08292443,map,37.56639354,126.97778910,0,-18.40368334,-11.84056654,0.16000197,0.16040230,2.14504000,0.04679070,0.13314744,0.13077159,0.25188851,0.19998717,-0.07229548,-18.06795029,-11.86027849,-0.07229548
890,318.22000000,-17.51417003,-11.87612708,-0.05141929,map,37.56639312,126.97779867,0,-17.55733723,-11.87452181,0.02000042,0.02000603,2.16076750,0.03210751,0.09134859,0.08813399,0.03184606,0.15508710,-0.04383168,-17.50780149,-11.88218634,-0.04383168
891,318.46000000,-16.98174336,-11.89109046,-0.03763694,map,37.56639299,126.97780369,0,-17.11305880,-11.88643860,0.06000007,0.06005379,2.19689265,0.00311226,0.00886121,0.00515715,0.65119160,-0.08833990,-0.03365313,-16.98473232,-11.89792060,-0.03365313
892,318.72000000,-16.41442347,-11.92043208,-0.04163984,map,37.56639278,126.97780863,0,-16.67714902,-11.90918219,0.12000083,0.12022867,2.19313459,-0.00507692,-0.01445495,-0.01473246,-0.01701217,-0.01256029,-0.03582007,-16.41493414,-11.91825957,-0.03582007
893,318.96000000,-15.88464468,-11.94266938,-0.04590890,map,37.56639263,126.97781363,0,-16.23529379,-11.92615555,0.16000094,0.16042385,2.19472802,-0.00481242,-0.01369643,-0.01400819,-0.01234305,-0.04604487,-0.03931925,-15.88883484,-11.93930298,-0.03931925
894,319.22000000,-15.31974477,-11.97361543,-0.04676865,map,37.56639222,126.97782350,0,-15.36356905,-11.97147677,0.02000001,0.02000580,2.19370123,-0.00465880,-0.01326357,-0.01344538,0.02687475,-0.01649375,-0.04279382,-15.31887695,-11.96395692,-0.04279382
895,319.46000000,-14.79740231,-11.98426665,-0.04725096,map,37.56639218,126.97782842,0,-14.92907635,-11.97813100,0.06000012,0.06005429,2.19561636,0.00321570,0.00915595,0.01112060,-0.12452983,0.09511126,-0.04365888,-14.79239076,-11.98733528,-0.04365888
896,319.72000000,-14.23513286,-12.00982563,-0.03756229,map,37.56639197,126.97783330,0,-14.49760087,-12.00056192,0.12000029,0.12022911,2.18988827,0.00922595,0.02626668,0.02742994,-0.00667914,0.07771474,-0.03836971,-14.22381342,-12.00897137,-0.03836971
897,319.96000000,-13.70846152,-12.01670759,-0.03108194,map,37.56639189,126.97783827,0,-14.05836881,-12.00666379,0.16000035,0.16042338,2.18809684,0.00965331,0.02744965,0.02737918,-0.06673150,0.06076305,-0.03151411,-13.69890618,-12.02486767,-0.03151411
898,320.22000000,-13.12590164,-12.04712201,-0.03276233,map,37.56639152,126.97784833,0,-13.16966351,-12.04585599,0.02000001,0.02000577,2.18805885,0.00929237,0.02648677,0.02654372,-0.01913137,0.05936116,-0.02457556,-13.13031436,-12.03834111,-0.02457556
899,320.46000000,-12.58694654,-12.05910928,-0.03050952,map,37.56639144,126.97785344,0,-12.71838456,-12.05550437,0.06000004,0.06005404,2.19135901,0.00832454,0.02367466,0.02400639,0.00304011,0.04339875,-0.01858652,-12.60466177,-12.04751780,-0.01858652
900,320.72000000,-12.04174760,-12.05191121,-0.01453782,map,37.56639150,126.97785812,0,-12.30440668,-12.04869916,0.12000004,0.12022937,2.18902668,0.00813032,0.02314744,0.02297986,0.01046849,0.04158292,-0.01253825,-12.03548357,-12.05422041,-0.01253825
901,320.96000000,-11.51626612,-12.05256013,-0.00393125,map,37.56639144,126.97786308,0,-11.86680213,-12.05182471,0.16000000,0.16042485,2.19081908,0.00759323,0.02163498,0.02111076,0.28930753,0.06170850,-0.00706700,-11.50979384,-12.05741148,-0.00706700
902,321.22000000,-10.94665819,-12.06276116,-0.00548695,map,37.56639131,126.97787299,0,-10.99057989,-12.06257691,0.02000000,0.02000583,2.19703146,0.00272111,0.00774146,0.00701843,0.26507405,-0.00566443,-0.00313245,-10.93936610,-12.05871542,-0.00313245
903,321.46000000,-10.41478231,-12.06195754,-0.01067409,map,37.56639134,126.97787802,0,-10.54665343,-12.06050603,0.06000001,0.06005446,2.19672825,-0.00143528,-0.00408680,-0.00549899,0.04189147,-0.04758332,-0.00305120,-10.41159519,-12.06020175,-0.00305120
904,321.72000000,-9.83906667,-12.05766658,-0.00487031,map,37.56639140,126.97788305,0,-10.10191447,-12.05592927,0.12000042,0.12022916,2.18735287,-0.00744230,-0.02118828,-0.02225679,0.02335281,-0.07187403,-0.00676559,-9.84194524,-12.06411148,-0.00676559
905,321.96000000,-9.30710411,-12.06720874,-0.00950710,map,37.56639132,126.97788808,0,-9.65733161,-12.06311968,0.16000006,0.16042300,2.18718257,-0.01014181,-0.02888564,-0.02876596,-0.07599117,-0.05735713,-0.01320690,-9.31667712,-12.07157835,-0.01320690
906,322.22000000,-8.73189398,-12.07559559,-0.01229124,map,37.56639123,126.97789806,0,-8.77564750,-12.07488397,0.02000000,0.02000578,2.18803816,-0.00899173,-0.02558846,-0.02486625,-0.00178829,-0.06633738,-0.02023171,-8.74811460,-12.08361926,-0.02023171
907,322.46000000,-8.23236527,-12.10190876,-0.03068280,map,37.56639104,126.97790273,0,-8.36375207,-12.09746829,0.06000006,0.06005405,2.19101906,-0.00819372,-0.02332850,-0.02328888,0.00980586,-0.01638845,-0.02595715,-8.22247404,-12.09781533,-0.02595715
908,322.72000000,-7.65986322,-12.10626054,-0.03102102,map,37.56639107,126.97790772,0,-7.92260005,-12.09755653,0.12000025,0.12022958,2.19036398,-0.00712978,-0.02029053,-0.02013698,-0.01358819,-0.05153514,-0.03157932,-7.65317052,-12.11624544,-0.03157932
909,322.96000000,-7.13822770,-12.12694584,-0.02966701,map,37.56639090,126.97791263,0,-7.48876010,-12.11599654,0.16000042,0.16042488,2.19245029,-0.00688757,-0.01961096,-0.01952329,-0.01219753,-0.01126891,-0.03635981,-7.12750695,-12.13581639,-0.03635981
910,323.18000000,-6.63679801,-12.15659902,-0.04060851,map,37.56639068,126.97791781,0,-7.03145467,-12.14011860,0.18000096,0.18054892,2.19640639,-0.00451634,-0.01285924,-0.01239988,-0.03395876,-0.02358286,-0.03980704,-6.64511382,-12.15548402,-0.03980704
911,323.42000000,-6.13580961,-12.17574598,-0.03830407,map,37.56639039,126.97792745,0,-6.17971879,-12.17401921,0.02000001,0.02000581,2.19765111,-0.00215859,-0.00614632,-0.00537511,0.03451913,0.00074308,-0.04197974,-6.11855486,-12.17787686,-0.04197974
912,323.66000000,-5.59165143,-12.20486006,-0.04814586,map,37.56639017,126.97793262,0,-5.72321758,-12.19855502,0.06000013,0.06005415,2.19603167,0.00146458,0.00417810,0.00647267,0.06499154,0.09913471,-0.04210514,-5.59168840,-12.20019526,-0.04210514
913,323.92000000,-5.03107605,-12.24703686,-0.04971635,map,37.56638986,126.97793749,0,-5.29248138,-12.23500567,0.12000048,0.12022719,2.17369026,0.01761627,0.05014545,0.05635544,-0.66893540,0.24595021,-0.03439505,-5.02392083,-12.21980691,-0.03439505
914,324.16000000,-4.52251075,-12.21496699,-0.01588758,map,37.56639006,126.97794232,0,-4.86610752,-12.21228700,0.16000002,0.16040793,2.12857703,0.04563381,0.12983172,0.13524988,-0.07490901,0.43404578,-0.01102589,-4.50794365,-12.22403881,-0.01102589
915,324.42000000,-3.97376566,-12.20926905,0.01463308,map,37.56638992,126.97795194,0,-4.01570718,-12.21121818,0.02000001,0.02000530,2.10917417,0.07357759,0.20877382,0.21406473,1.31425573,0.70475107,0.03510265,-3.95862746,-12.20197131,0.03510265
916,324.66000000,-3.46075040,-12.15381558,0.06689837,map,37.56639027,126.97795682,0,-3.58554953,-12.16625594,0.06000090,0.06004904,2.08796657,0.08311630,0.23604891,0.23700401,-0.01743014,0.50944199,0.08978523,-3.45820387,-12.15143057,0.08978523
917,324.92000000,-2.93964614,-12.09449591,0.11927732,map,37.56639049,126.97796132,0,-3.18809967,-12.13079695,0.12000481,0.12020422,2.09545550,0.08298359,0.23600402,0.23347441,-0.44686709,0.08775331,0.15147807,-2.92182737,-12.06426727,0.15147807
918,325.16000000,-2.43055701,-11.97997021,0.17072900,map,37.56639120,126.97796618,0,-2.75979350,-12.04370809,0.16001411,0.16037336,2.08815060,0.08354419,0.23590146,0.23380815,-0.00608490,0.49750369,0.20807377,-2.43057545,-11.95445905,0.20807377
919,325.42000000,-1.89456023,-11.81811979,0.24185170,map,37.56639291,126.97797557,0,-1.93476921,-11.82965241,0.02000040,0.02000487,2.08960006,0.08329946,0.23691843,0.23672131,-1.45456612,0.46130536,0.26956234,-1.90823318,-11.80473729,0.26956234
920,325.68000000,-1.38287505,-11.64271158,0.28811643,map,37.56639404,126.97798004,0,-1.54241065,-11.69522120,0.08000881,0.08008124,2.09573219,0.08253414,0.23467481,0.23408677,-0.29274873,0.50954547,0.33064222,-1.39467188,-11.62295057,0.33064222
921,325.92000000,-0.92233776,-11.43561838,0.35731738,map,37.56639547,126.97798445,0,-1.15561640,-11.52958863,0.12002943,0.12018092,2.09700631,0.08225821,0.23517578,0.23595397,-0.05070119,0.48153766,0.38651834,-0.93142650,-11.42787815,0.38651834
922,326.18000000,-0.43104787,-11.20800033,0.41889052,map,37.56639682,126.97798884,0,-0.77203697,-11.36746173,0.18008997,0.18040953,2.09329355,0.08211062,0.23063364,0.22799866,-1.34469445,0.56485307,0.44704063,-0.44326293,-11.18806271,0.44704063
923,326.42000000,0.00418156,-10.95051913,0.47146433,map,37.56640022,126.97799730,0,-0.03279526,-10.97088849,0.02000125,0.02000413,2.11136554,0.07074503,0.19499439,0.18729993,0.30053222,0.20977798,0.49901448,-0.00322606,-10.94130912,0.49901448
924,326.66000000,0.44291940,-10.68294128,0.50818393,map,37.56640217,126.97800146,0,0.33088217,-10.74760493,0.06001310,0.06003932,2.15946272,0.03570025,0.10059289,0.09288949,-0.87044811,0.15864772,0.53226705,0.43764223,-10.67661478,0.53226705
925,326.92000000,0.91973672,-10.38416422,0.53471154,map,37.56640420,126.97800561,0,0.69557563,-10.51851246,0.12006005,0.12016714,2.18028472,0.01509592,0.04196679,0.04097087,0.01068500,0.09421071,0.54783346,0.91938224,-10.38050619,0.54783346
926,327.16000000,1.36427232,-10.10567374,0.54976939,map,37.56640624,126.97800985,0,1.06748256,-10.28900117,0.16011628,0.16030448,2.17734367,0.02064390,0.05876575,0.06195771,-0.16632335,0.18716360,0.55889128,1.36281223,-10.10217831,0.55889128
927,327.42000000,1.82431626,-9.79226443,0.57586064,map,37.56641043,126.97801806,0,1.78913271,-9.81628130,0.02000174,0.02000374,2.12898867,0.05383687,0.15379297,0.15963945,-0.14170349,0.46454286,0.58697591,1.82621654,-9.79298757,0.58697591
928,327.68000000,2.25632340,-9.46578189,0.62759627,map,37.56641260,126.97802191,0,2.12438029,-9.56814278,0.08003350,0.08005561,2.07883599,0.09126928,0.26880439,0.26911525,0.08473657,0.59259896,0.64506730,2.26006509,-9.46257381,0.64506730
929,327.96000000,2.70493994,-9.10127968,0.68870703,map,37.56641478,126.97802573,0,2.45500544,-9.31759096,0.16016217,0.16021577,2.06809738,0.09609876,0.28632217,0.28773227,0.11023536,0.75720277,0.72237795,2.69218838,-9.07546023,0.72237795
930,328.22000000,3.06782428,-8.68800334,0.76630044,map,37.56642003,126.97803250,0,3.03927466,-8.71817264,0.02000315,0.02000287,2.07482382,0.10289401,0.29253495,0.28758389,0.30539298,0.42273771,0.79742812,3.06347108,-8.68599600,0.79742812
931,328.48000000,3.41168850,-8.29205464,0.83728873,map,37.56642263,126.97803564,0,3.30585249,-8.41888318,0.08005123,0.08003564,2.05913515,0.10301911,0.29286528,0.29313318,-0.02348845,0.62693505,0.87365931,3.40439464,-8.26866154,0.87365931
932,328.72000000,3.69787049,-7.86438019,0.90837935,map,37.56642575,126.97803853,0,3.55192337,-8.06465473,0.12013337,0.12007067,2.06825726,0.10465580,0.29065493,0.29461856,-0.00286912,0.61598672,0.94391062,3.68867274,-7.86302795,0.94391062
933,328.96000000,3.97598814,-7.43288777,0.97905322,map,37.56642883,126.97804142,0,3.79686176,-7.71459029,0.16027468,0.16011066,2.07850533,0.10152101,0.28837749,0.28563549,-1.04579820,0.98252182,1.01366210,3.94642094,-7.43498263,1.01366210
934,329.22000000,4.20186232,-6.94766706,1.05450295,map,37.56643528,126.97804604,0,4.18316461,-6.98445835,0.02000409,0.02000106,2.06097085,0.10105798,0.28965582,0.28999042,-0.02884823,0.61150576,1.08864374,4.19000301,-6.95564034,1.08864374
935,329.46000000,4.40286455,-6.48783030,1.12035304,map,37.56643866,126.97804811,0,4.35299258,-6.60275674,0.06004138,0.06000779,2.08388901,0.10498741,0.29777245,0.29637929,-1.10015235,0.86107582,1.15880837,4.38260933,-6.49623922,1.15880837
936,329.72000000,4.57742537,-5.99647742,1.19469565,map,37.56644197,126.97804984,0,4.49462322,-6.22921736,0.12018024,0.12002272,2.04441968,0.11544015,0.32812075,0.33127027,-0.10054595,0.71672380,1.23918337,4.55105175,-5.98698458,1.23918337
937,329.96000000,4.70877805,-5.50822667,1.27448932,map,37.56644561,126.97805146,0,4.62479962,-5.82034005,0.16033713,0.16002417,2.02485408,0.13440052,0.38384155,0.38477630,0.07551608,0.82493034,1.32633120,4.66002141,-5.51340947,1.32633120
938,330.22000000,4.73822077,-4.99995380,1.38511530,map,37.56645255,126.97805305,0,4.73318493,-5.04051788,0.02000496,0.02000008,2.02385047,0.13533936,0.38655534,0.38506629,-1.27383879,0.70357998,1.42772846,4.72644530,-4.98713587,1.42772846
939,330.48000000,4.77940144,-4.47375368,1.47328542,map,37.56645618,126.97805371,0,4.77193839,-4.63520113,0.08008323,0.08000018,2.01548597,0.13449907,0.38216717,0.38218317,-0.05903591,0.73713771,1.52729443,4.74004825,-4.46140115,1.52729443
940,330.72000000,4.72176237,-3.97527575,1.56974677,map,37.56645991,126.97805343,0,4.73218390,-4.21981863,0.12019898,0.12000037,2.04650210,0.13341776,0.37868122,0.37235165,-1.26428480,-0.12585354,1.61905299,4.70614577,-3.97469490,1.61905299
941,330.96000000,4.64263489,-3.47690194,1.67262217,map,37.56646370,126.97805311,0,4.68697245,-3.79898533,0.16035861,0.16000691,2.02563546,0.12931959,0.36749116,0.36691084,-0.05447672,0.73086567,1.70794150,4.62928952,-3.49262255,1.70794150
942,331.22000000,4.52940899,-2.97825373,1.73879414,map,37.56647076,126.97805182,0,4.53861421,-3.01899352,0.02000500,0.02000026,2.07288518,0.10951835,0.30899803,0.29519516,-1.00265324,0.13507469,1.79801845,4.50040435,-2.97485183,1.79801845
943,331.46000000,4.37850215,-2.48526263,1.79951530,map,37.56647446,126.97805047,0,4.40969929,-2.61020838,0.06004918,0.06000344,2.16198524,0.02597265,0.07392040,0.04924652,-0.31009795,-0.28003319,1.84515628,4.35561407,-2.48838871,1.84515628
944,331.72000000,4.20190806,-1.92815022,1.82236936,map,37.56647834,126.97804888,0,4.26567368,-2.18045468,0.12021111,0.12001347,2.16998477,-0.02030994,-0.05968070,-0.06293511,0.02454747,-0.20551061,1.83790050,4.20586644,-1.94473523,1.83790050
945,331.98000000,4.06549178,-1.41082870,1.81713093,map,37.56648188,126.97804770,0,4.15791978,-1.78797427,0.18050066,0.18002996,2.15279876,-0.03473955,-0.09903729,-0.09995388,-0.00982760,-0.20050853,1.81555972,4.07083520,-1.39969126,1.81555972
946,332.22000000,3.97025364,-0.89869460,1.78551436,map,37.56648950,126.97804560,0,3.97881719,-0.94101188,0.02000541,0.02000022,2.15889926,-0.03447820,-0.09797057,-0.09772464,-0.03879205,-0.18407895,1.79172569,3.95980230,-0.89437987,1.79172569
947,332.46000000,3.86436408,-0.39308538,1.77334877,map,37.56649328,126.97804453,0,3.88864565,-0.51995927,0.06005041,0.06000185,2.15138158,-0.03534612,-0.10113978,-0.10084937,0.08729398,-0.24295649,1.76797059,3.86053534,-0.38648936,1.76797059
948,332.72000000,3.75637422,0.15763174,1.75763984,map,37.56649709,126.97804352,0,3.80185027,-0.09701964,0.12021572,0.12000687,2.15852178,-0.03349088,-0.09459210,-0.09347794,0.05321268,-0.18734608,1.74240049,3.76688453,0.16592958,1.74240049
949,332.96000000,3.67992038,0.67216713,1.73824425,map,37.56650094,126.97804275,0,3.73538058,0.33011492,0.16040460,0.16001061,2.16131216,-0.02828789,-0.08171158,-0.08259037,0.02875282,-0.21192667,1.72223332,3.69048776,0.67974771,1.72223332
950,333.22000000,3.62120370,1.22957042,1.70989301,map,37.56650864,126.97804143,0,3.62648114,1.18688336,0.02000551,0.02000009,2.14996405,-0.03719008,-0.10576565,-0.10736467,0.11910641,-0.32029532,1.69808181,3.62077539,1.23603279,1.69808181
951,333.46000000,3.57286615,1.73420808,1.67807801,map,37.56651241,126.97804089,0,3.58485430,1.60529893,0.06005204,0.06000045,2.15851597,-0.03787454,-0.10779234,-0.10661283,0.03349787,-0.20370405,1.67147140,3.57142556,1.75075264,1.67147140
952,333.68000000,3.52123192,2.23222999,1.66579686,map,37.56651650,126.97804026,0,3.53556294,2.06047566,0.08009427,0.08000066,2.15583818,-0.03214995,-0.09177448,-0.08940037,0.04550738,-0.16782451,1.64960598,3.53678129,2.22356836,1.64960598
953,333.96000000,3.50624623,2.81291993,1.63865282,map,37.56652016,126.97804015,0,3.52744710,2.46709911,0.16041360,0.16000154,2.16663923,-0.02958508,-0.08420771,-0.08327631,0.00960343,-0.17284335,1.62642763,3.50436971,2.82848870,1.62642763
954,334.22000000,3.48479316,3.40591961,1.61939430,map,37.56652823,126.97803958,0,3.48649689,3.36257121,0.02000608,0.02000042,2.17537669,-0.02101333,-0.05976023,-0.05687784,-0.04746708,-0.07612857,1.60731523,3.48550778,3.39252734,1.60731523
955,334.46000000,3.45694892,3.90927532,1.61095295,map,37.56653197,126.97803929,0,3.46172151,3.77810805,0.06005372,0.06000007,2.18963584,-0.00925449,-0.02627905,-0.02543014,0.11731045,-0.05281181,1.59815919,3.47237918,3.91620014,1.59815919
956,334.72000000,3.44871626,4.46891296,1.60576528,map,37.56653582,126.97803923,0,3.45750210,4.20565149,0.12023030,0.12000026,2.19704870,-0.00379536,-0.01077301,-0.01095026,0.29972362,-0.03462047,1.59344507,3.45999581,4.48639230,1.59344507
957,334.96000000,3.45724202,5.00658499,1.58836036,map,37.56653988,126.97803929,0,3.46288108,4.65631722,0.16042243,0.16000052,2.19180557,-0.00564437,-0.01608158,-0.01424929,0.10915286,0.01238550,1.58943133,3.45050617,5.01198662,1.58943133
958,335.18000000,3.43641698,5.50925986,1.58805775,map,37.56654400,126.97803902,0,3.44302771,5.11375476,0.18054976,0.18000015,2.19641789,-0.00326858,-0.00930618,-0.01100889,-0.04085256,-0.06879747,1.58763611,3.44260352,5.49532395,1.58763611
959,335.42000000,3.43465339,6.03070595,1.58416318,map,37.56655187,126.97803893,0,3.43500601,5.98712408,0.02000574,0.02000000,2.18209692,-0.01247493,-0.03551352,-0.03671829,-0.01364002,-0.12103902,1.58173906,3.43712569,6.01990004,1.58173906
960,335.66000000,3.41797727,6.55133976,1.58172366,map,37.56655578,126.97803871,0,3.41830350,6.42100418,0.06005319,0.06000000,2.17107669,-0.02484922,-0.07073486,-0.07451158,0.19173986,-0.22800927,1.56941633,3.43857165,6.54239328,1.56941633
961,335.92000000,3.43027704,7.11841819,1.56621239,map,37.56655972,126.97803879,0,3.42685690,6.85848647,0.12022413,0.12000045,2.16903661,-0.02638667,-0.07509687,-0.07261454,0.31736446,-0.13426228,1.54790869,3.45312855,7.10558735,1.54790869
962,336.16000000,3.46691963,7.62950529,1.53992566,map,37.56656354,126.97803907,0,3.45443757,7.28219938,0.16041604,0.16000054,2.17662845,-0.01988315,-0.05659084,-0.05308270,0.42560424,-0.07927136,1.53293848,3.47442381,7.62636456,1.53293848
963,336.42000000,3.49741024,8.19709050,1.52763575,map,37.56657139,126.97803944,0,3.49533833,8.15336544,0.02000577,0.02000001,2.18913997,-0.00938691,-0.02671127,-0.02604241,0.01907874,-0.04389999,1.52323132,3.50246822,8.19386637,1.52323132
964,336.66000000,3.52716463,8.72501702,1.52052525,map,37.56657537,126.97803972,0,3.51999724,8.59435100,0.06005346,0.06000016,2.18392241,-0.00976033,-0.02720528,-0.01985903,0.29051346,-0.05060653,1.51563562,3.53202499,8.71733753,1.51563562
965,336.92000000,3.56400999,9.27303180,1.51895839,map,37.56657914,126.97804006,0,3.55138144,9.01284213,0.12022504,0.12000053,2.15821501,0.01834683,0.05221605,0.05459149,0.04522000,0.16256559,1.52058483,3.56116260,9.28347661,1.52058483
966,337.16000000,3.57400175,9.78504918,1.53185649,map,37.56658296,126.97804020,0,3.56209834,9.43711706,0.16041689,0.16000089,2.17323883,0.02203245,0.06271603,0.06339185,0.55114232,0.12024585,1.53478560,3.57868273,9.80473571,1.53478560
967,337.38000000,3.60104586,10.29609509,1.54121855,map,37.56658718,126.97804056,0,3.59130066,9.90538600,0.18053650,0.18000033,2.16928552,0.02258542,0.06429316,0.06306434,-0.07861563,0.10889523,1.54896204,3.58746030,10.28223610,1.54896204
968,337.66000000,3.59096256,10.87677505,1.55983380,map,37.56659475,126.97804058,0,3.59036052,10.74590066,0.06005362,0.06000000,2.18203100,0.01639819,0.04668215,0.04429366,0.02752187,0.05879034,1.56425501,3.59042015,10.89208030,1.56425501
969,337.92000000,3.58452554,11.45072964,1.56934839,map,37.56659873,126.97804056,0,3.58435074,11.18824493,0.12022850,0.12000041,2.18455489,-0.00343182,-0.00977029,-0.01245239,0.05294760,-0.06590113,1.56898694,3.59030245,11.46084064,1.56898694
970,338.16000000,3.58839351,11.98340355,1.56621077,map,37.56660274,126.97804059,0,3.58626155,11.63244259,0.16042482,0.16000002,2.19662687,-0.00540795,-0.01539698,-0.01414988,-0.02725689,-0.03000356,1.56482840,3.59381982,11.98686677,1.56482840
971,338.42000000,3.59410419,12.55150558,1.56093403,map,37.56661062,126.97804064,0,3.59362320,12.50754958,0.02000583,0.02000000,2.19736203,-0.00241897,-0.00688638,-0.00765798,-0.00589377,-0.01557987,1.56261484,3.59873058,12.55799112,1.56261484
972,338.66000000,3.58798637,13.07253354,1.57031190,map,37.56661452,126.97804058,0,3.58774061,12.94077014,0.06005436,0.06000000,2.19569188,-0.00393015,-0.01119122,-0.01152460,-0.03815060,-0.04733918,1.56037527,3.60438930,13.08503227,1.56037527
973,338.92000000,3.60357537,13.64942721,1.56336197,map,37.56661854,126.97804076,0,3.60128233,13.38618452,0.12023046,0.12000002,2.19377557,-0.00460368,-0.01310674,-0.01301561,0.00929264,-0.01803655,1.55707861,3.61242818,13.65534353,1.55707861
974,339.16000000,3.63098166,14.19336475,1.54792820,map,37.56662265,126.97804098,0,3.62257494,13.84230193,0.16042616,0.16000025,2.19490515,-0.00464767,-0.01323290,-0.01296773,0.00597785,-0.04881973,1.55391009,3.62161359,14.18198037,1.55391009
975,339.42000000,3.62971879,14.75989381,1.55143991,map,37.56663052,126.97804099,0,3.62873265,14.71611401,0.02000579,0.02000000,2.18986053,-0.00759355,-0.02167823,-0.02286258,-0.05032581,-0.06788610,1.54973233,3.63378578,14.75174149,1.54973233
976,339.66000000,3.65696949,15.29125302,1.54630654,map,37.56663452,126.97804129,0,3.65310982,15.16035931,0.06005365,0.06000005,2.18260072,-0.01438020,-0.04093795,-0.04159019,0.03627929,-0.10657757,1.54177620,3.64954000,15.27584339,1.54177620
977,339.92000000,3.67943151,15.84133990,1.52965380,map,37.56663830,126.97804143,0,3.66755164,15.57991641,0.12022728,0.12000047,2.18093446,-0.01366039,-0.03888806,-0.03742533,-0.02362196,-0.06641990,1.53087237,3.67302198,15.84269161,1.53087237
978,340.16000000,3.70697280,16.36720922,1.52449905,map,37.56664225,126.97804165,0,3.68991495,16.01787661,0.16042201,0.16000101,2.19048554,-0.00920918,-0.02621914,-0.02495730,-0.04368518,-0.03306845,1.52339126,3.69871695,16.36675799,1.52339126
979,340.42000000,3.72140609,16.92889239,1.52779641,map,37.56665006,126.97804197,0,3.71944214,16.88501822,0.02000623,0.02000042,2.19587390,-0.00387124,-0.01101329,-0.01002569,0.50901120,-0.01193283,1.51893345,3.72877522,16.93635037,1.51893345
980,340.66000000,3.75662369,17.45412288,1.52520907,map,37.56665400,126.97804234,0,3.75053514,17.32238579,0.06005419,0.06000012,2.19801811,-0.00146927,-0.00417560,-0.00442400,0.00503612,0.00327120,1.51740845,3.75712802,17.46300283,1.51740845
981,340.92000000,3.79127446,18.03075474,1.51659936,map,37.56665801,126.97804263,0,3.77691725,17.76727533,0.12023006,0.12000109,2.19891621,-0.00098867,-0.00281513,-0.00291425,-0.00421761,-0.01757198,1.51664354,3.78814461,18.03383782,1.51664354
982,341.16000000,3.82391035,18.55487667,1.51450957,map,37.56666195,126.97804292,0,3.80403822,18.20368280,0.16042351,0.16000176,2.19844267,-0.00115076,-0.00327770,-0.00339903,0.03763158,-0.02239827,1.51588213,3.81717102,18.56067900,1.51588213
983,341.42000000,3.83957944,19.13302492,1.52239193,map,37.56666992,126.97804329,0,3.83743097,19.08910890,0.02000582,0.02000001,2.19871100,-0.00116397,-0.00331383,-0.00312686,0.01435345,-0.02114091,1.51502307,3.84909625,19.13142364,1.51502307
984,341.66000000,3.88338700,19.67222177,1.51840640,map,37.56667399,126.97804375,0,3.87650364,19.54041795,0.06005437,0.06000015,2.19938661,0.00055921,0.00159228,0.00214450,-0.01235253,0.01056673,1.51485020,3.87868443,19.65846079,1.51485020
985,341.92000000,3.92445907,20.22873895,1.50800091,map,37.56667782,126.97804410,0,3.90806344,19.96560307,0.12023024,0.12000089,2.19701834,0.00220421,0.00627606,0.00605361,0.02791861,0.02534576,1.51617733,3.90982640,20.22890272,1.51617733
986,342.16000000,3.93194118,20.74511895,1.51858848,map,37.56668168,126.97804414,0,3.91377674,20.39406902,0.16042611,0.16000114,2.19735389,0.00231856,0.00660153,0.00659213,-0.01356252,0.01896120,1.51774411,3.93764484,20.75543274,1.51774411
987,342.42000000,3.97394774,21.31769870,1.51390243,map,37.56668961,126.97804483,0,3.97150101,21.27382432,0.02000581,0.02000002,2.19711750,0.00232901,0.00662125,0.00683905,-0.00213062,0.01272358,1.51946502,3.96683810,21.32600845,1.51946502
988,342.66000000,3.99980122,21.85527314,1.51928244,map,37.56669366,126.97804505,0,3.99317337,21.72375818,0.06005416,0.06000014,2.19491466,0.00315456,0.00898219,0.00893995,-0.02829721,-0.00256453,1.52128100,3.99278539,21.85230479,1.52128100
989,342.92000000,4.01225818,22.40500547,1.52764690,map,37.56669743,126.97804516,0,4.00100729,22.14156244,0.12023081,0.12000042,2.19695431,0.00155674,0.00443278,0.00429376,0.03969670,0.04669758,1.52279062,4.02002809,22.42284735,1.52279062
990,343.16000000,4.03848376,22.95900231,1.53088098,map,37.56670163,126.97804544,0,4.02468033,22.60793763,0.16042448,0.16000107,2.19363192,0.00328070,0.00934131,0.00994116,-0.01575756,0.01936588,1.52457506,4.04427389,22.94933485,1.52457506
991,343.42000000,4.07996590,23.51729053,1.52145880,map,37.56670943,126.97804605,0,4.07799294,23.47359391,0.02000576,0.02000001,2.18690525,0.01022900,0.02927303,0.03104605,-0.62057804,0.06781181,1.52956497,4.06769004,23.51855835,1.52956497
992,343.66000000,4.08888518,24.02589418,1.53079607,map,37.56671322,126.97804612,0,4.08425826,23.89499836,0.06005363,0.06000007,2.18259833,0.01281052,0.03646927,0.03668010,-0.10032213,0.03500607,1.53780299,4.08426645,24.04242383,1.53780299
993,343.92000000,4.09087206,24.60784625,1.54936780,map,37.56671728,126.97804616,0,4.08616237,24.34559700,0.12022873,0.12000007,2.18712367,0.01174889,0.03344850,0.03318928,0.01899530,0.06767928,1.54684063,4.09717346,24.61016450,1.54684063
994,344.16000000,4.11023497,25.11673328,1.55264326,map,37.56672108,126.97804641,0,4.10479149,24.76675097,0.16042354,0.16000010,2.18562007,0.01071480,0.03050378,0.03046751,0.01492676,0.06029248,1.55452991,4.10495502,25.13502358,1.55452991
995,344.42000000,4.10509539,25.69612274,1.56009520,map,37.56672906,126.97804641,0,4.10482083,25.65240355,0.02000577,0.02000000,2.18637903,0.01044136,0.02974037,0.03005906,0.39068908,0.07833789,1.56230443,4.10921915,25.70335361,1.56230443
996,344.66000000,4.10263823,26.22233921,1.57268807,map,37.56673301,126.97804643,0,4.10332388,26.09082906,0.06005416,0.06000000,2.19152999,0.00844190,0.02403364,0.02350156,-0.01345446,0.03984005,1.56900579,4.10946360,26.22877589,1.56900579
997,344.88000000,4.10053784,26.72824793,1.57399015,map,37.56673717,126.97804644,0,4.10142191,26.55276187,0.08009841,0.08000000,2.19647551,0.00466788,0.01329090,0.01276207,-0.00620229,0.01556817,1.57287862,4.10791938,26.71114616,1.57287862
998,345.12000000,4.11763590,27.25003479,1.56775576,map,37.56674108,126.97804661,0,4.11714246,26.98655790,0.12023088,0.12000000,2.19520958,0.00432931,0.01233211,0.01255418,-0.07468413,0.03777664,1.57566414,4.10510250,27.23810009,1.57566414
999,345.36000000,4.10057135,27.76458863,1.57193312,map,37.56674492,126.97804642,0,4.10128538,27.41315985,0.16042704,0.16000000,2.19571250,0.00110215,0.00302535,0.00144570,0.02858702,-0.01336032,1.57794718,4.10099446,27.76500094,1.57794718
1000,345.62000000,4.08824827,28.34546689,1.58097543,map,37.56675293,126.97804631,0,4.08861721,28.30163706,0.02000580,0.02000000,2.18893577,-0.00422054,-0.01201688,-0.01309876,-0.00840468,-0.06916442,1.57622541,4.09784110,28.33586105,1.57622541
1001,345.86000000,4.08333700,28.85614859,1.57860462,map,37.56675674,126.97804625,0,4.08403192,28.72467884,0.06005443,0.06000041,2.19153170,-0.00675128,-0.01921959,-0.01922584,0.01276793,-0.06357406,1.57201459,4.09753556,28.86158931,1.57201459
1002,346.12000000,4.09708174,29.43163266,1.56852584,map,37.56676074,126.97804638,0,4.09595314,29.16857328,0.12022952,0.12000001,2.19166386,-0.00760295,-0.02165316,-0.02199532,-0.01310982,-0.06297652,1.56677699,4.10016568,29.43153157,1.56677699
1003,346.36000000,4.09781227,29.95857076,1.56149703,map,37.56676470,126.97804633,0,4.09391370,29.60833953,0.16042375,0.16000005,2.18933875,-0.00788473,-0.02244759,-0.02194060,0.03042494,-0.05028749,1.56135524,4.10562420,29.95687970,1.56135524
1004,346.62000000,4.11605792,30.53671184,1.55775845,map,37.56677267,126.97804657,0,4.11537401,30.49285658,0.02000581,0.02000000,2.19342463,-0.00599902,-0.01708001,-0.01693500,0.01017642,-0.00202221,1.55647494,4.11419950,30.52699777,1.55647494
1005,346.86000000,4.12822769,31.04805417,1.54486525,map,37.56677649,126.97804665,0,4.12458322,30.91646165,0.06005422,0.06000004,2.19373883,-0.00477900,-0.01360259,-0.01357479,-0.00083180,-0.03352293,1.55296810,4.12394397,31.05346029,1.55296810
1006,347.12000000,4.12856803,31.62564764,1.55138676,map,37.56678050,126.97804660,0,4.12310316,31.36234129,0.12023058,0.12000010,2.19440311,-0.00396615,-0.01129263,-0.01087198,0.03456351,-0.01307685,1.54958586,4.13630564,31.62381855,1.54958586
1007,347.36000000,4.15770463,32.16199173,1.54710378,map,37.56678454,126.97804691,0,4.14916858,31.81049468,0.16042553,0.16000066,2.19977350,-0.00109419,-0.00311577,-0.00214134,-0.04100890,0.02971623,1.54794607,4.14858899,32.15110751,1.54794607
1008,347.62000000,4.15885124,32.71286686,1.55224654,map,37.56679228,126.97804700,0,4.15802459,32.66890459,0.02000583,0.02000000,2.19598756,-0.00092948,-0.00264691,-0.00420534,0.01769481,-0.07828640,1.54790544,4.16165403,32.72245664,1.54790544
1009,347.86000000,4.17073130,33.24307587,1.54783264,map,37.56679626,126.97804712,0,4.16751937,33.11136698,0.06005430,0.06000003,2.19480451,-0.00404988,-0.01157307,-0.01199378,-0.05216924,-0.00191714,1.54584824,4.17490647,33.24922339,1.54584824
1010,348.12000000,4.17911130,33.81571970,1.54754974,map,37.56680024,126.97804717,0,4.17257960,33.55269938,0.12022945,0.12000055,2.19151394,-0.00627045,-0.01786624,-0.01812934,0.04002162,-0.04209966,1.54206845,4.19146030,33.81912038,1.54206845
1011,348.36000000,4.20806737,34.35171340,1.54046805,map,37.56680428,126.97804744,0,4.19692614,34.00100160,0.16042418,0.16000043,2.19348051,-0.00594792,-0.01693475,-0.01686863,0.00790735,-0.01175618,1.53780276,4.20923744,34.34505355,1.53780276
1012,348.62000000,4.23234616,34.92282558,1.53073596,map,37.56681219,126.97804777,0,4.23051931,34.87896433,0.02000581,0.02000001,2.19517154,-0.00357108,-0.01016699,-0.00966663,0.01375184,-0.00220415,1.53409718,4.23052080,34.91480445,1.53409718
1013,348.86000000,4.25394870,35.44826576,1.53544638,map,37.56681613,126.97804799,0,4.24917585,35.31649493,0.06005467,0.06000048,2.19727378,-0.00242567,-0.00690026,-0.00657169,0.00173153,-0.01901375,1.53226216,4.25102856,35.44168029,1.53226216
1014,349.12000000,4.26484038,36.00168830,1.53580001,map,37.56681993,126.97804807,0,4.25541937,35.73817256,0.12022970,0.12000070,2.19917278,-0.00184728,-0.00525982,-0.00501871,-0.00471417,-0.02055016,1.53047946,4.27420203,36.01257721,1.53047946
1015,349.36000000,4.28774025,36.56050367,1.53750333,map,37.56682417,126.97804831,0,4.27610414,36.20914961,0.16042530,0.16000047,2.19517098,0.00357033,0.01016549,0.01185813,-0.03758909,0.10371377,1.53108042,4.29526762,36.53944453,1.53108042
1016,349.62000000,4.32125452,37.10745476,1.53225589,map,37.56683187,126.97804882,0,4.31969779,37.06364454,0.02000579,0.02000001,2.19259397,0.00675662,0.01923686,0.01922587,-0.02138231,0.06317038,1.53555527,4.31510202,37.10870181,1.53555527
1017,349.86000000,4.32847324,37.63692953,1.53485390,map,37.56683586,126.97804886,0,4.32433908,37.50603341,0.06005364,0.06000005,2.18288255,0.01262338,0.03598755,0.03764930,-0.14683589,0.12001806,1.54229318,4.32963064,37.63324162,1.54229318
1018,350.12000000,4.34703439,38.20965913,1.54894188,map,37.56683985,126.97804908,0,4.34277295,37.94907689,0.12022581,0.12000006,2.16497955,0.02145814,0.06110778,0.06338323,0.00708766,0.18731580,1.55532223,4.33774695,38.19845925,1.55532223
1019,350.36000000,4.33656667,38.71571244,1.56717685,map,37.56684364,126.97804906,0,4.33773637,38.37006432,0.16041127,0.16000042,2.14660549,0.03842008,0.10932849,0.11495695,0.20221375,0.42911706,1.57609185,4.33352557,38.71672361,1.57609185
1020,350.62000000,4.29316667,39.26333672,1.60825635,map,37.56685131,126.97804871,0,4.29589592,39.22111715,0.02000579,0.02000043,2.11147046,0.06159924,0.17522033,0.17750348,-0.86509246,0.38140938,1.61558131,4.30643406,39.26931058,1.61558131
1021,350.86000000,4.25882694,39.78410608,1.64549898,map,37.56685526,126.97804854,0,4.27182995,39.65929407,0.06004857,0.06000053,2.09436503,0.07649717,0.21736465,0.22256062,0.46140381,0.59838058,1.66326121,4.25538653,39.77165714,1.66326121
1022,351.12000000,4.17212080,40.30047113,1.69868551,map,37.56685883,126.97804794,0,4.21099526,40.05387729,0.12020192,0.12000505,2.07396497,0.09449546,0.26586780,0.26950612,-0.11164713,0.63213485,1.72785423,4.16557251,40.30651307,1.72785423
1023,351.36000000,4.04608622,40.78915921,1.77117798,map,37.56686256,126.97804702,0,4.12004144,40.46713280,0.16035823,0.16001905,2.06232226,0.10012206,0.28495701,0.28537003,0.38728722,0.63181939,1.79524806,4.04820831,40.78878952,1.79524806
1024,351.62000000,3.88997530,41.29223019,1.82667523,map,37.56686968,126.97804483,0,3.90226826,41.25271984,0.02000472,0.02000046,2.06627846,0.10091255,0.28269732,0.28329513,0.03150056,0.57856795,1.86921571,3.88360021,41.30143323,1.86921571
1025,351.86000000,3.72318679,41.78072195,1.89091640,map,37.56687342,126.97804342,0,3.76702280,41.66393295,0.06004272,0.06000602,2.08297104,0.09804716,0.27880589,0.27838336,1.02315410,0.60413107,1.93634099,3.69841398,41.76426265,1.93634099
1026,352.12000000,3.47459679,42.26960879,1.96205441,map,37.56687685,126.97804139,0,3.57644615,42.04157687,0.12017293,0.12003458,2.08588568,0.09123024,0.25864690,0.25932487,0.35926845,0.54337436,2.00486577,3.46528301,42.25222032,2.00486577
1027,352.38000000,3.22017740,42.74739988,2.03687278,map,37.56688027,126.97803948,0,3.39566875,42.41609367,0.18038662,0.18010904,2.08487960,0.09674165,0.26941926,0.27268429,0.00922155,0.57414770,2.07348921,3.19929894,42.72381340,2.07348921
1028,352.62000000,2.91369693,43.14696185,2.11057805,map,37.56688665,126.97803454,0,2.93634154,43.11264719,0.02000356,0.02000155,2.06384270,0.09671219,0.27494829,0.27609412,0.29917276,0.87982448,2.13965711,2.92481394,43.14011353,2.13965711
1029,352.88000000,2.61280027,43.58157465,2.17504031,map,37.56688975,126.97803214,0,2.71176340,43.44878582,0.08005634,0.08003132,2.06879162,0.09770871,0.27779721,0.27804233,0.44248137,0.61577875,2.21199866,2.59785848,43.56780100,2.21199866
1030,353.12000000,2.27927004,43.95779191,2.23349121,map,37.56689266,126.97802916,0,2.43918045,43.76529187,0.12012319,0.12008517,2.07848121,0.09704747,0.27594880,0.27511848,-0.18723078,0.53498175,2.27837602,2.26715649,43.94356458,2.27837602
1031,353.38000000,1.90446882,44.32785907,2.31218617,map,37.56689536,126.97802612,0,2.16238360,44.05809563,0.18025604,0.18023498,2.07298260,0.09412480,0.26762107,0.26692941,-0.03386367,0.56822480,2.34864216,1.88442773,44.32337044,2.34864216
1032,353.66000000,1.46522832,44.70203361,2.38386213,map,37.56690058,126.97801953,0,1.55985980,44.61880916,0.06002170,0.06002806,2.09479697,0.09492894,0.26471459,0.26461689,-1.47782076,0.85550309,2.42326781,1.44110509,44.70425692,2.42326781
1033,353.92000000,1.01972429,45.03840585,2.44689737,map,37.56690304,126.97801572,0,1.21626570,44.88365836,0.12007957,0.12012858,2.08085402,0.08827992,0.25102456,0.25021490,-0.01705869,0.49269959,2.49030606,1.00586364,45.02871398,2.49030606
1034,354.18000000,0.56533298,45.32502111,2.52163178,map,37.56690517,126.97801195,0,0.87583223,45.11257241,0.18015869,0.18034038,2.09833511,0.09114279,0.25921710,0.26017551,0.46182118,0.60965254,2.55616427,0.55002310,45.32427992,2.55616427
1035,354.42000000,0.12053239,45.58851557,2.56699705,map,37.56690944,126.97800396,0,0.15643828,45.56736361,0.02000135,0.02000390,2.08202443,0.09356493,0.26605847,0.26591580,-0.34713041,0.55609907,2.61847268,0.11241412,45.56912205,2.61847268
1036,354.66000000,-0.33838326,45.81807390,2.63541349,map,37.56691127,126.97799968,0,-0.22733620,45.76181263,0.06000991,0.06003863,2.07734986,0.09500964,0.27144887,0.27201097,0.07395600,0.58831780,2.68274903,-0.33695105,45.78371065,2.68274903
1037,354.92000000,-0.84083912,45.98631177,2.72041423,map,37.56691254,126.97799543,0,-0.60919508,45.89065718,0.12003036,0.12017851,2.08143742,0.09035679,0.25774488,0.26101298,0.90617769,0.07517672,2.75195359,-0.84164092,45.98416061,2.75195359
1038,355.18000000,-1.34437749,46.16894608,2.79081792,map,37.56691409,126.97799119,0,-0.99049189,46.04789724,0.18005137,0.18044176,2.07853799,0.08963812,0.25488110,0.25346014,1.16947185,0.56900081,2.82064559,-1.35649861,46.14898648,2.82064559
1039,355.42000000,-1.84982026,46.27446174,2.84146248,map,37.56691642,126.97798217,0,-1.40551027,46.14460265,0.22003854,0.22047128,2.11530207,0.07535551,0.21410348,0.20891204,-1.59697277,0.56123819,2.87676279,-1.84535932,46.27505808,2.87676279
1040,355.72000000,-2.34282587,46.40356674,2.87788420,map,37.56691727,126.97797741,0,-2.21799774,46.37189984,0.06000374,0.06005812,2.15332374,0.03554851,0.10116597,0.09366374,0.64000535,0.06944394,2.92193799,-2.47074543,46.41108113,2.92193799
1041,355.96000000,-2.85524285,46.49733897,2.91197959,map,37.56691803,126.97797262,0,-2.64246495,46.44873267,0.10000912,0.10017468,2.18714905,0.01172692,0.03338554,0.02956594,0.09835859,-0.01076907,2.93570907,-2.98252866,46.51595772,2.93570907
1042,356.22000000,-3.41116069,46.60961850,2.92616057,map,37.56691970,126.97796294,0,-3.06751360,46.53467940,0.16001454,0.16030460,2.19743953,0.00189395,0.00539208,0.00621063,-0.00437759,0.04069635,2.93871716,-3.54213525,46.63054360,2.93871716
1043,356.46000000,-3.92799507,46.72267141,2.93018631,map,37.56692051,126.97795795,0,-3.49914438,46.63084284,0.20002216,0.20048071,2.18871016,0.00856246,0.02470193,0.02757815,-0.03869537,0.12583672,2.94213819,-4.05795551,46.73472095,2.94213819
1044,356.72000000,-4.48885185,46.79601369,2.95548072,map,37.56692104,126.97795320,0,-4.36054795,46.77281946,0.06000201,0.06006138,2.17363762,0.02006353,0.05732887,0.05803471,-0.07082396,0.13247209,2.95389183,-4.61448899,46.83998150,2.95389183
1045,356.96000000,-4.99546973,46.91815219,2.96281738,map,37.56692202,126.97794844,0,-4.78149674,46.88093507,0.10000534,0.10017662,2.17294220,0.02036891,0.05798042,0.05784618,-0.02269245,0.11957379,2.96804602,-5.12820881,46.92866395,2.96804602
1046,357.22000000,-5.55935807,47.01218622,2.97275571,map,37.56692325,126.97793867,0,-5.21603510,46.95495888,0.16000909,0.16030338,2.17517765,0.02072133,0.05898475,0.05885557,-0.65463441,0.12910406,2.98332503,-5.68694208,47.01672726,2.98332503
1047,357.42000000,-6.07554347,47.07594213,2.99589740,map,37.56692369,126.97793377,0,-5.64545503,47.01353936,0.20001063,0.20045142,2.17399945,0.01923413,0.05475018,0.05408036,0.07009652,0.10020559,2.99476985,-6.11735659,47.07872839,2.99476985
1048,357.72000000,-6.63493604,47.16564195,3.00082242,map,37.56692451,126.97792894,0,-6.50541617,47.14817915,0.06000114,0.06006255,2.17851188,0.01812817,0.05171132,0.05183124,0.11086366,0.13184481,3.01016148,-6.76506337,47.16388019,3.01016148
1049,357.96000000,-7.15118422,47.20604714,3.01037645,map,37.56692480,126.97792408,0,-6.93526723,47.17881323,0.10000286,0.10017984,2.17586526,0.01785319,0.05082024,0.05085671,0.00630587,0.09599783,3.02249822,-7.28410625,47.22479771,3.02249822
1050,358.22000000,-7.72901678,47.28310505,3.02360628,map,37.56692580,126.97791424,0,-7.38279448,47.24372103,0.16000373,0.16030947,2.18068211,0.01710680,0.04869883,0.04873738,-0.65163215,0.08368510,3.03528440,-7.84716724,47.28392308,3.03528440
1051,358.46000000,-8.23836867,47.32898443,3.03636976,map,37.56692624,126.97790933,0,-7.80474322,47.28448630,0.20000523,0.20049161,2.17813947,0.01663384,0.04731398,0.04722645,0.00989202,0.10895012,3.04694524,-8.36807403,47.33225060,3.04694524
1052,358.72000000,-8.79225125,47.38240466,3.04548114,map,37.56692661,126.97790455,0,-8.66171278,47.37052653,0.06000053,0.06006354,2.18431122,0.01384382,0.03935510,0.03802499,0.04092157,0.03715748,3.05843400,-8.93319908,47.37840644,3.05843400
1053,358.96000000,-9.32248655,47.39214425,3.06636532,map,37.56692670,126.97789955,0,-9.10393330,47.37629255,0.10000097,0.10018427,2.19356488,0.00719649,0.02047834,0.01870409,0.38154996,0.01144088,3.06522505,-9.45719392,47.41768046,3.06522505
1054,359.22000000,-9.88884257,47.45963157,3.05796581,map,37.56692749,126.97788968,0,-9.53861994,47.43106762,0.16000171,0.16031675,2.19726322,0.00270350,0.00769768,0.00857474,0.02402739,0.01404264,3.06799410,-10.02653270,47.45931366,3.06799410
1055,359.46000000,-10.41339619,47.49780686,3.06744396,map,37.56692770,126.97788474,0,-9.97537096,47.46513610,0.20000353,0.20050146,2.19598653,0.00342264,0.00978059,0.00970512,0.00562259,0.02044205,3.07022542,-10.55226259,47.49670857,3.07022542
1056,359.72000000,-10.99534087,47.54178370,3.06786272,map,37.56692811,126.97787963,0,-10.86397393,47.53225934,0.06000034,0.06006419,2.19529310,0.00325028,0.00925452,0.00885292,-0.01455214,-0.01190132,3.07276865,-11.12179307,47.53578309,3.07276865
1057,359.96000000,-11.51357423,47.57467290,3.06688769,map,37.56692835,126.97787475,0,-11.29457890,47.55850989,0.10000101,0.10018484,2.19624432,0.00342575,0.00975385,0.00967038,-0.03081913,0.02552725,3.07499618,-11.64767738,47.57066769,3.07499618
1058,360.22000000,-12.07177627,47.57683458,3.08261033,map,37.56692885,126.97786499,0,-11.72101820,47.55656331,0.16000097,0.16031737,2.19564708,0.00307240,0.00874769,0.00847238,0.14253998,0.01804991,3.07751153,-12.21746300,47.60704152,3.07751153
1059,360.46000000,-12.59628712,47.63676313,3.07968538,map,37.56692892,126.97785978,0,-12.15746704,47.60991065,0.20000174,0.20050360,2.19853951,0.00133458,0.00379063,0.00372143,0.00340577,0.01178561,3.07873476,-12.74397930,47.64002369,3.07873476
1060,360.72000000,-13.17202384,47.65970551,3.08552308,map,37.56692923,126.97785499,0,-13.04030924,47.65235946,0.06000020,0.06006468,2.19848219,0.00097862,0.00280475,0.00273932,0.00617143,-0.01043396,3.07955289,-13.31459921,47.67539699,3.07955289
1061,360.96000000,-13.71630524,47.69696092,3.07926322,map,37.56692950,126.97784982,0,-13.49700860,47.68335598,0.10000071,0.10018428,2.19608062,0.00162366,0.00462357,0.00547604,0.02276328,0.00280575,3.08038056,-13.84107075,47.70760556,3.08038056
1062,361.22000000,-14.28602857,47.73322637,3.07708668,map,37.56693003,126.97784004,0,-13.93510684,47.71082990,0.16000121,0.16031723,2.19642698,0.00199266,0.00567437,0.00614677,0.02899181,0.03403311,3.08166995,-14.41138598,47.74173580,3.08166995
1063,361.42000000,-14.79939457,47.77087567,3.07751906,map,37.56693026,126.97783497,0,-14.36116725,47.74303043,0.20000185,0.20046956,2.19636620,0.00270682,0.00770295,0.00750929,0.06830121,0.03488280,3.08323913,-14.84974996,47.76714033,3.08323913
1064,361.72000000,-15.38281024,47.79654798,3.08376737,map,37.56693046,126.97782997,0,-15.25125297,47.78909796,0.06000021,0.06006452,2.19628102,0.00339270,0.00965972,0.00940367,-0.01360518,-0.01439788,3.08588964,-15.50762432,47.80379977,3.08588964
1065,361.96000000,-15.90316407,47.83090933,3.08446631,map,37.56693073,126.97782507,0,-15.68365849,47.81843858,0.10000060,0.10018585,2.19912282,0.00064979,0.00184966,0.00126394,0.01882205,0.00072294,3.08716758,-16.03452121,47.83229113,3.08716758
1066,362.22000000,-16.48060097,47.86575282,3.08424556,map,37.56693114,126.97781515,0,-16.12944486,47.84539550,0.16000115,0.16031797,2.19663710,-0.00213069,-0.00606725,-0.00675978,0.02268813,-0.04867719,3.08657529,-16.60527013,47.86365408,3.08657529
1067,362.46000000,-16.99823685,47.88908074,3.08714751,map,37.56693132,126.97781028,0,-16.55997534,47.86474664,0.20000172,0.20050201,2.19302522,-0.00472189,-0.01343746,-0.01426953,0.03165701,-0.07016090,3.08418706,-17.13111708,47.89401915,3.08418706
1068,362.72000000,-17.56873470,47.91725869,3.08475444,map,37.56693155,126.97780522,0,-17.43736805,47.90948163,0.06000023,0.06006434,2.19322661,-0.00615316,-0.01752652,-0.01727218,-0.07675189,-0.04196724,3.07962150,-17.70008061,47.92961862,3.07962150
1069,362.96000000,-18.10650280,47.97075707,3.07297023,map,37.56693194,126.97780012,0,-17.88797751,47.95528329,0.10000093,0.10018421,2.19081767,-0.00679103,-0.01933392,-0.01929515,-0.01882960,-0.03799155,3.07523999,-18.22470077,47.96485537,3.07523999
1070,363.22000000,-18.67000931,47.97945994,3.08033235,map,37.56693235,126.97779030,0,-18.32000918,47.95718343,0.16000145,0.16031580,2.19237309,-0.00695808,-0.01981057,-0.02004984,0.00862287,-0.02914279,3.07012039,-18.79305863,48.00590711,3.07012039
1071,363.46000000,-19.19278671,48.03242287,3.06717366,map,37.56693263,126.97778546,0,-18.75580304,47.99971434,0.20000246,0.20049958,2.19082609,-0.00695589,-0.01984485,-0.02011487,-0.06362505,-0.04315001,3.06536125,-19.31738560,48.04639555,3.06536125
1072,363.66000000,-19.71539971,48.05210622,3.07352479,map,37.56693275,126.97778043,0,-19.62794895,48.04591496,0.04000013,0.04002500,2.19187044,-0.00668123,-0.01902214,-0.01932367,0.03176120,-0.06192615,3.06153220,-19.75417454,48.08197377,3.06153220
1073,363.96000000,-20.27626957,48.11535586,3.06672905,map,37.56693322,126.97777556,0,-20.05750053,48.09859249,0.10000109,0.10018462,2.19397262,-0.00488684,-0.01391421,-0.01426033,-0.00639181,-0.03629648,3.05660399,-20.40979624,48.13807687,3.05660399
1074,364.22000000,-20.83540756,48.15741508,3.05824505,map,37.56693386,126.97776571,0,-20.48529383,48.12794697,0.16000224,0.16031483,2.19618991,-0.00212054,-0.00603801,-0.00406477,0.05447902,0.02695639,3.05447572,-20.97839709,48.18795911,3.05447572
1075,364.42000000,-21.36594309,48.21119895,3.05326140,map,37.56693423,126.97776056,0,-20.92797158,48.17269772,0.20000336,0.20046872,2.19890338,-0.00100043,-0.00284865,-0.00243365,0.05425313,0.00880651,3.05402695,-21.41635140,48.22645481,3.05402695
1076,364.72000000,-21.94940091,48.27267023,3.05225237,map,37.56693465,126.97775562,0,-21.81858222,48.26127378,0.06000048,0.06006379,2.18705500,0.00724887,0.02086998,0.02214355,-0.33294943,0.05536257,3.05793043,-22.07205436,48.28167583,3.05793043
1077,364.96000000,-22.47358646,48.31759466,3.05504573,map,37.56693500,126.97775068,0,-22.25564945,48.29940805,0.10000128,0.10018321,2.18893324,0.01062397,0.03024671,0.03195033,0.07024004,0.13851854,3.06498464,-22.59515041,48.32120268,3.06498464
1078,365.22000000,-23.02842507,48.35045197,3.05913092,map,37.56693574,126.97774111,0,-22.68020607,48.32319858,0.16000159,0.16031308,2.17994385,0.01490398,0.04242803,0.04455771,0.07115395,0.14834856,3.07477001,-23.16144729,48.35848914,3.07477001
1079,365.46000000,-23.53557801,48.40700021,3.07761755,map,37.56693567,126.97773611,0,-23.10141182,48.38020386,0.20000211,0.20049258,2.17325901,0.01918962,0.05459428,0.05544184,-0.18915177,0.11306902,3.08704674,-23.68281285,48.38586956,3.08704674
1080,365.72000000,-24.11560638,48.40893083,3.09984294,map,37.56693604,126.97773111,0,-23.98488937,48.40442760,0.06000008,0.06006371,2.17635089,0.01970712,0.05613605,0.05669040,0.38522236,0.15214799,3.10194543,-24.24752043,48.40715124,3.10194543
1081,365.96000000,-24.63066765,48.41478361,3.10705098,map,37.56693608,126.97772626,0,-24.41323098,48.40853581,0.10000015,0.10018239,2.17587791,0.01784399,0.05079414,0.05126132,-0.02005836,0.09441705,3.11503983,-24.76939720,48.41966138,3.11503983
1082,366.22000000,-25.19227950,48.42008975,3.12129716,map,37.56693630,126.97771629,0,-24.84307593,48.41451843,0.16000005,0.16031458,2.18221152,0.01556927,0.04432236,0.04413875,-0.20306509,0.11128769,3.12727548,-25.33631673,48.42676299,3.12727548
1083,366.42000000,-25.73098796,48.43655370,3.11897954,map,37.56693647,126.97771139,0,-25.29429762,48.42860774,0.20000006,0.20046665,2.19205775,0.00869198,0.02472542,0.02302448,-1.25010230,0.02455253,3.13447868,-25.77353257,48.42869609,3.13447868
1084,366.72000000,-26.29005022,48.42130467,3.13386883,map,37.56693625,126.97770652,0,-26.15813097,48.42044394,0.06000000,0.06006489,2.19889762,0.00302236,0.00860690,0.00865534,0.02387237,-0.00614295,3.13884991,-26.43176746,48.43010715,3.13884991
1085,366.96000000,-26.82498438,48.43243191,-3.14050769,map,37.56693638,126.97770146,0,-26.60512914,48.43276100,0.10000000,0.10018645,2.19913274,0.00146869,0.00418164,0.00551303,0.01789005,0.05467856,3.14018445,-26.95919594,48.43066410,3.14018445
1086,367.22000000,-27.39251525,48.42545617,-3.14135708,map,37.56693637,126.97769146,0,-27.04105978,48.42565667,0.16000041,0.16031929,2.19315090,0.00313621,0.00892965,0.00999770,0.01486630,0.04539175,-3.14133660,-27.53029117,48.43043863,-3.14133660
1087,367.42000000,-27.92760278,48.43363368,3.13490068,map,37.56693645,126.97768642,0,-27.48859000,48.43141611,0.20000000,0.20046930,2.19151623,-0.00098416,-0.00279933,0.00377990,-1.17682522,0.14114601,-3.14142468,-27.96932512,48.43025110,-3.14142468
1088,367.72000000,-28.50915289,48.42417694,-3.13569658,map,37.56693633,126.97768138,0,-28.37848495,48.42574759,0.06000001,0.06006361,2.17650466,0.01740460,0.04947395,0.05234768,-0.11194039,0.18880153,-3.13088663,-28.62369016,48.42358293,-3.13088663
1089,367.96000000,-29.01626601,48.39553109,-3.10923641,map,37.56693618,126.97767661,0,-28.80049381,48.40449227,0.10000031,0.10017953,2.15200982,0.03432070,0.09792043,0.10219379,-0.14240482,0.30312791,-3.11312389,-29.14235410,48.40766482,-3.11312389
1090,368.22000000,-29.57320959,48.36442901,-3.09273108,map,37.56693596,126.97766674,0,-29.22992629,48.38511268,0.16000146,0.16030228,2.14494096,0.04101898,0.11622687,0.11750797,0.06387539,0.28466718,-3.08360683,-29.69974702,48.37315643,-3.08360683
1091,368.46000000,-30.09948720,48.34068626,-3.07435998,map,37.56693571,126.97766203,0,-29.67165287,48.37328439,0.20000325,0.20047741,2.14255168,0.04219361,0.12047623,0.12170589,0.09519987,0.27339923,-3.05481474,-30.21244209,48.32572332,-3.05481474
1092,368.72000000,-30.63301248,48.29184718,-3.04664198,map,37.56693543,126.97765730,0,-30.50530771,48.30632458,0.06000078,0.06006079,2.14044150,0.04805337,0.13673357,0.13750989,-0.15557307,0.32929103,-3.02143179,-30.76521394,48.25662013,-3.02143179
1093,368.96000000,-31.13448289,48.18864711,-3.00252008,map,37.56693475,126.97765254,0,-30.92439865,48.22188378,0.10000427,0.10017021,2.12153737,0.05826155,0.17134358,0.17784058,-0.06115254,0.44336827,-2.98501792,-31.26972100,48.17378234,-2.98501792
1094,369.22000000,-31.67139637,48.08054410,-2.95926963,map,37.56693360,126.97764308,0,-31.34442629,48.14800939,0.16001325,0.16027415,2.09161793,0.07411516,0.21104606,0.20929721,-0.40572633,0.37608064,-2.93149561,-31.80227019,48.05643358,-2.93149561
1095,369.46000000,-32.16484744,47.97812385,-2.91584860,map,37.56693268,126.97763826,0,-31.75742745,48.07843789,0.20002774,0.20043244,2.05436160,0.09974211,0.28496507,0.30019488,-0.62002232,0.78052563,-2.87607720,-32.28622496,47.91974939,-2.87607720
1096,369.72000000,-32.66146239,47.76378713,-2.80972080,map,37.56693142,126.97763403,0,-32.55017232,47.80982333,0.06000791,0.06004617,1.97903846,0.14841462,0.42156517,0.42439070,-0.00617838,0.88825513,-2.77529055,-32.77562885,47.72380094,-2.77529055
1097,369.98000000,-33.12044299,47.53353525,-2.69676225,map,37.56693013,126.97762988,0,-32.90950802,47.64751345,0.12005112,0.12017452,1.99282261,0.15374436,0.43673682,0.43695044,-0.06926192,0.85396827,-2.66251953,-33.23087364,47.47520461,-2.66251953
1098,370.26000000,-33.60077673,47.24432503,-2.59481962,map,37.56692654,126.97762190,0,-33.60010598,47.22099449,0.20012935,0.20029749,2.01007105,0.15430475,0.43841498,0.43619073,-0.18495364,0.82702092,-2.53902029,-33.69022977,47.14791441,-2.53902029
1099,370.52000000,-34.00930288,46.89417335,-2.48744860,map,37.56692445,126.97761818,0,-33.91759533,46.97322863,0.06002332,0.06003137,2.01402211,0.13785699,0.39188062,0.38984108,0.06007478,0.76487815,-2.43180369,-34.07977672,46.79903108,-2.43180369
1100,370.78000000,-34.37416631,46.53263215,-2.39674915,map,37.56692216,126.97761487,0,-34.20078324,46.70661382,0.12011819,0.12011713,2.05374990,0.13088251,0.37118782,0.36336233,-1.21155648,-0.03170834,-2.33337167,-34.43896829,46.40944490,-2.33337167
1101,371.02000000,-34.67047080,46.12164692,-2.28827354,map,37.56691662,126.97760878,0,-34.46342344,46.37553774,0.16016500,0.16011147,2.03164648,0.12718287,0.36394027,0.36155512,-0.24947183,0.81721551,-2.24525341,-34.73826796,46.01930013,-2.24525341
1102,371.28000000,-34.96098255,45.66927131,-2.19779063,map,37.56691346,126.97760607,0,-34.93865868,45.70384595,0.02000433,0.02000180,2.05619358,0.11659534,0.33144737,0.32787185,-0.35499731,0.62898014,-2.15497215,-35.02399597,45.57166464,-2.15497215
1103,371.48000000,-35.20891531,45.22646102,-2.13088045,map,37.56691022,126.97760356,0,-35.14662889,45.33497313,0.06003923,0.06001292,2.07508307,0.09725578,0.27166274,0.26582392,-1.48236187,1.29955443,-2.09524502,-35.22367500,45.20725930,-2.09524502
1104,371.78000000,-35.45509295,44.76594677,-2.06019884,map,37.56690717,126.97760121,0,-35.34367072,44.98988290,0.12019688,0.12004866,2.08495284,0.08642604,0.24576574,0.24360335,-0.05665972,0.45517655,-2.01641533,-35.48931510,44.64179649,-2.01641533
1105,372.06000000,-35.67462808,44.23346700,-1.98959151,map,37.56690025,126.97759735,0,-35.50900051,44.62105132,0.20039101,0.20007355,2.10540771,0.07639154,0.21335521,0.21500436,1.37490148,0.15156246,-1.95197110,-35.70422617,44.09325770,-1.95197110
1106,372.32000000,-35.84558564,43.68757450,-1.92723333,map,37.56689664,126.97759563,0,-35.80531299,43.80670207,0.06005293,0.06000605,2.09168252,0.07777311,0.22117731,0.22170318,-0.00465647,0.47905812,-1.89483131,-35.87354081,43.57434384,-1.89483131
1107,372.56000000,-35.97653928,43.19945403,-1.86856735,map,37.56689303,126.97759421,0,-35.92055712,43.40216218,0.10015857,0.10001207,2.09362602,0.08783539,0.24979839,0.25421973,-0.09372363,0.62130919,-1.83844886,-36.00116977,43.08812267,-1.83844886
1108,372.82000000,-36.07785630,42.68752734,-1.79701520,map,37.56688586,126.97759202,0,-36.01191322,43.01218376,0.16027220,0.16001087,2.05653339,0.10634489,0.30230995,0.30365086,-0.04295789,0.63116892,-1.76546791,-36.09998744,42.55783142,-1.76546791
1109,373.06000000,-36.15354846,42.19268734,-1.74082146,map,37.56688223,126.97759118,0,-36.09232646,42.60127003,0.20043754,0.20000895,2.08814646,0.08933443,0.25404554,0.25187886,-0.07708341,0.48904147,-1.69971499,-36.15603636,42.06530331,-1.69971499
1110,373.32000000,-36.18153057,41.63859710,-1.67276653,map,37.56687835,126.97759083,0,-36.17289360,41.76394402,0.06005861,0.06000028,2.09144297,0.08415088,0.23931117,0.23842090,-0.17704710,0.49475861,-1.63632686,-36.18633366,41.52109377,-1.63632686
1111,373.58000000,-36.19453921,41.09840529,-1.60715313,map,37.56687463,126.97759048,0,-36.19178812,41.34995589,0.12024832,0.12000003,2.09088583,0.08177019,0.23281158,0.23139033,-0.03500037,0.44847726,-1.57483603,-36.18328151,40.97709756,-1.57483603
1112,373.82000000,-36.14770167,40.45217383,-1.54686043,map,37.56686693,126.97759078,0,-36.15011451,40.49440360,0.02000539,0.02000002,2.11178009,0.07384102,0.20990292,0.20569859,0.03382133,0.24070748,-1.52188821,-36.15285462,40.47304703,-1.52188821
1113,374.12000000,-36.11303895,39.88618614,-1.50295522,map,37.56686336,126.97759087,0,-36.13129432,40.09871861,0.10015631,0.10000116,2.13895920,0.04896374,0.13932128,0.13403285,0.20132409,0.21590363,-1.47025693,-36.08574900,39.83942719,-1.47025693
1114,374.42000000,-36.03120266,39.33089152,-1.46108541,map,37.56685570,126.97759216,0,-36.07063271,39.67683560,0.16030951,0.16000324,2.18588529,0.01181033,0.03345844,0.02808470,0.09911105,-0.01424577,-1.44583410,-36.00212631,39.19465339,-1.44583410
1115,374.62000000,-35.95425851,38.81439522,-1.45438253,map,37.56685166,126.97759273,0,-36.00542166,39.25027394,0.20046526,0.20000604,2.19380014,-0.00424684,-0.01212897,-0.01614170,-0.21935457,-0.09115215,-1.44488506,-35.94655023,38.75920759,-1.44488506
1116,374.86000000,-35.89837334,38.28039227,-1.46442700,map,37.56684774,126.97759321,0,-35.95393721,38.80157105,0.24067317,0.24000788,2.18410135,-0.01450706,-0.04130013,-0.04216377,-0.01717257,-0.10971387,-1.45253660,-35.88515568,38.23890968,-1.45253660
1117,375.16000000,-35.84525096,37.70752797,-1.47638080,map,37.56684376,126.97759379,0,-35.86445104,37.92402605,0.10017961,0.10000141,2.16593975,-0.02519849,-0.07172236,-0.08087953,-0.26937929,-0.37806692,-1.46729310,-35.81761970,37.58919549,-1.46729310
1118,375.42000000,-35.78862087,37.16025607,-1.49331039,map,37.56683604,126.97759472,0,-35.80974830,37.49872101,0.16029391,0.16000090,2.10858939,-0.08120572,-0.23113274,-0.24245082,0.20327196,-0.72760230,-1.50884897,-35.78451251,37.03686661,-1.50884897
1119,375.66000000,-35.78893781,36.65731866,-1.54959276,map,37.56683240,126.97759500,0,-35.77482289,36.66256391,0.20043696,0.20000005,2.03266532,-0.12158106,-0.34548951,-0.35055232,-0.15463255,-0.78829043,-1.58129083,-35.79643166,36.54512843,-1.58129083
1120,375.92000000,-35.84223521,36.14443604,-1.63876290,map,37.56682883,126.97759458,0,-35.82743827,36.26657172,0.06005561,0.06000082,2.04625968,-0.12911263,-0.36698966,-0.36452356,-0.66519771,-0.59559006,-1.67612753,-35.86074144,36.01800133,-1.67612753
1121,376.18000000,-35.92175591,35.60883300,-1.71496368,map,37.56682511,126.97759418,0,-35.87860530,35.85526113,0.12023690,0.12000728,2.10571460,-0.07307286,-0.20781958,-0.19554869,0.33408863,-0.14681162,-1.75251643,-35.96700743,35.48869530,-1.75251643
1122,376.42000000,-36.02553241,35.08803727,-1.75246225,map,37.56681768,126.97759230,0,-35.96053155,35.42519172,0.16029382,0.16000990,2.15834902,-0.03486705,-0.09923202,-0.09587747,0.14486701,-0.08998343,-1.78363800,-36.07956399,34.98733860,-1.78363800
1123,376.68000000,-36.18222457,34.55254852,-1.78443824,map,37.56681373,126.97759111,0,-36.17273366,34.59551887,0.02000668,0.02000033,2.19617837,-0.00772005,-0.02198014,-0.01768242,0.03396628,0.04140768,-1.79918184,-36.20992754,34.43621838,-1.79918184
1124,376.88000000,-36.27877700,34.05385256,-1.78307384,map,37.56681001,126.97759022,0,-36.25131694,34.18237628,0.06005459,0.06000249,2.18725831,0.00632021,0.01894668,0.02137605,-0.21391172,0.09020411,-1.79813118,-36.30885919,34.00919068,-1.79813118
1125,377.08000000,-36.41052909,33.57033046,-1.78589501,map,37.56680603,126.97758882,0,-36.37407590,33.74090992,0.08009270,0.08000423,2.17615107,0.01436622,0.04089535,0.04188598,0.04951708,0.07354876,-1.79144268,-36.40363477,33.58315515,-1.79144268
1126,377.38000000,-36.50907864,33.07408388,-1.78034743,map,37.56680231,126.97758790,0,-36.45651844,33.32831637,0.12025329,0.12001081,2.14330435,0.02597431,0.07391120,0.08092387,0.23083298,0.35495995,-1.77571887,-36.53631885,32.94540380,-1.77571887
1127,377.62000000,-36.60190983,32.57247296,-1.75428836,map,37.56679460,126.97758605,0,-36.54247038,32.91061425,0.16029502,0.16000896,2.14226911,0.04158195,0.11829599,0.11705847,-0.12499120,0.25220855,-1.74956253,-36.62569498,32.43850897,-1.74956253
1128,377.82000000,-36.68035595,32.04582200,-1.73897567,map,37.56679094,126.97758513,0,-36.61204648,32.47020911,0.20044139,0.20001068,2.15436719,0.03740636,0.10645495,0.10626641,-0.28088970,0.21144322,-1.72748988,-36.68965951,32.01321031,-1.72748988
1129,378.06000000,-36.76499848,31.55133447,-1.72280469,map,37.56678715,126.97758442,0,-36.75066831,31.64306901,0.24065175,0.24001306,2.15139597,0.03709879,0.10545151,0.10590631,-0.01035622,0.23911961,-1.70252023,-36.75521521,31.49984532,-1.70252023
1130,378.32000000,-36.81098421,30.98418093,-1.69403325,map,37.56678317,126.97758394,0,-36.78573215,31.20023377,0.10016151,0.10000221,2.18001504,0.01809201,0.05141779,0.05004325,0.01972398,0.09521121,-1.68198027,-36.81526793,30.94017957,-1.68198027
1131,378.56000000,-36.88282026,30.46825385,-1.68413700,map,37.56677932,126.97758320,0,-36.84950857,30.77215818,0.14033170,0.14000398,2.18338949,0.01520209,0.04327784,0.04260665,-1.12326061,0.11437067,-1.67084922,-36.86645421,30.41898270,-1.67084922
1132,378.86000000,-36.91032072,29.89997922,-1.66219042,map,37.56677132,126.97758241,0,-36.91378888,29.88381422,0.20049655,0.20000458,2.19537870,0.00617063,0.01756917,0.01688401,-0.01264572,0.01047028,-1.66213788,-36.92559709,29.76531089,-1.66213788
1133,379.12000000,-36.97059163,29.34385450,-1.66222129,map,37.56676763,126.97758190,0,-36.95929850,29.47433742,0.06006348,0.06000048,2.17814237,0.01579150,0.04500585,0.04873210,-0.77091382,0.19755416,-1.65509670,-36.97343324,29.19848823,-1.65509670
1134,379.32000000,-36.99493774,28.80949571,-1.64656606,map,37.56676359,126.97758163,0,-36.98025115,29.02551789,0.10016145,0.10000075,2.16452322,0.02623210,0.07470757,0.07568224,-0.03735344,0.15247592,-1.64182205,-37.00251623,28.76652033,-1.64182205
1135,379.56000000,-37.03485371,28.29100676,-1.63078900,map,37.56675971,126.97758116,0,-37.01864963,28.59464214,0.14033110,0.14000094,2.17102291,0.02395757,0.06829667,0.06829933,-0.57389724,0.13806327,-1.62439718,-37.02864310,28.24676148,-1.62439718
1136,379.82000000,-37.04384947,27.73047699,-1.61008435,map,37.56675168,126.97758084,0,-37.02806135,28.16499603,0.20046176,0.20000076,2.17709446,0.01990951,0.05625790,0.05439717,-0.05224028,0.07220668,-1.60806826,-37.04833380,27.68196931,-1.60806826
1137,380.06000000,-37.05580518,27.18021693,-1.60416720,map,37.56674793,126.97758059,0,-37.06104847,27.28723860,0.24067877,0.24000051,2.18721725,0.01161937,0.03307962,0.02919560,0.08419263,0.00752042,-1.59775207,-37.06123590,27.15871618,-1.59775207
1138,380.32000000,-37.08062493,26.63010024,-1.60481369,map,37.56674399,126.97758045,0,-37.07318900,26.84974735,0.10016691,0.10000019,2.19739820,-0.00120080,-0.00368062,-0.00442929,-0.23516689,-0.03516740,-1.59552943,-37.07477502,26.58805677,-1.59552943
1139,380.56000000,-37.09874176,26.06549034,-1.60479067,map,37.56674008,126.97758030,0,-37.08650671,26.41636062,0.16042569,0.16000052,2.19476086,-0.00374144,-0.01067446,-0.01005701,0.00706465,0.00935371,-1.59791426,-37.08921595,26.06155028,-1.59791426
1140,380.78000000,-37.10288398,25.55489594,-1.60062077,map,37.56673588,126.97758025,0,-37.09086395,25.95010544,0.18055042,0.18000051,2.19470770,-0.00280095,-0.00798550,-0.00820621,-0.03460574,-0.02784740,-1.59968820,-37.10339200,25.57857760,-1.59968820
1141,381.06000000,-37.12498591,25.01382957,-1.59922114,map,37.56672824,126.97757988,0,-37.12243121,25.10174822,0.04002527,0.04000002,2.19909424,-0.00152806,-0.00434105,-0.00484078,-0.00818713,-0.03407121,-1.60130262,-37.12230592,24.96363182,-1.60130262
1142,381.32000000,-37.15345287,24.43090218,-1.61222067,map,37.56672417,126.97757967,0,-37.14423966,24.65053892,0.10016689,0.10000029,2.19858944,-0.00131443,-0.00374236,-0.00372743,-0.01636098,0.02091281,-1.60251730,-37.14054054,24.39246416,-1.60251730
1143,381.56000000,-37.16468844,23.90649415,-1.60928892,map,37.56672024,126.97757956,0,-37.15270117,24.21387487,0.14033928,0.14000052,2.19719569,-0.00218521,-0.00621686,-0.00663445,0.03059168,-0.02216433,-1.60376105,-37.15800095,23.86543656,-1.60376105
1144,381.82000000,-37.16994470,23.34179850,-1.59363047,map,37.56671211,126.97757947,0,-37.15903003,23.78141925,0.20047261,0.20000047,2.19958876,-0.00039164,-0.00107251,-0.00077118,0.01111349,0.01718158,-1.60474527,-37.17756145,23.29416241,-1.60474527
1145,382.06000000,-37.18247794,22.79516432,-1.59444991,map,37.56670825,126.97757921,0,-37.18047420,22.88297157,0.04002521,0.04000001,2.19467334,0.00235651,0.00676981,0.00687444,-0.01185218,0.02007077,-1.60419557,-37.19523161,22.76693656,-1.60419557
1146,382.32000000,-37.20937147,22.22438558,-1.60313333,map,37.56670429,126.97757899,0,-37.20244059,22.44388239,0.10016667,0.10000017,2.19576926,0.00280235,0.00802375,0.00838969,0.01776053,0.03530696,-1.60236876,-37.21314442,22.19617270,-1.60236876
1147,382.58000000,-37.23336533,21.68174738,-1.60626565,map,37.56670059,126.97757878,0,-37.22108175,22.03315352,0.16045159,0.16000055,2.19915817,0.00199268,0.00554298,0.00565062,-0.15123016,0.01303073,-1.60055788,-37.22996615,21.62509988,-1.60055788
1148,382.82000000,-37.24362897,21.15276336,-1.60352720,map,37.56669258,126.97757844,0,-37.22946232,21.59180562,0.20046934,0.20000048,2.19605058,0.00310965,0.00885856,0.00850377,0.01821140,0.04291738,-1.59873830,-37.24456718,21.09819679,-1.59873830
1149,383.06000000,-37.26184059,20.61424035,-1.60264006,map,37.56668860,126.97757834,0,-37.25911975,20.70208827,0.04002521,0.04000003,2.19729493,0.00232426,0.00662907,0.00659513,0.00578631,0.02033470,-1.59709478,-37.25827224,20.57098029,-1.59709478
1150,383.32000000,-37.27906403,20.05515583,-1.59923939,map,37.56668475,126.97757818,0,-37.27296802,20.27478100,0.10016681,0.10000013,2.19700401,0.00232945,0.00662222,0.00680862,0.00836465,0.01372370,-1.59537363,-37.27218935,19.99988009,-1.59537363
1151,383.56000000,-37.28957839,19.53246069,-1.59711039,map,37.56668083,126.97757808,0,-37.28172527,19.83963234,0.14033877,0.14000022,2.19631939,0.00268749,0.00769834,0.00709346,-0.01210904,0.02182004,-1.59346350,-37.28397043,19.47306267,-1.59346350
1152,383.78000000,-37.30254897,18.99442752,-1.59449274,map,37.56667677,126.97757794,0,-37.29339055,19.38970731,0.18054817,0.18000070,2.19572965,0.00319169,0.00908403,0.00949857,0.01667333,0.00780023,-1.59171659,-37.29390216,18.98993613,-1.59171659
1153,384.02000000,-37.30541100,18.46319919,-1.58826650,map,37.56666873,126.97757779,0,-37.29702707,18.94614340,0.22055350,0.22000019,2.19525825,0.00346312,0.00987443,0.00973286,0.02261467,0.03522614,-1.58939175,-37.30349189,18.46308405,-1.58939175
1154,384.26000000,-37.31046157,17.93536738,-1.58525773,map,37.56666486,126.97757774,0,-37.30882189,18.06698242,0.06005453,0.06000042,2.19323390,0.00548804,0.01562586,0.01561857,0.00790158,0.04421462,-1.58617554,-37.31136314,17.93655504,-1.58617554
1155,384.52000000,-37.31248261,17.39298908,-1.57959357,map,37.56666076,126.97757770,0,-37.31095777,17.61224922,0.10016586,0.10000001,2.19269075,0.00578851,0.01647770,0.01662429,0.01525320,0.05586590,-1.58194210,-37.31742548,17.36643866,-1.58194210
1156,384.76000000,-37.33719036,16.86945487,-1.58376253,map,37.56665683,126.97757745,0,-37.33368122,17.17636236,0.14033791,0.14000004,2.19254786,0.00645621,0.01838930,0.01873377,0.02081250,0.04646174,-1.57785404,-37.32078479,16.84026870,-1.57785404
1157,384.98000000,-37.33017864,16.35851908,-1.58164588,map,37.56665302,126.97757753,0,-37.32639964,16.75314585,0.18054862,0.18000005,2.19390660,0.00619595,0.01762344,0.01744108,-0.01182555,0.04173851,-1.57374713,-37.32172232,16.35793140,-1.57374713
1158,385.26000000,-37.32267102,15.77763472,-1.56824106,map,37.56664502,126.97757753,0,-37.32309594,15.86530898,0.04002513,0.04000000,2.19223695,0.00582644,0.01658841,0.01663791,0.01584769,0.04046732,-1.56904014,-37.32040468,15.74408154,-1.56904014
1159,385.52000000,-37.32365803,15.22668667,-1.56861766,map,37.56664124,126.97757752,0,-37.32456844,15.44593219,0.10016628,0.10000000,2.19179135,0.00658952,0.01876073,0.01864266,-0.01361353,0.06832142,-1.56454996,-37.31656083,15.17402141,-1.56454996
1160,385.76000000,-37.31054380,14.69284560,-1.56193335,map,37.56663722,126.97757762,0,-37.31375512,14.99973728,0.14033820,0.14000004,2.19228222,0.00593260,0.01689127,0.01642066,0.00204830,0.04774828,-1.56028098,-37.31060500,14.64795764,-1.56028098
1161,386.02000000,-37.30753480,14.11926731,-1.55533015,map,37.56662924,126.97757783,0,-37.31442869,14.55822790,0.20047144,0.20000008,2.19709773,0.00239790,0.00682761,0.00547772,-0.00906379,0.02697524,-1.55703323,-37.30236682,14.07737085,-1.55703323
1162,386.26000000,-37.30615458,13.59323825,-1.55816259,map,37.56662534,126.97757768,0,-37.30727225,13.68122960,0.04002531,0.04000001,2.19975918,0.00019711,0.00055111,0.00062208,0.02539160,0.02986663,-1.55653655,-37.29474197,13.54948415,-1.55653655
1163,386.52000000,-37.30097017,13.03060690,-1.56681395,map,37.56662145,126.97757777,0,-37.30163152,13.24987418,0.10016511,0.10000000,2.19301889,-0.00375971,-0.01070453,-0.01113575,0.02030840,-0.03402315,-1.55795696,-37.28734776,12.97860870,-1.55795696
1164,386.76000000,-37.27908295,12.49728597,-1.55904333,map,37.56661744,126.97757796,0,-37.28245217,12.80468894,0.14033849,0.14000004,2.19871694,-0.00162309,-0.00460495,-0.00377064,-0.01019121,0.01947567,-1.56012154,-37.28201576,12.45170931,-1.56012154
1165,387.02000000,-37.27861785,11.93518693,-1.55704266,map,37.56660952,126.97757811,0,-37.28457777,12.37503284,0.20047078,0.20000008,2.19984840,0.00010648,0.00030201,0.00090447,-0.00476891,0.01952755,-1.56057351,-37.27624609,11.87993324,-1.56057351
1166,387.26000000,-37.26381219,11.35049795,-1.55428383,map,37.56660553,126.97757815,0,-37.26597096,11.48241895,0.06005473,0.06000042,2.19815937,-0.00136085,-0.00387539,-0.00468784,-0.03196467,-0.00064230,-1.56060818,-37.27080561,11.35212749,-1.56060818
1167,387.52000000,-37.27684785,10.77795110,-1.56777045,map,37.56660155,126.97757802,0,-37.27710201,11.04077032,0.12022900,0.12000000,2.18844829,-0.00988865,-0.02815337,-0.03009703,-0.05677566,-0.10520733,-1.56489065,-37.26742354,10.78255839,-1.56489065
1168,387.76000000,-37.27969612,10.27000937,-1.58007777,map,37.56659774,126.97757808,0,-37.27532829,10.61815111,0.16041862,0.16000007,2.17648549,-0.01709191,-0.04866819,-0.05005599,0.02797617,-0.12727913,-1.57458664,-37.27010714,10.25978265,-1.57458664
1169,388.02000000,-37.27273646,9.70382852,-1.57541209,map,37.56658989,126.97757814,0,-37.27209843,9.74727733,0.02000570,0.02000000,2.17344879,-0.02341985,-0.06674796,-0.06741621,-0.05112418,-0.14910663,-1.59031267,-37.28205460,9.69504944,-1.59031267
1170,388.26000000,-37.29653362,9.16359365,-1.59697919,map,37.56658581,126.97757793,0,-37.29196374,9.29376554,0.06005306,0.06000007,2.17063494,-0.02373614,-0.06755719,-0.06783166,-0.00483123,-0.14541696,-1.60652546,-37.30220413,9.17439492,-1.60652546
1171,388.52000000,-37.32783710,8.60671601,-1.61679405,map,37.56658196,126.97757773,0,-37.31404472,8.86675622,0.12022492,0.12000064,2.17131236,-0.02372788,-0.06738223,-0.06700646,0.04316810,-0.15463892,-1.62421504,-37.33364720,8.61126525,-1.62421504
1172,388.76000000,-37.36556529,8.09070734,-1.63204636,map,37.56657809,126.97757745,0,-37.34243533,8.43726155,0.16041522,0.16000186,2.16858819,-0.02326019,-0.06620708,-0.06624741,-0.00624840,-0.12280114,-1.64020049,-37.37129405,8.09145912,-1.64020049
1173,389.02000000,-37.41777896,7.52357192,-1.64703230,map,37.56657024,126.97757670,0,-37.41404396,7.56682410,0.02000605,0.02000045,2.17148025,-0.02309202,-0.06540366,-0.06523671,0.10703747,-0.15412288,-1.65725115,-37.42128751,7.52951530,-1.65725115
1174,389.26000000,-37.47495040,7.00153358,-1.66590715,map,37.56656632,126.97757620,0,-37.46148561,7.13131376,0.06005254,0.06000057,2.17301087,-0.02150370,-0.06121104,-0.06103326,0.01545476,-0.14128665,-1.67259242,-37.47582312,7.01058807,-1.67259242
1175,389.52000000,-37.53152703,6.46229073,-1.67804528,map,37.56656262,126.97757578,0,-37.50206926,6.72135764,0.12022234,0.12000329,2.17213707,-0.02075572,-0.05870450,-0.05858481,0.03496428,-0.10970200,-1.68793557,-37.54300562,6.44946614,-1.68793557
1176,389.76000000,-37.59389995,5.92226937,-1.68615264,map,37.56655853,126.97757523,0,-37.55220868,6.26815860,0.16041243,0.16000601,2.17898824,-0.01917546,-0.05458670,-0.05421851,0.00540146,-0.11110219,-1.70146946,-37.61240302,5.93168885,-1.70146946
1177,390.02000000,-37.70212888,5.36882400,-1.71181556,map,37.56655082,126.97757365,0,-37.69583351,5.41217932,0.02000568,0.02000012,2.19068599,-0.00689234,-0.01962239,-0.01735987,0.02572106,0.01665907,-1.71099984,-37.69297507,5.36919756,-1.71099984
1178,390.26000000,-37.77212410,4.84847882,-1.71803525,map,37.56654691,126.97757304,0,-37.75282082,4.97892046,0.06005327,0.06000117,2.19430632,0.00192297,0.00565592,0.00806898,0.12617980,-0.03780585,-1.71219441,-37.76763327,4.84744554,-1.71219441
1179,390.52000000,-37.83685601,4.28498091,-1.70215181,map,37.56654301,126.97757248,0,-37.80309388,4.54560545,0.12022590,0.12000379,2.18708682,0.01150549,0.03285880,0.03438230,-0.01370735,0.07045560,-1.70696036,-37.84494323,4.28327123,-1.70696036
1180,390.76000000,-37.91210387,3.75699215,-1.69388299,map,37.56653902,126.97757167,0,-37.87084187,4.10233075,0.16041224,0.16000586,2.16620248,0.02404835,0.06844891,0.07038022,-0.06019061,0.18031775,-1.69458030,-37.90868840,3.76505322,-1.69458030
1181,391.02000000,-37.95698441,3.21903771,-1.67624954,map,37.56653145,126.97757069,0,-37.95289215,3.26220723,0.02000604,0.02000046,2.16732054,0.02503417,0.07125533,0.07091732,0.18644497,0.15962821,-1.67587301,-37.96638755,3.20499946,-1.67587301
1182,391.26000000,-38.00546695,2.68695998,-1.66415681,map,37.56652744,126.97757018,0,-37.99447827,2.81691930,0.06005300,0.06000078,2.17101189,0.02379762,0.06742212,0.06769828,-0.00360447,0.15864310,-1.65947744,-38.01094805,2.68566325,-1.65947744
1183,391.52000000,-38.05397707,2.13801737,-1.65207699,map,37.56652366,126.97756970,0,-38.03491796,2.39687139,0.12022195,0.12000120,2.16236948,0.02708895,0.07742184,0.07756605,-0.05897017,0.20683480,-1.64019917,-38.04867867,2.12415637,-1.64019917
1184,391.76000000,-38.08871845,1.61191258,-1.63886928,map,37.56651971,126.97756931,0,-38.06734438,1.95806447,0.16041378,0.16000157,2.16716992,0.02755928,0.07833587,0.07847166,0.24671026,0.18845133,-1.62142841,-38.07320911,1.60497773,-1.62142841
1185,392.02000000,-38.08630389,1.04400431,-1.61244497,map,37.56651187,126.97756906,0,-38.08498089,1.08733746,0.02000608,0.02000042,2.16767011,0.02542754,0.07240455,0.07122356,-0.14045014,0.15190345,-1.60152766,-38.08894467,1.04189735,-1.60152766
1186,392.26000000,-38.10417483,0.52227593,-1.59059289,map,37.56650795,126.97756879,0,-38.10247510,0.65307846,0.06005336,0.06000001,2.18139595,0.01697756,0.04833100,0.04679602,0.01993206,0.10065381,-1.58731170,-38.09595625,0.51978814,-1.58731170
1187,392.52000000,-38.08898017,-0.05197554,-1.58124057,map,37.56650397,126.97756893,0,-38.08692973,0.21064633,0.12022909,0.12000001,2.19162016,0.00649580,0.01848440,0.01742021,0.05946129,0.02869964,-1.57914733,-38.09973098,-0.04886960,-1.57914733
1188,392.76000000,-38.10078441,-0.59265480,-1.57545294,map,37.56649990,126.97756877,0,-38.09949148,-0.24127106,0.16042677,0.16000001,2.19735103,0.00292588,0.00832448,0.00802122,-0.00201438,0.01363185,-1.57636483,-38.10231617,-0.57577118,-1.57636483
1189,393.02000000,-38.10792598,-1.13392686,-1.58205062,map,37.56649225,126.97756869,0,-38.10747487,-1.08998162,0.02000583,0.02000000,2.19750409,0.00237110,0.00674695,0.00682922,0.00100963,0.03903053,-1.57452110,-38.10430079,-1.14703841,-1.57452110
1190,393.26000000,-38.11719299,-1.68151087,-1.57741819,map,37.56648811,126.97756858,0,-38.11648508,-1.54979774,0.06005463,0.06000041,2.19554889,0.00373293,0.01062874,0.01082595,0.02551965,0.05445682,-1.57235571,-38.10495932,-1.67404683,-1.57235571
1191,393.52000000,-38.09911640,-2.24557237,-1.56962926,map,37.56648421,126.97756876,0,-38.09976768,-1.98221342,0.12023004,0.12000000,2.19442560,0.00459238,0.01307545,0.01295702,0.00438901,0.02382480,-1.56909811,-38.10378300,-2.24455812,-1.56909811
1192,393.76000000,-38.09757016,-2.76928695,-1.56110467,map,37.56648028,126.97756872,0,-38.10142904,-2.41864035,0.16042305,0.16000046,2.19093197,0.00663680,0.01889898,0.01917455,-0.06702467,0.04896903,-1.56512525,-38.10050547,-2.77066734,-1.56512525
1193,394.02000000,-38.09086637,-3.35125609,-1.56018307,map,37.56647227,126.97756881,0,-38.09145800,-3.30742049,0.02000622,0.02000041,2.19198429,0.00678862,0.01933464,0.01865716,0.01417793,0.02811377,-1.56005278,-38.09402946,-3.34032139,-1.56005278
1194,394.26000000,-38.10047027,-3.86746533,-1.56519477,map,37.56646841,126.97756869,0,-38.10148095,-3.73590650,0.06005402,0.06000000,2.19258160,0.00572871,0.01630197,0.01589649,-0.01226732,0.03099241,-1.55590732,-38.08578693,-3.86646364,-1.55590732
1195,394.52000000,-38.09493025,-4.43011586,-1.56739741,map,37.56646453,126.97756877,0,-38.09596512,-4.16628607,0.12023125,0.12000000,2.19906155,0.00086370,0.00243970,0.00179894,0.00834396,0.01032707,-1.55383244,-38.07576877,-4.43758332,-1.55383244
1196,394.76000000,-38.06876856,-4.96376219,-1.55569342,map,37.56646051,126.97756903,0,-38.07399258,-4.61240561,0.16042671,0.16000009,2.19672181,-0.00242379,-0.00690184,-0.00780136,-0.06384827,-0.07134862,-1.55448077,-38.06711814,-4.96469388,-1.55448077
1197,395.02000000,-38.06749880,-5.52131216,-1.56105779,map,37.56645272,126.97756907,0,-38.06775489,-5.47757354,0.02000578,0.02000000,2.18875173,-0.00926874,-0.02638860,-0.02705255,0.00645231,-0.07156309,-1.55937680,-38.06072055,-5.53378633,-1.55937680
1198,395.26000000,-38.06417106,-6.07040133,-1.56424914,map,37.56644856,126.97756913,0,-38.06454361,-5.93918269,0.06005422,0.06000041,2.18670258,-0.00983525,-0.02800017,-0.02730277,0.00457893,-0.04820633,-1.56619546,-38.05893338,-6.05858262,-1.56619546
1199,395.52000000,-38.04162777,-6.60957311,-1.55980524,map,37.56644489,126.97756937,0,-38.04388154,-6.34667962,0.12022923,0.12000002,2.19075937,-0.00824870,-0.02348727,-0.02354679,-0.17815717,-0.04970688,-1.57260513,-38.06046476,-6.62790392,-1.57260513
1200,395.76000000,-38.04997268,-7.14447956,-1.56361916,map,37.56644086,126.97756926,0,-38.05184267,-6.79411458,0.16042238,0.16000042,2.19144417,-0.00782272,-0.02226623,-0.02082646,-0.04650097,-0.05765358,-1.57814396,-38.06485161,-7.15350376,-1.57814396
1201,396.02000000,-38.07031868,-7.70662362,-1.58055889,map,37.56643303,126.97756910,0,-38.06977300,-7.66275783,0.02000579,0.02000000,2.19352111,-0.00613552,-0.01746350,-0.01728738,-0.01841950,-0.06005931,-1.58307990,-38.07224488,-7.72332250,-1.58307990
1202,396.26000000,-38.08383518,-8.27607666,-1.59008922,map,37.56642869,126.97756899,0,-38.08096797,-8.14464934,0.06005401,0.06000003,2.19058110,-0.00683257,-0.01945939,-0.01917712,0.01807648,-0.00564102,-1.58753066,-38.08142773,-8.24925650,-1.58753066
1203,396.52000000,-38.08494459,-8.83815774,-1.58893764,map,37.56642481,126.97756903,0,-38.07964564,-8.57530490,0.12022968,0.12000009,2.19164761,-0.00727337,-0.02068214,-0.02135419,-0.04726182,-0.07415259,-1.59269303,-38.09425651,-8.81875916,-1.59269303
1204,396.76000000,-38.10652112,-9.34824290,-1.59387825,map,37.56642100,126.97756882,0,-38.09774844,-8.99802096,0.16042405,0.16000027,2.18953702,-0.00906313,-0.02594513,-0.02597925,-0.15512861,-0.08315375,-1.59855280,-38.10932668,-9.34389820,-1.59855280
1205,397.02000000,-38.12066974,-9.92184653,-1.59908953,map,37.56641307,126.97756861,0,-38.11925676,-9.87812005,0.02000620,0.02000042,2.18751790,-0.00928735,-0.02628754,-0.02650140,0.00083852,-0.06720534,-1.60537444,-38.12947562,-9.91234323,-1.60537444
1206,397.26000000,-38.15096045,-10.43634413,-1.60867518,map,37.56640922,126.97756831,0,-38.14555928,-10.30504794,0.06005383,0.06000009,2.19030572,-0.00858754,-0.02446526,-0.02393639,-0.02945357,-0.03607998,-1.61156790,-38.15149418,-10.43731255,-1.61156790
1207,397.52000000,-38.17219892,-11.01689506,-1.61580316,map,37.56640517,126.97756817,0,-38.15976971,-10.75447345,0.12022881,0.12000052,2.18898749,-0.00815034,-0.02318817,-0.02308649,0.00278459,-0.03065569,-1.61767592,-38.17861437,-11.00594753,-1.61767592
1208,397.76000000,-38.20223201,-11.52133616,-1.61959156,map,37.56640141,126.97756791,0,-38.18443496,-11.17178569,0.16042235,0.16000110,2.18796049,-0.01021938,-0.02918730,-0.03019564,0.04956288,-0.10478364,-1.62391216,-38.20699855,-11.53029610,-1.62391216
1209,398.02000000,-38.23589796,-12.07858889,-1.63111030,map,37.56639363,126.97756741,0,-38.23301598,-12.03505230,0.02000613,0.02000044,2.18193991,-0.01355215,-0.03871744,-0.03849331,-0.01342128,-0.08969173,-1.63333819,-38.24304213,-12.09672701,-1.63333819
1210,398.26000000,-38.26094899,-12.63489859,-1.62514084,map,37.56638940,126.97756718,0,-38.25319675,-12.50408130,0.06005367,0.06000060,2.18519760,-0.01284371,-0.03638431,-0.03615147,-0.00978049,-0.09588126,-1.64220131,-38.28128883,-12.61928537,-1.64220131
1211,398.52000000,-38.31147668,-13.16682022,-1.63873278,map,37.56638579,126.97756672,0,-38.29274150,-12.90544826,0.12022627,0.12000117,2.18515833,-0.01258336,-0.03582367,-0.03521172,-0.00126651,-0.07014491,-1.65162350,-38.32783192,-13.18543919,-1.65162350
1212,398.76000000,-38.37927066,-13.70018333,-1.66204581,map,37.56638176,126.97756614,0,-38.34645390,-13.35237238,0.16041607,0.16000410,2.18400465,-0.01219910,-0.03409153,-0.03426929,0.18163656,-0.07310856,-1.66001259,-38.37533403,-13.70745522,-1.66001259
1213,399.02000000,-38.43240709,-14.27047216,-1.66725288,map,37.56637387,126.97756530,0,-38.42798051,-14.22700445,0.02000568,0.02000006,2.18530173,-0.01158567,-0.03312323,-0.03280498,-0.02558787,-0.09537368,-1.66868061,-38.43152233,-14.27314485,-1.66868061
1214,399.26000000,-38.49998706,-14.79549086,-1.67526399,map,37.56636993,126.97756464,0,-38.48579402,-14.66510990,0.06005315,0.06000063,2.18610516,-0.01027685,-0.02925672,-0.02880630,0.01626642,-0.05408485,-1.67632418,-38.48752666,-14.79461605,-1.67632418
1215,399.52000000,-38.54905298,-15.36404721,-1.67963640,map,37.56636598,126.97756427,0,-38.51986795,-15.10274170,0.12022698,0.12000283,2.19166519,-0.00760415,-0.02164978,-0.02088673,-0.00617998,-0.05685653,-1.68275237,-38.55169246,-15.36031183,-1.68275237
1216,399.78000000,-38.60267962,-15.90401085,-1.67415572,map,37.56636230,126.97756381,0,-38.56146530,-15.51097406,0.18054439,0.18000599,2.19771665,-0.00181293,-0.00508221,-0.00345165,0.02876282,-0.00030493,-1.68638940,-38.61801458,-15.92725814,-1.68638940
1217,400.02000000,-38.67620248,-16.46599769,-1.68452231,map,37.56635409,126.97756256,0,-38.67131242,-16.42240259,0.02000574,0.02000007,2.19235051,0.00511427,0.01464133,0.01580616,-0.21770550,0.05246225,-1.68469771,-38.67790842,-16.45037762,-1.68469771
1218,400.26000000,-38.71878346,-16.97720746,-1.67014454,map,37.56635027,126.97756217,0,-38.70625574,-16.84660222,0.06005371,0.06000091,2.18814773,0.01081374,0.03078669,0.03175281,-0.00681647,0.05602511,-1.67892781,-38.73417907,-16.97207019,-1.67892781
1219,400.52000000,-38.77153084,-17.52738583,-1.66033824,map,37.56634649,126.97756164,0,-38.74935818,-17.26704187,0.12022478,0.12000163,2.17395928,0.01821755,0.05185717,0.05319334,-0.02300299,0.12816162,-1.66797002,-38.78869043,-17.53647542,-1.66797002
1220,400.76000000,-38.83272161,-18.05654902,-1.65946691,map,37.56634249,126.97756100,0,-38.80366167,-17.71076072,0.16041305,0.16000290,2.16819444,0.02220636,0.06370261,0.06429632,-0.01118626,0.15559175,-1.65363460,-38.83055157,-18.05559714,-1.65363460
1221,401.02000000,-38.87137524,-18.62207660,-1.64549490,map,37.56633467,126.97756024,0,-38.86857385,-18.57878541,0.02000566,0.02000002,2.16974541,0.02380884,0.06761948,0.06792195,-0.04024722,0.12813220,-1.63645615,-38.86639348,-18.61913065,-1.63645615
1222,401.26000000,-38.88683314,-19.15574456,-1.62993615,map,37.56633065,126.97756008,0,-38.88020049,-19.02566169,0.06005299,0.06000014,2.17491386,0.02072743,0.05900238,0.05723072,0.41168600,0.09224867,-1.62070295,-38.89076176,-19.13939998,-1.62070295
1223,401.52000000,-38.91706281,-19.70826601,-1.61643518,map,37.56632685,126.97755975,0,-38.90627641,-19.44655153,0.12022782,0.12000039,2.18483867,0.01374560,0.03898823,0.03801278,0.09025903,0.06072066,-1.60846080,-38.91099912,-19.70624854,-1.60846080
1224,401.76000000,-38.93458010,-20.25071498,-1.61253200,map,37.56632276,126.97755956,0,-38.92083481,-19.90101553,0.16042124,0.16000106,2.18950668,0.00829527,0.02358705,0.02256935,-0.00267227,0.04449084,-1.60125041,-38.92613129,-20.23092388,-1.60125041
1225,402.02000000,-38.93874283,-20.79587912,-1.60028525,map,37.56631509,126.97755936,0,-38.93755516,-20.75202980,0.02000580,0.02000001,2.19373893,0.00555421,0.01582602,0.01513951,-0.00378649,0.02034496,-1.59641130,-38.94030614,-20.80079936,-1.59641130
1226,402.26000000,-38.94440951,-21.33089157,-1.59062153,map,37.56631107,126.97755928,0,-38.94196516,-21.19902791,0.06005473,0.06000043,2.19657513,0.00306847,0.00869104,0.00826467,0.02863971,-0.00249724,-1.59349717,-38.95190822,-21.32764461,-1.59349717
1227,402.52000000,-38.95710454,-21.88553755,-1.59121740,map,37.56630726,126.97755915,0,-38.95157095,-21.62200734,0.12022969,0.12000051,2.19307290,-0.00536286,-0.01561522,-0.01716692,-0.20437959,-0.09957057,-1.59409768,-38.96491517,-21.89866930,-1.59409768
1228,402.76000000,-38.98776847,-22.42444774,-1.60343477,map,37.56630318,126.97755889,0,-38.97572291,-22.07452130,0.16042188,0.16000050,2.18856935,-0.00845602,-0.02406945,-0.02397461,-0.00103687,-0.05366767,-1.59939819,-38.98036979,-22.42360730,-1.59939819
1229,403.02000000,-38.98994191,-22.98434760,-1.59282945,map,37.56629538,126.97755875,0,-38.98894516,-22.94040030,0.02000583,0.02000000,2.19829114,-0.00161196,-0.00444687,-0.00349568,0.02292383,-0.02982017,-1.60291947,-38.99923891,-22.99390754,-1.60291947
1230,403.26000000,-39.01264068,-23.52361045,-1.60548224,map,37.56629131,126.97755853,0,-39.00799180,-23.39179691,0.06005440,0.06000007,2.19769320,-0.00173034,-0.00487107,-0.00584405,-0.02703637,-0.03635452,-1.60379815,-39.01671691,-23.52123168,-1.60379815
1231,403.52000000,-39.04479166,-24.08652561,-1.61271056,map,37.56628742,126.97755827,0,-39.03346613,-23.82333478,0.12023036,0.12000043,2.19450491,-0.00467995,-0.01338465,-0.01359349,0.01271515,-0.05150230,-1.60630084,-39.03705600,-24.09167152,-1.60630084
1232,403.76000000,-39.07459233,-24.63824099,-1.61894426,map,37.56628324,126.97755802,0,-39.05728300,-24.28788144,0.16042444,0.16000104,2.19311127,-0.00527865,-0.01502668,-0.01508404,-0.00465638,-0.01007130,-1.60999304,-39.05800783,-24.61755529,-1.60999304
1233,404.02000000,-39.07608117,-25.18544944,-1.60619619,map,37.56627554,126.97755783,0,-39.07443442,-25.14158687,0.02000581,0.02000001,2.19461130,-0.00469732,-0.01333366,-0.01367459,0.01801253,-0.00086970,-1.61355284,-39.08266045,-25.18742949,-1.61355284
1234,404.26000000,-39.10121789,-25.71388356,-1.60869561,map,37.56627157,126.97755757,0,-39.09600169,-25.58234911,0.06005448,0.06000050,2.19380739,-0.00464975,-0.01325053,-0.01316140,0.00892697,-0.01960631,-1.61674076,-39.10714110,-25.71351315,-1.61674076
1235,404.52000000,-39.12144074,-26.28149294,-1.61292736,map,37.56626764,126.97755742,0,-39.11000580,-26.01846368,0.12022947,0.12000044,2.19422057,-0.00417682,-0.01188689,-0.01169115,-0.02561856,-0.00279834,-1.62011315,-39.13551552,-26.28322810,-1.62011315
1236,404.76000000,-39.16057236,-26.81202016,-1.61915458,map,37.56626365,126.97755705,0,-39.14328161,-26.46109915,0.16042541,0.16000104,2.19541543,-0.00354064,-0.01009170,-0.01011670,0.16087470,-0.00967889,-1.62263301,-39.16306739,-26.80951015,-1.62263301
1237,405.02000000,-39.19690082,-27.36222299,-1.62785736,map,37.56625593,126.97755651,0,-39.19436570,-27.31834072,0.02000580,0.02000002,2.19785984,-0.00161226,-0.00451179,-0.00432307,0.01819586,0.00533175,-1.62452512,-39.19396325,-27.37990078,-1.62452512
1238,405.26000000,-39.22755391,-27.91070505,-1.62641320,map,37.56625178,126.97755622,0,-39.22016063,-27.77899239,0.06005457,0.06000058,2.19906646,-0.00085202,-0.00242513,-0.00209571,0.01688760,0.01173971,-1.62535947,-39.22283732,-27.90677125,-1.62535947
1239,405.52000000,-39.24791988,-28.48736913,-1.62212845,map,37.56624777,126.97755605,0,-39.23435887,-28.22369093,0.12023051,0.12000061,2.19995326,-0.00005387,-0.00015078,0.00016360,-0.01613908,-0.00729041,-1.62552792,-39.25415934,-28.47787296,-1.62552792
1240,405.76000000,-39.29361693,-29.00781990,-1.62658865,map,37.56624387,126.97755559,0,-39.27401391,-28.65640081,0.16042656,0.16000133,2.19965883,0.00025487,0.00072772,0.00137258,-0.01529938,-0.01700426,-1.62536760,-39.28294876,-29.00505613,-1.62536760
1241,406.02000000,-39.32250189,-29.57246118,-1.62732429,map,37.56623601,126.97755509,0,-39.32001866,-29.52853739,0.02000581,0.02000002,2.19971367,0.00026152,0.00074424,0.00073847,0.00347671,0.01224797,-1.62492350,-39.31383118,-29.57595205,-1.62492350
1242,406.26000000,-39.35078452,-30.10023404,-1.62633534,map,37.56623205,126.97755482,0,-39.34349877,-29.96854170,0.06005455,0.06000058,2.19842201,0.00086295,0.00246692,0.00289724,-0.00417117,-0.01246682,-1.62463739,-39.34223726,-30.10289564,-1.62463739
1243,406.52000000,-39.36840881,-30.68163350,-1.61997282,map,37.56622800,126.97755468,0,-39.35551538,-30.41812660,0.12023021,0.12000055,2.19847126,0.00114061,0.00327711,0.00356350,-0.01463785,0.01114650,-1.62383384,-39.37249180,-30.67369695,-1.62383384
1244,406.76000000,-39.40178871,-31.19560830,-1.61924066,map,37.56622416,126.97755433,0,-39.38485297,-30.84423027,0.16042476,0.16000140,2.19850722,0.00116528,0.00330615,0.00313678,0.01809139,0.01337558,-1.62304190,-39.39997544,-31.20065566,-1.62304190
1245,407.02000000,-39.42109242,-31.77305500,-1.61715460,map,37.56621619,126.97755395,0,-39.41909558,-31.72916440,0.02000581,0.02000001,2.19675170,0.00222550,0.00636335,0.00616497,0.01484027,-0.02091277,-1.62162360,-39.42893562,-31.77111125,-1.62162360
1246,407.26000000,-39.44482179,-32.29703878,-1.61233509,map,37.56621226,126.97755370,0,-39.43946605,-32.16532167,0.06005431,0.06000009,2.19742714,0.00232139,0.00660487,0.00660174,0.02087731,-0.00470014,-1.62004961,-39.45475658,-32.29780727,-1.62004961
1247,407.52000000,-39.48919367,-32.86848200,-1.62129239,map,37.56620830,126.97755327,0,-39.47612242,-32.60527896,0.12022977,0.12000097,2.19556731,0.00362199,0.01031113,0.01085730,-0.01015854,0.05500692,-1.61799011,-39.48160824,-32.86826071,-1.61799011
1248,407.76000000,-39.49535275,-33.40037334,-1.61467776,map,37.56620429,126.97755325,0,-39.48050262,-33.05019512,0.16042285,0.16000076,2.17960495,0.01501136,0.04281381,0.04751655,0.25928269,0.20293380,-1.61256601,-39.50344716,-33.39312828,-1.61256601
1249,408.02000000,-39.51429948,-33.94765614,-1.60061816,map,37.56619659,126.97755280,0,-39.51353577,-33.90440922,0.02000563,0.02000000,2.16209235,0.02832371,0.08060309,0.08165418,-0.00875290,0.19496261,-1.59431393,-39.51572592,-33.95585081,-1.59431393
1250,408.26000000,-39.51441888,-34.47906923,-1.58381481,map,37.56619258,126.97755277,0,-39.51426957,-34.34986198,0.06005222,0.06000000,2.14867680,0.03244305,0.09249951,0.09447349,0.05328648,0.24555824,-1.57368302,-39.51536127,-34.47368625,-1.57368302
1251,408.52000000,-39.51740263,-35.04875072,-1.56280802,map,37.56618861,126.97755264,0,-39.52249161,-34.79083352,0.12022116,0.12000009,2.15145469,0.04378238,0.12454124,0.12620959,-2.28658747,0.22454852,-1.54523663,-39.49929341,-35.03277566,-1.54523663
1252,408.76000000,-39.48724112,-35.54945895,-1.53407938,map,37.56618484,126.97755280,0,-39.50401185,-35.20886216,0.16039951,0.16000141,2.12351848,0.05721492,0.16374532,0.16418772,-0.30055447,0.34073293,-1.50939335,-39.46480957,-35.54342320,-1.50939335
1253,409.02000000,-39.40340829,-36.07678673,-1.47561110,map,37.56617739,126.97755370,0,-39.40855050,-36.03465992,0.02000536,0.02000008,2.12116851,0.05970043,0.16882375,0.16798807,-0.10347342,0.30017666,-1.46575413,-39.40352360,-36.09174730,-1.46575413
1254,409.26000000,-39.32801928,-36.59400475,-1.44566153,map,37.56617348,126.97755430,0,-39.34685235,-36.46784721,0.06004983,0.06000111,2.12667906,0.05981086,0.17016231,0.17025493,0.54583024,0.38710434,-1.42497689,-39.32525192,-36.59631591,-1.42497689
1255,409.52000000,-39.24024454,-37.14163601,-1.41041107,map,37.56616966,126.97755494,0,-39.28541176,-36.89105366,0.12020884,0.12000681,2.12409179,0.05973404,0.17002785,0.17062659,0.17191876,0.32388981,-1.38080009,-39.21751969,-37.13787943,-1.38080009
1256,409.76000000,-39.11957046,-37.63886620,-1.37166676,map,37.56616591,126.97755594,0,-39.19166781,-37.30646768,0.16038065,0.16001841,2.13448515,0.06006815,0.17072768,0.17011691,-0.37874129,0.39470892,-1.33997628,-39.09675533,-37.63377500,-1.33997628
1257,410.02000000,-38.94856341,-38.15964480,-1.31397389,map,37.56615855,126.97755837,0,-38.96042110,-38.11901784,0.02000497,0.02000042,2.11553834,0.06137693,0.17459561,0.17476360,-0.02399891,0.38616664,-1.29505340,-38.94298602,-38.16430870,-1.29505340
1258,410.26000000,-38.79027995,-38.65296556,-1.28034750,map,37.56615481,126.97755975,0,-38.82959796,-38.53218338,0.06004593,0.06000526,2.11568868,0.06262161,0.17813515,0.17905796,0.17891094,0.38262825,-1.25267187,-38.77993978,-38.64585465,-1.25267187
1259,410.52000000,-38.58387094,-39.16673277,-1.22996470,map,37.56615122,126.97756144,0,-38.67389495,-38.92828883,0.12018847,0.12002693,2.11640394,0.06886413,0.19590276,0.19688109,-0.12553655,0.41432169,-1.20400390,-38.57844506,-39.16011077,-1.20400390
1260,410.76000000,-38.38356869,-39.65143712,-1.18403854,map,37.56614747,126.97756313,0,-38.51583511,-39.34233605,0.16032987,0.16006062,2.10147910,0.07297063,0.20754198,0.20751554,-0.04996299,0.42145206,-1.15525543,-38.37026773,-39.61986751,-1.15525543
1261,411.02000000,-38.12251526,-40.10319652,-1.12672133,map,37.56614089,126.97756719,0,-38.14191546,-40.06573574,0.02000423,0.02000113,2.11293911,0.07599581,0.21585854,0.21661347,-0.02148977,0.44383998,-1.09991946,-38.11759314,-40.10640664,-1.09991946
1262,411.26000000,-37.85895744,-40.54233930,-1.06723165,map,37.56613752,126.97756954,0,-37.92291435,-40.43413897,0.06003662,0.06001280,2.09260546,0.07789521,0.22152731,0.22292809,0.03771909,0.52072222,-1.04747241,-37.86096544,-40.54044630,-1.04747241
1263,411.52000000,-37.56749642,-41.00604740,-1.01688786,map,37.56613421,126.97757189,0,-37.70520744,-40.79610248,0.12014650,0.12006316,2.09318817,0.08799034,0.25023581,0.24711289,-0.01244481,0.54757940,-0.98580847,-37.55648749,-40.99121069,-0.98580847
1264,411.78000000,-37.23511647,-41.42968838,-0.95343073,map,37.56613118,126.97757459,0,-37.45909516,-41.12771838,0.18031963,0.18017689,2.07128029,0.09639441,0.27406978,0.27527607,-0.20897298,0.57297185,-0.91692861,-37.22193697,-41.41871412,-0.91692861
1265,412.06000000,-36.84659565,-41.85064616,-0.87592565,map,37.56612536,126.97758034,0,-36.92981879,-41.75873257,0.06002643,0.06002168,2.06763689,0.10430903,0.29655077,0.29927540,-0.04887051,0.66576123,-0.83689895,-36.83115530,-41.84464051,-0.83689895
1266,412.32000000,-36.45448066,-42.23409371,-0.80723045,map,37.56612256,126.97758361,0,-36.63195806,-42.06136284,0.12009911,0.12010490,2.06183288,0.11637102,0.32851629,0.33206076,-1.47190621,0.62791080,-0.75619226,-36.43520475,-42.20852649,-0.75619226
1267,412.58000000,-36.03290867,-42.56190179,-0.71829520,map,37.56612008,126.97758709,0,-36.31615670,-42.32784083,0.18019240,0.18028327,2.03280172,0.12049207,0.34266155,0.34404777,0.12159190,0.67426655,-0.66789378,-36.01311633,-42.53166956,-0.66789378
1268,412.86000000,-35.52728546,-42.83883409,-0.60713436,map,37.56611584,126.97759458,0,-35.63219264,-42.77329147,0.06001341,0.06003438,2.04692447,0.12261496,0.34073076,0.32979110,-2.45377371,0.81260509,-0.57023753,-35.52659163,-42.83546635,-0.57023753
1269,413.12000000,-35.05123243,-43.09103406,-0.52108973,map,37.56611386,126.97759860,0,-35.26749390,-42.97851287,0.12004213,0.12015527,2.02388337,0.12914384,0.36807216,0.36700384,-0.38702187,0.77460287,-0.47685823,-35.05218121,-43.07125046,-0.47685823
1270,413.38000000,-34.58089816,-43.30538963,-0.44202082,map,37.56611211,126.97760249,0,-34.91574926,-43.15938032,0.18007447,0.18039473,2.03902012,0.13254982,0.37672911,0.37688684,-0.26691213,0.76091608,-0.38003390,-34.55921512,-43.25871045,-0.38003390
1271,413.62000000,-34.07979556,-43.40740448,-0.33886981,map,37.56610973,126.97761137,0,-34.11882965,-43.39629623,0.02000079,0.02000502,2.02169208,0.13249172,0.37648854,0.37655285,-0.06234648,0.79426591,-0.28972174,-34.08831972,-43.38849984,-0.28972174
1272,413.88000000,-33.56507188,-43.50682395,-0.24194782,map,37.56610883,126.97761577,0,-33.72406468,-43.47596605,0.08000303,0.08008058,2.01953936,0.13181632,0.37880658,0.37492434,-0.08495894,0.74967419,-0.19128153,-33.57002949,-43.47962572,-0.19128153
1273,414.16000000,-33.02195197,-43.55906138,-0.14379477,map,37.56610826,126.97761999,0,-33.34713075,-43.52319347,0.16000436,0.16036555,2.03611354,0.12639958,0.35923684,0.35641011,-0.00829978,0.68051806,-0.08800766,-33.00141379,-43.52221570,-0.08800766
1274,414.42000000,-32.47483289,-43.51097309,-0.03996352,map,37.56610809,126.97762935,0,-32.51649981,-43.51114316,0.02000000,0.02000525,2.08608526,0.09537412,0.27121434,0.25843444,0.63386828,0.33886329,-0.00418692,-32.46705150,-43.51579833,-0.00418692
1275,414.66000000,-31.96777000,-43.51102289,0.00192022,map,37.56610796,126.97763408,0,-32.09771971,-43.51281918,0.06000001,0.06005290,2.17166611,0.02504737,0.07121525,0.06198819,0.17705817,-0.06435838,0.03159829,-31.95350475,-43.49388030,0.03159829
1276,414.88000000,-31.46223888,-43.48839970,0.00867333,map,37.56610813,126.97763928,0,-31.63803032,-43.49032107,0.08000001,0.08009875,2.19572638,0.00432735,0.01229431,0.00984146,-0.18657560,-0.00248458,0.03791826,-31.47253994,-43.47448889,0.03791826
1277,415.12000000,-30.94018828,-43.45965830,0.02461818,map,37.56610835,126.97764420,0,-31.20355203,-43.46605742,0.12000014,0.12023070,2.19728546,-0.00247599,-0.00705013,-0.00772826,-0.00805843,-0.03548011,0.03776152,-30.94609666,-43.45441943,0.03776152
1278,415.36000000,-30.42958083,-43.42829832,0.03399408,map,37.56610856,126.97764900,0,-30.77985870,-43.43984912,0.16000046,0.16042424,2.18846077,-0.00697718,-0.01986458,-0.02096011,-0.05060470,-0.08091277,0.03460071,-30.42040978,-43.43635960,0.03460071
1279,415.62000000,-29.86700323,-43.41945171,0.02505103,map,37.56610872,126.97765884,0,-29.91074869,-43.42037445,0.02000000,0.02000578,2.18739596,-0.00922111,-0.02625251,-0.02559140,-0.01845545,-0.03547812,0.02783202,-29.85172181,-43.42095348,0.02783202
1280,415.86000000,-29.34341167,-43.41658007,0.01876216,map,37.56610875,126.97766377,0,-29.47509212,-43.41884184,0.06000002,0.06005430,2.19871767,-0.00380806,-0.01083895,-0.01022911,-0.02172308,0.00313074,0.02362459,-29.32525072,-43.40907916,0.02362459
1281,416.08000000,-28.84264134,-43.41354059,0.01286288,map,37.56610879,126.97766894,0,-29.01816417,-43.41556203,0.08000001,0.08009844,2.19419005,-0.00418518,-0.01192468,-0.01214881,0.01065578,-0.03432822,0.02136736,-28.84232769,-43.39898539,0.02136736
1282,416.32000000,-28.33502778,-43.38302560,0.02055468,map,37.56610905,126.97767369,0,-28.59844461,-43.38812579,0.12000009,0.12023078,2.19579759,-0.00380212,-0.01082617,-0.01037483,0.00183678,-0.04688732,0.01848769,-28.31568589,-43.38953616,0.01848769
1283,416.56000000,-27.79786028,-43.35441643,0.03145989,map,37.56610924,126.97767879,0,-28.14790884,-43.36493209,0.16000038,0.16042361,2.18110733,-0.01397381,-0.03978046,-0.04544029,-0.16135566,-0.22169363,0.01355794,-27.79028524,-43.38250079,0.01355794
1284,416.82000000,-27.21128584,-43.37031375,-0.00152952,map,37.56610924,126.97768890,0,-27.25449584,-43.36973233,0.02000000,0.02000564,2.16754515,-0.02748442,-0.07823146,-0.07873557,0.66673339,-0.19800083,-0.00400544,-27.22700685,-43.38566610,-0.00400544
1285,417.06000000,-26.69010663,-43.40732608,-0.01475798,map,37.56610896,126.97769382,0,-26.81980664,-43.40400134,0.06000004,0.06005268,2.16250514,-0.02859328,-0.08132501,-0.08041408,0.01350652,-0.15867649,-0.02355667,-26.70808172,-43.39974366,-0.02355667
1286,417.32000000,-26.14331982,-43.42644686,-0.04152864,map,37.56610889,126.97769853,0,-26.40379233,-43.41378545,0.12000054,0.12022571,2.17563402,-0.02262111,-0.06439275,-0.06308615,-0.10695874,-0.11627367,-0.04228206,-26.14460281,-43.42519488,-0.04228206
1287,417.56000000,-25.62692284,-43.44361575,-0.04408169,map,37.56610882,126.97770339,0,-25.97512440,-43.42670608,0.16000100,0.16041927,2.17985553,-0.01737066,-0.04929291,-0.04826069,-0.02871613,-0.10470298,-0.05545432,-25.62277835,-43.45556033,-0.05545432
1288,417.82000000,-25.06382711,-43.48104162,-0.05405996,map,37.56610836,126.97771321,0,-25.10761930,-43.47848956,0.02000002,0.02000579,2.19081110,-0.00935299,-0.02652455,-0.02432951,0.38640245,-0.01831173,-0.06519557,-25.05632205,-43.49356730,-0.06519557
1289,418.06000000,-24.51836349,-43.51789478,-0.05997975,map,37.56610809,126.97771839,0,-24.64990256,-43.51002446,0.06000019,0.06005418,2.19599580,0.00246934,0.00705375,0.00907352,-0.09623375,0.08210738,-0.06717770,-24.53079865,-43.52949404,-0.06717770
1290,418.32000000,-23.95971076,-43.56209615,-0.06257642,map,37.56610777,126.97772323,0,-24.22234113,-43.54610248,0.12000085,0.12022941,2.19302237,0.00609539,0.01714354,0.01682713,0.01583243,0.05618967,-0.06304237,-23.96163956,-43.56520634,-0.06304237
1291,418.56000000,-23.42466075,-43.60108841,-0.06535860,map,37.56610748,126.97772829,0,-23.77494884,-43.57858584,0.16000175,0.16042429,2.19389974,0.00481379,0.01372265,0.01328797,-0.01676543,0.03060170,-0.05945264,-23.43611814,-43.59611400,-0.05945264
1292,418.82000000,-22.86708407,-43.63425272,-0.06081818,map,37.56610700,126.97773807,0,-22.91088720,-43.63166557,0.02000002,0.02000580,2.19459974,0.00466830,0.01325086,0.01267948,0.03279878,-0.01214233,-0.05597484,-22.86647573,-43.62778464,-0.05597484
1293,419.06000000,-22.33705836,-43.68402560,-0.07089716,map,37.56610662,126.97774309,0,-22.46786679,-43.67445338,0.06000029,0.06005358,2.18537348,-0.00814018,-0.02317433,-0.02616188,-0.21718056,-0.12076531,-0.05679199,-22.34177059,-43.65724008,-0.05679199
1294,419.32000000,-21.77671618,-43.68102304,-0.06260265,map,37.56610674,126.97774796,0,-22.03790916,-43.66369690,0.12000100,0.12022690,2.18195990,-0.01292026,-0.03678136,-0.03640383,0.27420721,-0.05234603,-0.06571785,-21.77552235,-43.69501991,-0.06571785
1295,419.56000000,-21.26339647,-43.73267477,-0.06123809,map,37.56610630,126.97775277,0,-21.61223065,-43.71027805,0.16000174,0.16042081,2.18659514,-0.01184382,-0.03368013,-0.03390024,-0.01707710,-0.06980685,-0.07413620,-21.25275871,-43.73469039,-0.07413620
1296,419.82000000,-20.68843118,-43.80147318,-0.08832615,map,37.56610556,126.97776274,0,-20.73197474,-43.79741306,0.02000005,0.02000571,2.18693103,-0.01079972,-0.03084895,-0.02979365,-0.02434457,-0.06289364,-0.08263998,-20.68629170,-43.78224562,-0.08263998
1297,420.06000000,-20.16080202,-43.83220313,-0.08868573,map,37.56610537,126.97776773,0,-20.29145188,-43.82008627,0.06000046,0.06005340,2.18734677,-0.01021300,-0.02893793,-0.02898973,0.02065536,-0.07907501,-0.08945585,-20.16352315,-43.82978937,-0.08945585
1298,420.32000000,-19.59343235,-43.86948468,-0.08070956,map,37.56610512,126.97777267,0,-19.85521224,-43.84762553,0.12000159,0.12022784,2.19007744,-0.00855196,-0.02449356,-0.02451482,0.00826549,-0.02311869,-0.09639381,-19.59710579,-43.88510959,-0.09639381
1299,420.56000000,-19.07768766,-43.93323845,-0.09140790,map,37.56610463,126.97777752,0,-19.42654679,-43.90062758,0.16000407,0.16041912,2.19108830,-0.00656958,-0.01860758,-0.01793226,0.02901047,-0.07881578,-0.10161325,-19.07427269,-43.93897584,-0.10161325
1300,420.82000000,-18.49511539,-44.00878442,-0.10699708,map,37.56610374,126.97778757,0,-18.53871187,-44.00399038,0.02000007,0.02000572,2.19257455,-0.00595302,-0.01699077,-0.01714953,0.19642001,-0.04788285,-0.10629063,-18.50749266,-43.99981762,-0.10629063
1301,421.06000000,-17.97908526,-44.04233435,-0.10311315,map,37.56610353,126.97779243,0,-18.10991306,-44.02850870,0.06000060,0.06005352,2.19252250,-0.00563329,-0.01599389,-0.01543630,0.00528954,0.02165590,-0.11027631,-17.98447246,-44.05810357,-0.11027631
1302,421.32000000,-17.40505266,-44.12261089,-0.10581580,map,37.56610292,126.97779744,0,-17.66706484,-44.09449354,0.12000263,0.12022821,2.19587800,-0.00327926,-0.00929585,-0.00860392,0.01938219,0.01264559,-0.11330921,-17.41746850,-44.12292675,-0.11330921
1303,421.56000000,-16.90537041,-44.18072368,-0.11736923,map,37.56610252,126.97780211,0,-17.25420565,-44.13934678,0.16000592,0.16042068,2.19508236,-0.00309017,-0.00883352,-0.00831244,0.04828852,0.00685536,-0.11542018,-16.89401572,-44.18379228,-0.11542018
1304,421.82000000,-16.34213852,-44.25377686,-0.12024397,map,37.56610157,126.97781194,0,-16.38578475,-44.24847424,0.02000009,0.02000574,2.19995331,-0.00120572,-0.00340532,-0.00264030,-0.01611463,0.00846304,-0.11702522,-16.32666583,-44.25067945,-0.11702522
1305,422.06000000,-15.80479194,-44.32646224,-0.12389535,map,37.56610102,126.97781704,0,-15.93559488,-44.31007834,0.06000084,0.06005352,2.19636248,-0.00179576,-0.00514088,-0.00486058,-0.01101138,0.01859591,-0.11813846,-15.80301340,-44.31289219,-0.11813846
1306,422.32000000,-15.22590848,-44.37734995,-0.11813498,map,37.56610070,126.97782211,0,-15.48777879,-44.34614982,0.12000324,0.12022799,2.19732922,-0.00193707,-0.00555369,-0.00538440,0.02915188,-0.01070968,-0.11930033,-15.23560982,-44.38097229,-0.11930033
1307,422.56000000,-14.71089303,-44.44256739,-0.11424458,map,37.56610018,126.97782695,0,-15.06038047,-44.40235393,0.16000559,0.16042229,2.19860448,-0.00122943,-0.00352685,-0.00338061,0.01024151,-0.00969234,-0.12027185,-14.71175768,-44.44439123,-0.12027185
1308,422.82000000,-14.14690263,-44.50955878,-0.11923763,map,37.56609926,126.97783679,0,-14.19052696,-44.50429585,0.02000049,0.02000615,2.19713699,-0.00211274,-0.00602288,-0.00615894,-0.00270519,0.00143918,-0.12147515,-14.14453052,-44.51367566,-0.12147515
1309,423.06000000,-13.62377932,-44.56849744,-0.11720027,map,37.56609883,126.97784173,0,-13.75461984,-44.55293924,0.06000076,0.06005340,2.19677915,-0.00292680,-0.00829029,-0.00801495,0.02871712,0.00202878,-0.12324853,-13.62134248,-44.57861882,-0.12324853
1310,423.32000000,-13.05974382,-44.65537114,-0.12615047,map,37.56609820,126.97784663,0,-13.32127225,-44.62201494,0.12000408,0.12022659,2.19702134,-0.00236681,-0.00672773,-0.00643743,-0.03294397,-0.00929787,-0.12509129,-13.05458339,-44.65003091,-0.12509129
1311,423.56000000,-12.52686123,-44.71737375,-0.13020382,map,37.56609777,126.97785168,0,-12.87538450,-44.67154903,0.16000761,0.16041706,2.19724595,-0.00233561,-0.00659762,-0.00670949,-0.01030464,-0.01658859,-0.12667772,-12.53154012,-44.71680106,-0.12667772
1312,423.82000000,-11.96672159,-44.78744990,-0.12601759,map,37.56609677,126.97786147,0,-12.01038258,-44.78191032,0.02000050,0.02000615,2.20058816,-0.00053666,-0.00152565,-0.00128230,-0.02043918,0.00391354,-0.12766292,-11.96453365,-44.78971571,-0.12766292
1313,424.06000000,-11.45366291,-44.86011392,-0.13041298,map,37.56609622,126.97786629,0,-11.58427717,-44.84309689,0.06000090,0.06005318,2.19549265,0.00292826,0.00833799,0.00872216,0.02758767,0.04954366,-0.12650733,-11.44174507,-44.85623957,-0.12650733
1314,424.32000000,-10.88710132,-44.92872108,-0.12833227,map,37.56609576,126.97787123,0,-11.14838313,-44.89525536,0.12000372,0.12022670,2.19545719,0.00349826,0.01009329,0.01044962,-0.00011655,0.00827204,-0.12401754,-10.87530252,-44.92669938,-0.12401754
1315,424.56000000,-10.36174009,-44.99651174,-0.12443234,map,37.56609523,126.97787619,0,-10.71009073,-44.95332321,0.16000644,0.16041937,2.19430355,0.00549732,0.01513530,0.01453294,-0.01098134,-0.01292655,-0.12079476,-10.35248126,-44.98991636,-0.12079476
1316,424.82000000,-9.79230215,-45.07399895,-0.12148839,map,37.56609416,126.97788608,0,-9.83579266,-45.06883005,0.02000008,0.02000570,2.19090584,0.00722676,0.02066638,0.02049715,0.03091186,0.02886979,-0.11620456,-9.78644540,-45.05575846,-0.11620456
1317,425.06000000,-9.26361403,-45.10715677,-0.11831323,map,37.56609396,126.97789108,0,-9.39417311,-45.09201826,0.06000072,0.06005332,2.19015929,0.00758791,0.02166433,0.02153631,-0.02848924,0.01588547,-0.11107249,-9.26390499,-45.11359125,-0.11107249
1318,425.32000000,-8.69654877,-45.18625934,-0.10758811,map,37.56609336,126.97789602,0,-8.95801381,-45.15853723,0.12000255,0.12022729,2.19120799,0.00700508,0.01994433,0.02023790,-0.03773712,0.01640376,-0.10581346,-8.69732821,-45.17336211,-0.10581346
1319,425.56000000,-8.16989311,-45.21435062,-0.10148831,map,37.56609315,126.97790099,0,-8.51873973,-45.17938600,0.16000461,0.16041909,2.19185820,0.00695577,0.01988502,0.01963735,-0.01835898,0.05274654,-0.10102910,-8.17408677,-45.22597074,-0.10102910
1320,425.82000000,-7.60367457,-45.26701666,-0.09786193,map,37.56609238,126.97791085,0,-7.64727596,-45.26289089,0.02000005,0.02000574,2.18973610,0.00803227,0.02272382,0.02240242,-0.01123235,0.04591190,-0.09538961,-7.60711448,-45.27984551,-0.09538961
1321,426.06000000,-7.08912723,-45.32809989,-0.08767931,map,37.56609189,126.97791568,0,-7.22010716,-45.31692875,0.06000039,0.06005370,2.19143970,0.00718541,0.02056316,0.02060257,0.03832704,0.03968320,-0.09014073,-7.08359086,-45.32665081,-0.09014073
1322,426.32000000,-6.51799343,-45.38638562,-0.09555191,map,37.56609146,126.97792067,0,-6.77981545,-45.36182636,0.12000201,0.12022797,2.19216048,0.00704477,0.01971372,0.01967880,-0.16000625,0.00902074,-0.08494340,-6.51577776,-45.37461645,-0.08494340
1323,426.56000000,-5.98427020,-45.40732050,-0.08129268,map,37.56609132,126.97792572,0,-6.33352913,-45.37944054,0.16000268,0.16042175,2.18861778,0.00772451,0.02207713,0.02227870,-0.00655337,0.03749311,-0.07999587,-5.99181683,-45.41619223,-0.07999587
1324,426.82000000,-5.42506580,-45.46260523,-0.07997989,map,37.56609055,126.97793550,0,-5.46869958,-45.45927822,0.02000003,0.02000573,2.18784707,0.00915680,0.02604692,0.02618967,0.18556644,0.06717155,-0.07350306,-5.42433794,-45.45756725,-0.07350306
1325,427.06000000,-4.89536713,-45.50119464,-0.07872874,map,37.56609028,126.97794051,0,-5.02622033,-45.49139203,0.06000071,0.06005387,2.18673874,0.01063737,0.03028469,0.03022839,-0.20541233,0.08839517,-0.06679810,-4.90042000,-45.49204278,-0.06679810
1326,427.32000000,-4.34492984,-45.51587290,-0.05975959,map,37.56609019,126.97794526,0,-4.60695051,-45.50101698,0.12000115,0.12022703,2.18656943,0.01123619,0.03198934,0.03151610,-0.01145166,0.07864358,-0.05883373,-4.33291010,-45.52493677,-0.05883373
1327,427.56000000,-3.81985994,-45.55175849,-0.05129398,map,37.56608985,126.97795021,0,-4.16914282,-45.53475913,0.16000140,0.16041861,2.18414635,0.01229086,0.03499651,0.03560847,0.02420649,0.06495029,-0.05083469,-3.80902209,-45.55087070,-0.05083469
1328,427.82000000,-3.24617347,-45.58826829,-0.05520742,map,37.56608938,126.97796016,0,-3.28981225,-45.58611200,0.02000002,0.02000574,2.18356731,0.01346376,0.03841367,0.03890075,-0.01730983,0.09625929,-0.04130929,-3.24184540,-45.57368081,-0.04130929
1329,428.06000000,-2.72811716,-45.59940790,-0.04096561,map,37.56608929,126.97796504,0,-2.85911254,-45.59471263,0.06000007,0.06005371,2.18416001,0.01389121,0.03934912,0.03909683,-0.24793334,0.09285755,-0.03190895,-2.71802651,-45.58952359,-0.03190895
1330,428.32000000,-2.15012742,-45.61177007,-0.02748702,map,37.56608917,126.97797009,0,-2.41217668,-45.60557588,0.12000013,0.12022835,2.18321228,0.01311314,0.03734849,0.03737744,-0.01238620,0.05967124,-0.02181931,-2.15057944,-45.60114957,-0.02181931
1331,428.56000000,-1.61285771,-45.58850765,-0.00750076,map,37.56608931,126.97797519,0,-1.96224011,-45.58694196,0.16000001,0.16042206,2.18328781,0.01370857,0.03900351,0.03904501,0.01042521,0.09846072,-0.01271014,-1.62653816,-45.60698806,-0.01271014
1332,428.82000000,-1.06753151,-45.59913226,-0.01036310,map,37.56608917,126.97798482,0,-1.11118924,-45.59896411,0.02000000,0.02000576,2.18279762,0.01515882,0.04315456,0.04401649,-0.20849625,0.08748666,-0.00224299,-1.05892572,-45.60756007,-0.00224299
1333,429.06000000,-0.53429745,-45.62371349,0.00148102,map,37.56608892,126.97798988,0,-0.66445846,-45.62512564,0.06000001,0.06005305,2.16689376,0.02675147,0.07614367,0.07838255,-0.15563926,0.21672753,0.01222277,-0.53854192,-45.60021435,0.01222277
1334,429.32000000,0.03107175,-45.57865462,0.02255403,map,37.56608923,126.97799482,0,-0.22793478,-45.58694027,0.12000023,0.12022311,2.15810836,0.03379362,0.09631306,0.09815674,0.01758531,0.21297181,0.03535531,0.02285522,-45.57884350,0.03535531
1335,429.56000000,0.53161147,-45.55336886,0.05624015,map,37.56608930,126.97799954,0,0.18959142,-45.57584564,0.16000177,0.16040437,2.13807780,0.04588940,0.13095970,0.13521498,0.02004470,0.33952261,0.06232304,0.53663101,-45.54454386,0.06232304
1336,429.82000000,1.09227424,-45.49005317,0.08593067,map,37.56608992,126.97800929,0,1.04982269,-45.49480902,0.02000007,0.02000544,2.13507125,0.05833053,0.16594079,0.16686327,-0.15970453,0.38857081,0.10280291,1.08782529,-45.48484566,0.10280291
1337,430.06000000,1.59442649,-45.40907719,0.12821573,map,37.56609046,126.97801404,0,1.46921779,-45.42840738,0.06000158,0.06004942,2.10387767,0.06531104,0.18576206,0.18770222,0.02501217,0.42745954,0.14490526,1.59121409,-45.40734744,0.14490526
1338,430.32000000,2.12327808,-45.29239629,0.18414532,map,37.56609113,126.97801867,0,1.87694433,-45.34431562,0.12000935,0.12020071,2.08775528,0.08370361,0.23803088,0.24372819,0.10764232,0.61097524,0.19996791,2.12503115,-45.29522513,0.19996791
1339,430.56000000,2.62214111,-45.17596590,0.23634962,map,37.56609177,126.97802348,0,2.29963711,-45.26196827,0.16002603,0.16035681,2.08055284,0.10696133,0.30414520,0.30914764,-0.10277199,0.80941179,0.26600155,2.60639500,-45.15751487,0.26600155
1340,430.82000000,3.09383054,-44.98402362,0.31563957,map,37.56609393,126.97803212,0,3.05626967,-44.99892558,0.02000109,0.02000467,2.01572131,0.13405156,0.38445304,0.38788051,-0.20602421,0.78568866,0.35642801,3.09714913,-44.96699572,0.35642801
1341,431.06000000,3.55155064,-44.73650721,0.41208156,map,37.56609564,126.97803657,0,3.44347088,-44.79187653,0.06000958,0.06003646,2.01625486,0.15041666,0.42705800,0.42480741,-1.54577688,0.22875949,0.45545384,3.52694663,-44.74431698,0.45545384
1342,431.36000000,4.02825964,-44.42312526,0.54219396,map,37.56609721,126.97804025,0,3.76025283,-44.60017591,0.16010867,0.16024757,1.99223393,0.15297941,0.43458107,0.43480648,-0.02419498,0.87332841,0.58655367,4.02670182,-44.40378842,0.58655367
1343,431.62000000,4.42657385,-44.05601630,0.64824631,map,37.56610157,126.97804768,0,4.39630519,-44.08257809,0.02000254,0.02000316,2.01179115,0.15397261,0.43747904,0.43866440,1.13817712,0.98695334,0.69970584,4.41809797,-44.06020964,0.69970584
1344,431.88000000,4.78963508,-43.67881634,0.75383090,map,37.56610402,126.97805100,0,4.67809051,-43.79660339,0.08004420,0.08003960,2.02317957,0.14935015,0.42386406,0.42122327,-0.22495793,0.80685171,0.80984993,4.77362772,-43.67101769,0.80984993
1345,432.16000000,5.13471979,-43.23102407,0.86150179,map,37.56610671,126.97805403,0,4.93263988,-43.48448805,0.16022240,0.16014076,2.03617103,0.12952163,0.36832465,0.36541009,-0.22950586,0.75356591,0.91933045,5.11016511,-43.21515602,0.91933045
1346,432.42000000,5.39786840,-42.76814552,0.95651589,map,37.56611267,126.97805933,0,5.37611707,-42.80264906,0.02000360,0.02000143,2.05414423,0.11215573,0.31864427,0.31893880,2.07997743,0.78460451,1.00840876,5.38758500,-42.75865470,1.00840876
1347,432.66000000,5.62932484,-42.32234235,1.03525560,map,37.56611594,126.97806168,0,5.57076213,-42.43124614,0.06003716,0.06001074,2.05964101,0.10445237,0.29694027,0.29581303,-0.05034944,0.58845909,1.08212028,5.61239471,-42.31818764,1.08212028
1348,432.92000000,5.83692433,-41.81538489,1.11944245,map,37.56611937,126.97806369,0,5.73589520,-42.04221533,0.12017128,0.12003388,2.07213415,0.10490090,0.29831972,0.29868958,-0.30507291,0.62142699,1.15877362,5.82145680,-41.82327183,1.15877362
1349,433.16000000,6.00691216,-41.33970892,1.19186667,map,37.56612285,126.97806562,0,5.89288048,-41.65002373,0.16033328,0.16004476,2.06083207,0.10315134,0.29324517,0.29211411,0.02420336,0.61494790,1.22997335,5.97998653,-41.35295505,1.22997335
1350,433.42000000,6.11980289,-40.84638988,1.26537455,map,37.56612964,126.97806835,0,6.10890964,-40.88666867,0.02000530,0.02000077,2.08669421,0.09116000,0.25923269,0.25254686,0.05842743,0.40308050,1.30241863,6.11680180,-40.83014265,1.30241863
1351,433.66000000,6.21228593,-40.32560122,1.32742874,map,37.56613355,126.97806933,0,6.18512488,-40.44940862,0.06004811,0.06000271,2.11392892,0.06708393,0.19082010,0.18443404,-0.11090074,0.25986891,1.35518826,6.21903489,-40.33495768,1.35518826
1352,433.92000000,6.31913584,-39.77180457,1.37267587,map,37.56613736,126.97807043,0,6.27267821,-40.02381489,0.12021045,0.12000714,2.14193084,0.04865824,0.13845672,0.13604877,0.14351319,0.26796728,1.39610249,6.31142881,-39.78914913,1.39610249
1353,434.16000000,6.38264256,-39.27538350,1.39991995,map,37.56614103,126.97807113,0,6.32712696,-39.61570945,0.16040020,0.16001062,2.16513633,0.03000023,0.08525866,0.08034732,0.15833170,0.04705668,1.42249282,6.38476672,-39.27715637,1.42249282
1354,434.42000000,6.47404535,-38.72116050,1.40874556,map,37.56614869,126.97807279,0,6.46713837,-38.76439399,0.02000563,0.02000014,2.18970394,0.00811796,0.02297085,0.02083938,0.05596006,0.01175399,1.43466135,6.46001052,-38.71559423,1.43466135
1355,434.66000000,6.53338313,-38.18651998,1.42335461,map,37.56615272,126.97807332,0,6.51414113,-38.31699281,0.06005325,0.06000116,2.19813237,0.00170484,0.00485379,0.00273782,0.02854138,-0.01850526,1.43749631,6.52962777,-38.19314438,1.43749631
1356,434.92000000,6.60319400,-37.63644381,1.43392592,map,37.56615650,126.97807395,0,6.56698551,-37.89719387,0.12022604,0.12000436,2.19283802,-0.00495358,-0.01422157,-0.01418912,-0.02222129,-0.05091331,1.43534210,6.60656576,-37.62807702,1.43534210
1357,435.16000000,6.68441609,-37.09702902,1.43071098,map,37.56616057,126.97807475,0,6.63515988,-37.44505562,0.16041881,0.16000838,2.18136806,0.00837135,0.02383135,0.03430406,1.50776603,0.25203785,1.43498608,6.67832381,-37.10654031,1.43498608
1358,435.42000000,6.75023482,-36.54743082,1.44740999,map,37.56616827,126.97807604,0,6.74625964,-36.58940761,0.02000574,0.02000046,2.10611615,0.06610954,0.18890665,0.19278211,0.08976751,0.50817348,1.46727554,6.73549032,-36.55317824,1.46727554
1359,435.68000000,6.76575717,-36.01319520,1.50476755,map,37.56617193,126.97807628,0,6.75899625,-36.18223292,0.08009107,0.08000015,2.11996445,0.07254064,0.20636277,0.20589985,0.46078825,0.43897896,1.52028252,6.75897151,-36.00472066,1.52028252
1360,435.92000000,6.77017105,-35.48461383,1.55075860,map,37.56617594,126.97807653,0,6.77071722,-35.73722870,0.12021211,0.12000000,2.10755087,0.07442509,0.21169396,0.21216495,-0.26320586,0.43914716,1.57000504,6.75433081,-35.49980641,1.57000504
1361,436.16000000,6.73570126,-34.98455720,1.59775122,map,37.56617967,126.97807641,0,6.75108596,-35.32209334,0.16039243,0.16000126,2.10860963,0.07394047,0.20987026,0.20859734,0.03987408,0.39871221,1.62127371,6.72350053,-34.99493061,1.62127371
1362,436.42000000,6.66658031,-34.44806429,1.64627919,map,37.56618717,126.97807569,0,6.67066168,-34.49053027,0.02000543,0.02000005,2.14614174,0.04484567,0.12761370,0.12055021,0.65884859,0.11911204,1.66570642,6.66630829,-34.44368665,1.66570642
1363,436.66000000,6.60876050,-33.91301339,1.67049516,map,37.56619122,126.97807521,0,6.62298450,-34.04211791,0.06005242,0.06000104,2.17381506,0.02521383,0.07177124,0.07030215,0.85998538,0.14101043,1.68700010,6.60358147,-33.92872528,1.68700010
1364,436.92000000,6.53978482,-33.36941752,1.68431630,map,37.56619494,126.97807466,0,6.57079949,-33.62921835,0.12022380,0.12000319,2.18462785,0.01485304,0.04228410,0.03906795,-0.07255211,0.03945522,1.70169042,6.52823586,-33.36750495,1.70169042
1365,437.16000000,6.44230425,-32.85238711,1.70384303,map,37.56619881,126.97807376,0,6.48943665,-33.19998837,0.16041585,0.16000802,2.18972166,0.00356381,0.00888247,0.00828638,-0.60773424,-0.02532736,1.70690396,6.45604033,-32.84671458,1.70690396
1366,437.42000000,6.39379982,-32.31200834,1.69432399,map,37.56620650,126.97807278,0,6.39821069,-32.34729100,0.02000375,0.02000006,1.77417835,0.00159079,0.00450786,0.00451591,-2.24895233,0.02873414,1.70799064,6.38562361,-32.33745657,1.70799064
1367,437.86000000,6.31751272,-31.78890533,1.70340977,map,37.56621106,126.97807190,0,6.32449248,-31.84050028,0.06000936,0.06000057,0.80066780,0.00167708,0.00478104,0.00461380,-2.72463353,0.01279009,1.71058860,6.30937970,-31.79630926,1.71058860
1368,444.76000000,6.37346314,-32.28715042,1.84299347,map,37.56620747,126.97807272,0,6.36489440,-32.24470470,0.16012787,0.16000521,-0.31906012,0.02218259,0.06140076,0.06026237,2.73009158,-0.21697427,1.85115442,6.37218734,-32.27559352,1.85115442
1369,445.96000000,6.49432131,-32.77433273,1.94707823,map,37.56620359,126.97807411,0,6.46722784,-32.68185004,0.16070072,0.16006015,-0.62012071,0.05031668,0.13881100,0.13654216,2.80634109,-0.33444687,1.95705334,6.50191568,-32.77034398,1.95705334
1370,447.02000000,6.68361687,-33.27676730,2.05277213,map,37.56619847,126.97807678,0,6.67721382,-33.26220680,0.02001931,0.02000374,-0.79553880,0.05283680,0.14548262,0.15066804,-0.10829852,-0.10677076,2.06320748,6.69367969,-33.26496302,2.06320748
1371,447.52000000,6.93520049,-33.74989866,2.09092858,map,37.56619528,126.97807920,0,6.87585191,-33.62396366,0.12012010,0.12002670,-1.14252469,0.07656245,0.21000630,0.20996102,-0.01248589,-0.24635752,2.16017137,6.93465098,-33.73440929,2.16017137
1372,448.06000000,7.23720689,-34.15956883,2.17270484,map,37.56619088,126.97808306,0,7.21156776,-34.11669718,0.06000637,0.06000254,-0.82330119,0.04723187,0.13000959,0.12747005,2.68903395,-0.28388091,2.25201065,7.21882356,-34.17538075,2.25201065
1373,448.72000000,7.54643704,-34.57480090,2.25129744,map,37.56618760,126.97808631,0,7.48181510,-34.49201905,0.12002292,0.12001397,-0.85729785,0.01262951,0.03584362,0.03448795,2.88842649,-0.04473969,2.29204700,7.54498567,-34.57975557,2.29204700
1374,449.36000000,7.90341975,-34.94438421,2.27196836,map,37.56618442,126.97809015,0,7.81916942,-34.84684673,0.16003379,0.16002523,-0.79401747,-0.01507269,-0.04505986,-0.05069893,-2.65767512,-0.11892999,2.29579796,7.88364318,-34.96258584,2.29579796
1375,449.96000000,8.23031771,-35.34731102,2.22973105,map,37.56618076,126.97809385,0,8.14677607,-35.25211415,0.16003360,0.16002594,-0.77363483,-0.04069461,-0.11207570,-0.11709268,-2.64227063,-0.06789329,2.23315128,8.22381738,-35.33423049,2.23315128
1376,450.62000000,8.54107545,-35.75377385,2.19772195,map,37.56617629,126.97809807,0,8.53074847,-35.74105484,0.02000092,0.02000075,-0.82125339,-0.04419401,-0.12165071,-0.12149284,2.83863451,0.24243908,2.15609526,8.55386582,-35.74485546,2.15609526
1377,451.32000000,8.85597018,-36.18337678,2.15055045,map,37.56617301,126.97810098,0,8.79379633,-36.10041104,0.12002294,0.12001287,-0.85125582,-0.04746212,-0.13060385,-0.13085336,-0.03138857,0.13483025,2.07566857,8.85496089,-36.18511324,2.07566857
1378,452.02000000,9.11313337,-36.65505999,2.05410902,map,37.56616803,126.97810428,0,9.10496486,-36.64147802,0.02000056,0.02000020,-0.78125024,-0.04424203,-0.12183648,-0.11887255,0.27204157,0.09640883,1.99292520,9.12233354,-36.65252930,1.99292520
1379,452.76000000,9.32829361,-37.11326790,1.98023626,map,37.56616472,126.97810603,0,9.27084867,-37.00317147,0.16004233,0.16001150,-0.83632446,-0.05118506,-0.14087239,-0.14085882,-0.08800448,0.11265664,1.91076440,9.33810679,-37.11038903,1.91076440
1380,453.32000000,9.50102097,-37.60392076,1.87352796,map,37.56616013,126.97810793,0,9.46169855,-37.50341250,0.12003644,0.12000557,-0.96601976,-0.05914739,-0.16255186,-0.16500771,-0.28385737,0.13554814,1.82384743,9.51914901,-37.59535034,1.82384743
1381,453.86000000,9.66214940,-38.10394731,1.82593596,map,37.56615516,126.97810980,0,9.64432621,-38.05033365,0.06000926,0.06000102,-0.92039359,-0.05635288,-0.15495128,-0.15352769,0.01435348,0.13575956,1.73537994,9.65980629,-38.10401470,1.73537994
1382,454.56000000,9.73291211,-38.60977942,1.71519346,map,37.56615093,126.97811037,0,9.71279879,-38.51574081,0.16003090,0.16000141,-0.55765652,-0.03166144,-0.08740664,-0.08226338,2.65671023,0.22756807,1.64962814,9.75269804,-38.60979817,1.64962814
1383,458.76000000,9.79071097,-39.10802524,1.63554365,map,37.56614570,126.97811098,0,9.78966739,-39.09314957,0.16000967,0.16000005,-0.17166679,-0.00085458,-0.00236223,-0.00294910,-2.71686753,-0.01373009,1.58827852,9.79756903,-39.10493628,1.58827852
1384,459.76000000,9.80077016,-39.61278365,1.62907428,map,37.56614183,126.97811103,0,9.79506763,-39.52282202,0.16042913,0.16000173,-0.64763153,-0.00283364,-0.00781520,-0.00795876,-2.70115108,-0.00222708,1.58230457,9.80684103,-39.59628111,1.58230457
1385,460.46000000,9.81656538,-40.11412101,1.62217580,map,37.56613683,126.97811122,0,9.81454779,-40.07788652,0.06007794,0.06000024,-0.58391103,-0.00236840,-0.00653646,-0.00625457,2.85200751,0.00228703,1.57613373,9.81339310,-40.11044623,1.57613373
1386,463.32000000,9.81432143,-39.58461698,1.57269545,map,37.56613993,126.97811110,0,9.81656368,-39.73280129,0.12072807,0.12000017,1.30873873,0.02499738,0.07052693,0.07444537,2.59332954,0.23314219,1.59611795,9.79825767,-39.57700569,1.59611795
1387,463.66000000,9.76676562,-39.04128366,1.62266046,map,37.56614528,126.97811071,0,9.77407774,-39.13914609,0.06003893,0.06000022,1.68250878,0.04474522,0.12664294,0.12936319,2.13599844,0.28781371,1.63132033,9.76408806,-39.06424103,1.63132033
1388,463.96000000,9.71189720,-38.52469308,1.66466341,map,37.56614809,126.97811049,0,9.74516995,-38.82762701,0.16034747,0.16000423,1.97667712,0.05502381,0.15627664,0.15917722,2.55505512,0.36222155,1.67440868,9.70336635,-38.51205969,1.67440868
1389,464.22000000,9.62155850,-37.97074867,1.70057737,map,37.56615545,126.97810931,0,9.62819086,-38.01289457,0.02000544,0.02000014,2.13474931,0.05999826,0.17071073,0.17113836,-0.00764176,0.39210835,1.71810513,9.61935667,-37.97022326,1.71810513
1390,464.46000000,9.51952232,-37.47628456,1.74533549,map,37.56615916,126.97810845,0,9.54461336,-37.60146032,0.06004930,0.06000198,2.12134973,0.05949424,0.16923763,0.17004327,-0.03781973,0.37804308,1.75896230,9.51970539,-37.46877921,1.75896230
1391,464.72000000,9.38821996,-36.93929472,1.78830199,map,37.56616292,126.97810745,0,9.44759714,-37.18649728,0.12020357,0.12001178,2.11820616,0.06160544,0.17272515,0.17494068,-0.00643468,0.36799787,1.80337080,9.38928060,-36.93355496,1.80337080
1392,464.96000000,9.25650388,-36.44650212,1.82423961,map,37.56616664,126.97810639,0,9.34681866,-36.77484043,0.16037291,0.16002834,2.13010828,0.06317553,0.17974106,0.17968628,-0.99718271,0.37547100,1.84612012,9.24636907,-36.44334887,1.84612012
1393,465.22000000,9.07226644,-35.92095998,1.86512853,map,37.56617400,126.97810358,0,9.08566410,-35.96110112,0.02000485,0.02000054,2.11475051,0.06282577,0.17891725,0.17877290,-0.00641262,0.36965000,1.89261585,9.06868462,-35.92221841,1.89261585
1394,465.46000000,8.87810608,-35.43540782,1.91512426,map,37.56617769,126.97810185,0,8.92411351,-35.55440981,0.06004431,0.06000663,2.12321667,0.06436942,0.18312254,0.18505436,0.49029750,0.62590233,1.93602666,8.88275792,-35.44843454,1.93602666
1395,465.72000000,8.66293795,-34.92745367,1.95887271,map,37.56618127,126.97810014,0,8.76372981,-35.16071464,0.12018085,0.12003383,2.11150688,0.06499527,0.18488077,0.18503193,-0.00992148,0.40401394,1.98416999,8.65766562,-34.94484226,1.98416999
1396,465.98000000,8.42280718,-34.45787906,2.00442219,map,37.56618454,126.97809822,0,8.58765518,-34.80093257,0.18041279,0.18009602,2.11892226,0.06517744,0.18541286,0.18413583,0.22519053,0.23642700,2.03219981,8.40936734,-34.45435879,2.03219981
1397,466.22000000,8.15922326,-34.03086921,2.05308381,map,37.56619120,126.97809378,0,8.18004632,-34.06805902,0.02000417,0.02000131,2.12380236,0.06428263,0.18358191,0.18293222,-0.11640839,0.37465557,2.07599612,8.15850599,-34.01010770,2.07599612
1398,466.46000000,7.89923673,-33.55905211,2.09165057,map,37.56619485,126.97809144,0,7.96506601,-33.66752471,0.06003684,0.06001357,2.11492808,0.06326546,0.17945727,0.17841096,0.01809271,0.39201467,2.11948783,7.88976854,-33.57907169,2.11948783
1399,466.72000000,7.57712087,-33.11389436,2.13297698,map,37.56619794,126.97808871,0,7.71745248,-33.32786410,0.12015224,0.12006555,2.13783573,0.05437452,0.14988144,0.14782454,1.57640163,-0.15952984,2.16326698,7.57744170,-33.12238902,2.16326698
1400,466.96000000,7.28420703,-32.69348489,2.17166753,map,37.56620116,126.97808610,0,7.48146631,-32.97450832,0.16027214,0.16013438,2.15033210,0.03797382,0.10806300,0.10310471,0.55898918,0.09344861,2.19437331,7.27377452,-32.70652778,2.19437331
1401,467.22000000,6.94806043,-32.24747563,2.18794701,map,37.56620744,126.97808043,0,6.97356096,-32.28283613,0.02000377,0.02000196,2.18091810,0.01740273,0.04950493,0.04695859,0.03843394,0.04833311,2.21285832,6.93433256,-32.25604609,2.21285832
1402,467.46000000,6.61907825,-31.84340388,2.20982336,map,37.56621046,126.97807733,0,6.69778864,-31.94870149,0.06003471,0.06001940,2.19322574,0.00542239,0.01543735,0.01195347,0.09787523,-0.02711030,2.22036190,6.61587170,-31.83857544,2.22036190
1403,467.72000000,6.28180790,-31.37741670,2.21116462,map,37.56621372,126.97807443,0,6.43848955,-31.58839525,0.12014801,0.12008161,2.18155103,-0.00908255,-0.02693933,-0.02885565,-0.01892958,-0.15155896,2.21763878,6.27195750,-31.38377891,2.21763878
1404,467.96000000,5.96778507,-30.95689372,2.19946254,map,37.56621687,126.97807141,0,6.17161919,-31.23926268,0.16027575,0.16014359,2.17538398,-0.01706970,-0.04944488,-0.05024944,0.07066516,-0.14773349,2.20757356,5.96185011,-30.96326507,2.20757356
1405,468.22000000,5.63895056,-30.50484760,2.19285554,map,37.56622314,126.97806562,0,5.66386235,-30.54035950,0.02000381,0.02000188,2.17437673,-0.02122029,-0.05940904,-0.06027979,0.66633567,0.11732798,2.19300069,5.63286778,-30.50292881,2.19300069
1406,468.46000000,5.33822802,-30.08472489,2.18851584,map,37.56622628,126.97806276,0,5.41248279,-30.19133900,0.06003560,0.06001727,2.16513880,-0.02516734,-0.07214151,-0.07402120,0.00666159,-0.18935968,2.17715142,5.33736691,-30.07443929,2.17715142
1407,468.72000000,5.02844117,-29.59442738,2.16260257,map,37.56622970,126.97806002,0,5.17140854,-29.81116822,0.12015629,0.12006796,2.16498655,-0.03077739,-0.08760113,-0.08782867,-0.28100721,-0.22252272,2.15585250,5.02790078,-29.60477160,2.15585250
1408,468.96000000,4.75026535,-29.16221894,2.13837756,map,37.56623289,126.97805728,0,4.93325631,-29.45421689,0.16029491,0.16011564,2.14653652,-0.03701725,-0.10533942,-0.10665163,0.05326840,-0.28447075,2.13260223,4.75409648,-29.16608674,2.13260223
1409,469.22000000,4.46488859,-28.68298893,2.11745341,map,37.56623946,126.97805213,0,4.48633054,-28.71997530,0.02000456,0.02000179,2.13692273,-0.04860747,-0.14031927,-0.14209027,0.09533610,-0.35676566,2.10042108,4.47441549,-28.68460822,2.10042108
1410,469.46000000,4.21748629,-28.23459276,2.08631005,map,37.56624280,126.97804971,0,4.27728852,-28.34642072,0.06003951,0.06001157,2.10888107,-0.06593752,-0.18960452,-0.19619898,-0.40356588,-0.63718392,2.06028763,4.23782268,-28.23295555,2.06028763
1411,469.72000000,3.99768395,-27.75485237,2.03014405,map,37.56624606,126.97804765,0,4.10244676,-27.98111641,0.12016970,0.12003629,2.07390822,-0.08651093,-0.25316634,-0.25523829,1.35911915,-0.60480336,1.99976253,4.01571605,-27.73771031,1.99976253
1412,469.96000000,3.80431095,-27.27065578,1.97504536,map,37.56624960,126.97804559,0,3.93014039,-27.58311974,0.16033638,0.16005464,2.10803281,-0.07852147,-0.22011010,-0.21519015,1.25413634,0.15070392,1.94189524,3.83882170,-27.26547416,1.94189524
1413,470.22000000,3.67056006,-26.73251738,1.90064442,map,37.56625683,126.97804256,0,3.68282612,-26.77266802,0.02000485,0.02000045,2.09547188,-0.07415065,-0.21140948,-0.21197173,-0.01675293,-0.45484599,1.88731244,3.67295126,-26.74447749,1.88731244
1414,470.48000000,3.51913523,-26.21706167,1.86072531,map,37.56626033,126.97804108,0,3.56298660,-26.38051846,0.08008527,0.08000613,2.10400863,-0.07807342,-0.22206218,-0.22257799,0.59343124,-0.49816832,1.83062797,3.53665019,-26.21443069,1.83062797
1415,470.72000000,3.42496857,-25.69458239,1.80605644,map,37.56626428,126.97804004,0,3.47755761,-25.94042087,0.12020094,0.12000916,2.09026680,-0.08129168,-0.23117906,-0.23247512,-0.07143079,-0.51412924,1.77639026,3.43925485,-25.72042472,1.77639026
1416,470.98000000,3.33415487,-25.18056471,1.74644257,map,37.56626775,126.97803897,0,3.39306926,-25.55235094,0.18048745,0.18001210,2.10656079,-0.08491331,-0.24152387,-0.24185984,-0.01792158,-0.48736582,1.71449799,3.36637306,-25.18141547,1.71449799
1417,471.26000000,3.32611864,-24.61746079,1.66969697,map,37.56627501,126.97803806,0,3.33434815,-24.74253074,0.06004900,0.06000021,2.08627032,-0.08425799,-0.23960428,-0.23910644,-0.03024208,-0.48206791,1.64711192,3.32591648,-24.59661548,1.64711192
1418,471.52000000,3.29818933,-24.04798860,1.61880582,map,37.56627900,126.97803757,0,3.30382845,-24.29900585,0.12020960,0.12000010,2.09403944,-0.08273795,-0.23543096,-0.23574102,0.59565435,-0.53209005,1.58550804,3.32313645,-24.05275206,1.58550804
1419,471.76000000,3.34455995,-23.54280537,1.56127037,map,37.56628278,126.97803782,0,3.33453993,-23.87842563,0.16038964,0.16000037,2.10090317,-0.07866604,-0.22357093,-0.21999245,-0.56469805,-0.27456088,1.53020076,3.34948690,-23.54955616,1.53020076
1420,472.02000000,3.38572842,-23.01279862,1.51600553,map,37.56629020,126.97803812,0,3.38219361,-23.05512324,0.02000541,0.02000004,2.12441863,-0.06398760,-0.18203969,-0.17932965,0.33045118,-0.29423521,1.47832040,3.40497270,-23.00359669,1.47832040
1421,472.26000000,3.45244048,-22.48471530,1.47685011,map,37.56629420,126.97803869,0,3.43795678,-22.61228485,0.06005097,0.06000066,2.14247428,-0.04848871,-0.13691309,-0.13396998,1.23083747,-0.27623184,1.44085893,3.47561736,-22.49550797,1.44085893
1422,472.52000000,3.54248222,-21.96607008,1.43908490,map,37.56629772,126.97803939,0,3.50589968,-22.22214981,0.12021763,0.12000484,2.16484330,-0.02787556,-0.07860314,-0.07406047,0.23967632,-0.07293240,1.41322944,3.56628872,-21.94345120,1.41322944
1423,472.76000000,3.64210419,-21.41810277,1.41967386,map,37.56630185,126.97804026,0,3.58840568,-21.76410961,0.16041308,0.16000994,2.19762600,-0.00208305,-0.00539828,-0.00220109,-0.12760597,0.07407466,1.40481492,3.65452832,-21.42642358,1.40481492
1424,473.02000000,3.73751582,-20.86430438,1.41625267,map,37.56630957,126.97804184,0,3.73090842,-20.90760335,0.02000608,0.02000054,2.19008726,0.00739792,0.02100288,0.02141503,0.01630087,0.06561338,1.40854880,3.74663784,-20.86376769,1.40854880
1425,473.26000000,3.82640602,-20.33150119,1.41409897,map,37.56631359,126.97804269,0,3.80615389,-20.46155867,0.06005281,0.06000128,2.19411816,0.00540557,0.01537951,0.01488145,-0.01496854,0.03070762,1.41302487,3.82879540,-20.34418770,1.41302487
1426,473.52000000,3.91287758,-19.78122143,1.41569466,map,37.56631738,126.97804343,0,3.87264732,-20.04129588,0.12022414,0.12000576,2.19112152,0.00675954,0.01924500,0.02001780,-0.04739925,0.04801728,1.41708622,3.91590121,-19.78057883,1.41708622
1427,473.76000000,3.99717897,-19.25017195,1.41990701,map,37.56632139,126.97804426,0,3.94530278,-19.59614940,0.16041102,0.16000962,2.18468472,0.01212798,0.03465326,0.03546034,-0.00465237,0.09799208,1.42352253,3.99255289,-19.26118383,1.42352253
1428,474.02000000,4.05496780,-18.67619904,1.43695865,map,37.56632928,126.97804546,0,4.04928823,-18.71962800,0.02000569,0.02000010,2.19006423,0.00889206,0.02514155,0.02343325,0.02801202,0.02002801,1.43187468,4.07049653,-18.69816133,1.43187468
1429,474.28000000,4.13776956,-18.14742769,1.44078475,map,37.56633287,126.97804624,0,4.11539380,-18.32141411,0.08009668,0.08000160,2.19268866,0.00570442,0.01616119,0.01576972,0.06258240,0.04681445,1.43672480,4.14625453,-18.13319490,1.43672480
1430,474.52000000,4.21807301,-17.60516454,1.42596471,map,37.56633699,126.97804697,0,4.17924319,-17.86366474,0.12022209,0.12000503,2.15857970,-0.02754070,-0.07785001,-0.08806547,-0.57273020,-0.39208089,1.42954150,4.21952309,-17.61445709,1.42954150
1431,474.76000000,4.30422795,-17.10584074,1.39779820,map,37.56634083,126.97804761,0,4.24145401,-17.43817288,0.16038164,0.16001374,2.10055350,-0.07560591,-0.21014039,-0.21990142,-0.83704531,-0.37043226,1.39176285,4.31249202,-17.11464498,1.39176285
1432,475.02000000,4.45402731,-16.58505827,1.33543961,map,37.56634820,126.97804968,0,4.44237236,-16.62435854,0.02000467,0.02000041,2.05229464,-0.11562673,-0.33093838,-0.33200189,0.07391016,-0.68034241,1.31585547,4.45281507,-16.59569132,1.31585547
1433,475.28000000,4.63677506,-16.08991086,1.25917675,map,37.56635167,126.97805108,0,4.57978738,-16.24282006,0.08007473,0.08001040,2.03681842,-0.12100095,-0.34389586,-0.34583956,-0.07519943,-0.75235311,1.22895871,4.63786238,-16.09901640,1.22895871
1434,475.56000000,4.86062351,-15.57113192,1.17119585,map,37.56635507,126.97805256,0,4.72284329,-15.86909607,0.16030688,0.16006602,2.05510541,-0.13208465,-0.37547478,-0.37592974,0.01635068,-1.26193823,1.12722376,4.88977795,-15.58442477,1.12722376
1435,475.82000000,5.14949157,-15.12699277,1.08197283,map,37.56636156,126.97805685,0,5.12830995,-15.16149996,0.02000359,0.02000135,2.01930775,-0.13245112,-0.37641408,-0.37678987,-0.02866012,-0.78333023,1.03009250,5.16876523,-15.13708721,1.03009250
1436,476.08000000,5.46853568,-14.70821876,0.98288853,map,37.56636454,126.97805942,0,5.37115960,-14.83917907,0.08005473,0.08003030,2.04096817,-0.13797348,-0.39215148,-0.39426851,0.47132283,-0.84116759,0.93061313,5.49173008,-14.71854477,0.93061313
1437,476.36000000,5.85796934,-14.30091185,0.87122919,map,37.56636731,126.97806230,0,5.64019086,-14.54132397,0.16019929,0.16016424,2.00974859,-0.13429104,-0.38155185,-0.38853723,0.25119067,-0.78926435,0.82259478,5.88514907,-14.30655112,0.82259478
1438,476.62000000,6.26758956,-13.97102509,0.77603509,map,37.56637242,126.97806875,0,6.23679614,-13.99759126,0.02000253,0.02000328,2.03024486,-0.13860653,-0.39385767,-0.39509040,0.08890293,-0.81437294,0.72079147,6.28599972,-13.96664356,0.72079147
1439,476.86000000,6.67715708,-13.66859107,0.67604262,map,37.56637488,126.97807247,0,6.57794335,-13.73849701,0.06001523,0.06003071,1.98547246,-0.15281743,-0.42512082,-0.42740515,-2.47727254,-1.13738744,0.62166069,6.68846882,-13.69186989,0.62166069
1440,477.16000000,7.18808537,-13.42299513,0.52219648,map,37.56637663,126.97807611,0,6.91301846,-13.56107796,0.16006529,0.16026160,1.89577654,-0.20765475,-0.60177975,-0.60588866,-0.06996859,-1.19355230,0.45802793,7.21289249,-13.44113721,0.45802793
1441,477.42000000,7.68955953,-13.28458695,0.38102169,map,37.56637944,126.97808419,0,7.65164193,-13.29551000,0.02000036,0.02000435,1.94571160,-0.20814814,-0.59096433,-0.58528660,-1.75843696,-1.01306145,0.30068768,7.69956285,-13.30738423,0.30068768
1442,477.68000000,8.19617606,-13.18758830,0.24932231,map,37.56638035,126.97808851,0,8.04093689,-13.21588050,0.08000255,0.08007707,1.98138542,-0.16369739,-0.46494908,-0.44974310,1.12975252,-0.64846190,0.16215873,8.20500488,-13.24056432,0.16215873
1443,477.92000000,8.69779775,-13.17529093,0.14585598,map,37.56638064,126.97809310,0,8.45063182,-13.20204977,0.12000237,0.12020338,2.08142599,-0.10771250,-0.30632204,-0.30047962,0.26278341,-0.60426755,0.07427664,8.69679978,-13.21534490,0.07427664
1444,478.18000000,9.23577122,-13.17949466,0.05407823,map,37.56638089,126.97809772,0,8.86162951,-13.19159829,0.18000049,0.18049338,2.07847286,-0.09004777,-0.25604589,-0.25114327,0.10138544,-0.41324607,0.00308068,9.23729311,-13.22024375,0.00308068
1445,478.42000000,9.74544753,-13.24701169,-0.01678581,map,37.56638067,126.97810723,0,9.70328091,-13.24500472,0.02000001,0.02000537,2.12051851,-0.06891297,-0.19604444,-0.19326907,0.43902953,-0.36776678,-0.04964539,9.74211166,-13.25144222,-0.04964539
1446,478.66000000,10.25030464,-13.29155475,-0.06429682,map,37.56638045,126.97811199,0,10.12329221,-13.28043227,0.06000039,0.06005052,2.12562634,-0.05866653,-0.16662190,-0.16458643,0.00086583,-0.28987731,-0.09221268,10.24852544,-13.30294473,-0.09221268
1447,478.92000000,10.80710631,-13.35090736,-0.09565439,map,37.56638014,126.97811684,0,10.55126319,-13.32261733,0.12000267,0.12021778,2.14961110,-0.04300627,-0.12180176,-0.11700763,0.17769286,-0.19152319,-0.12969446,10.79872014,-13.37837186,-0.12969446
1448,479.16000000,11.32866907,-13.44903208,-0.12721056,map,37.56637946,126.97812175,0,10.98511616,-13.40254514,0.16000749,0.16040823,2.16966000,-0.02534265,-0.07205287,-0.06919923,-1.09900519,-0.11059614,-0.15127763,11.31175061,-13.45920294,-0.15127763
1449,479.42000000,11.86963056,-13.54558953,-0.15216846,map,37.56637833,126.97813129,0,11.82643762,-13.53869399,0.02000056,0.02000606,2.18650112,-0.01408289,-0.03984572,-0.03925581,-0.01197687,-0.04717566,-0.16460018,11.87004731,-13.55334862,-0.16460018
1450,479.66000000,12.39269995,-13.64057483,-0.16203243,map,37.56637762,126.97813624,0,12.26342080,-13.61882524,0.06000148,0.06005218,2.18272162,-0.01247475,-0.03556223,-0.03596711,0.00329665,-0.08017012,-0.17314535,12.38672443,-13.64455031,-0.17314535
1451,479.92000000,12.93287956,-13.75471860,-0.18215227,map,37.56637685,126.97814091,0,12.67592528,-13.70624504,0.12000782,0.12021936,2.17704300,-0.01696850,-0.04833521,-0.04984812,-0.04697891,-0.15864987,-0.18370313,12.94396196,-13.74865962,-0.18370313
1452,480.16000000,13.45408261,-13.82333729,-0.18382147,map,37.56637642,126.97814586,0,13.11257747,-13.75816781,0.16001472,0.16040308,2.17318639,-0.02440032,-0.06945563,-0.07221817,-0.14388727,-0.26015376,-0.19798302,13.45525957,-13.85234622,-0.19798302
1453,480.42000000,14.00499333,-13.97727347,-0.22066263,map,37.56637458,126.97815550,0,13.96344028,-13.96711064,0.02000031,0.02000520,2.13994761,-0.04444792,-0.12647377,-0.13067129,-0.15614858,-0.38093430,-0.22465941,13.99890425,-13.97788002,-0.22465941
1454,480.68000000,14.51671628,-14.14731262,-0.26628849,map,37.56637348,126.97815995,0,14.35381586,-14.09879156,0.08000753,0.08008470,2.12415770,-0.06878711,-0.19569385,-0.19947175,0.24324962,-0.53001585,-0.26792657,14.53171176,-14.12681811,-0.26792657
1455,480.92000000,15.00795388,-14.28568209,-0.30605611,map,37.56637261,126.97816469,0,14.77005437,-14.20433436,0.12002206,0.12018813,2.08847269,-0.07863682,-0.22393518,-0.22781017,0.34192849,-0.50914080,-0.31912627,15.00892045,-14.28979527,-0.31912627
1456,481.16000000,15.48040337,-14.46643642,-0.34391197,map,37.56637139,126.97816922,0,15.16796261,-14.34700132,0.16004954,0.16033742,2.09522790,-0.08639330,-0.24570037,-0.24681348,0.03968611,-0.52561437,-0.37652587,15.47333859,-14.47971362,-0.37652587
1457,481.42000000,15.95713861,-14.69301474,-0.40190768,map,37.56636858,126.97817779,0,15.91933875,-14.67515525,0.02000096,0.02000432,2.08211429,-0.08640918,-0.24541070,-0.24591138,-0.02554552,-0.53709247,-0.44093430,15.96407262,-14.71726456,-0.44093430
1458,481.66000000,16.41064901,-14.95276646,-0.46628619,map,37.56636671,126.97818217,0,16.30135082,-14.89298103,0.06001120,0.06003742,2.07694067,-0.08715576,-0.24112493,-0.24258222,0.37952245,-0.33686765,-0.49975530,16.39909347,-14.96207778,-0.49975530
1459,481.92000000,16.84764882,-15.23862359,-0.53405050,map,37.56636482,126.97818616,0,16.64875529,-15.11346431,0.12005215,0.12013145,1.93204392,-0.08025467,-0.22782013,-0.22422761,-2.95608031,-0.33126177,-0.56069227,16.83399351,-15.24216454,-0.56069227
1460,482.22000000,17.26690757,-15.56186269,-0.59844272,map,37.56636113,126.97819296,0,17.23853478,-15.54083053,0.02000134,0.02000243,1.76387687,-0.07332943,-0.20826696,-0.20893163,-0.01848757,-0.37077557,-0.62530021,17.27456831,-15.56673861,-0.62530021
1461,482.48000000,17.67213770,-15.89518189,-0.66432977,map,37.56635896,126.97819653,0,17.54735602,-15.79088762,0.08003482,0.08004981,2.06888555,-0.08581302,-0.24397756,-0.24461453,-0.00138669,-0.50837029,-0.68499649,17.66319386,-15.89217754,-0.68499649
1462,482.76000000,18.06989295,-16.27093306,-0.72586714,map,37.56635665,126.97819993,0,17.84018931,-16.05739180,0.16015770,0.16018196,1.91311983,-0.08007778,-0.22726936,-0.22792322,-0.06102948,-0.45060358,-0.75083905,18.06668266,-16.27569097,-0.75083905
1463,483.06000000,18.45344001,-16.67896767,-0.78529032,map,37.56635187,126.97820621,0,18.38178009,-16.60166920,0.06001872,0.06001608,1.75094201,-0.07967526,-0.22616834,-0.22696823,0.29505435,-0.49348337,-0.81819805,18.43620130,-16.67783302,-0.81819805
1464,483.38000000,18.78610029,-17.07170565,-0.85128446,map,37.56634973,126.97820875,0,18.59929242,-16.84560477,0.18018005,0.18012245,1.56709581,-0.07955211,-0.22220677,-0.22207497,-0.10968325,-0.36666632,-0.89063700,18.76498042,-17.09460888,-0.89063700
1465,483.72000000,19.05578063,-17.51227698,-0.94146497,map,37.56634511,126.97821301,0,18.96136019,-17.37137027,0.12006602,0.12002987,1.38167207,-0.07083315,-0.20163387,-0.20286355,-0.39497371,-0.16634282,-0.96262669,19.04284629,-17.50722307,-0.96262669
1466,484.16000000,19.32750299,-17.97362946,-1.01842551,map,37.56634130,126.97821631,0,19.23352030,-17.80753268,0.16010238,0.16003294,1.13636409,-0.05813240,-0.16354349,-0.16240593,-0.01577251,-0.17482361,-1.04292824,19.31579671,-17.98806660,-1.04292824
1467,484.68000000,19.53467935,-18.44111290,-1.09540225,map,37.56633625,126.97821954,0,19.50533139,-18.37701233,0.08001354,0.08000317,0.86172383,-0.04388015,-0.12306793,-0.11897708,-2.82083193,0.01966378,-1.11584206,19.53462666,-18.45283045,-1.11584206
1468,485.42000000,19.71981611,-18.90629780,-1.17259976,map,37.56633164,126.97822216,0,19.71670587,-18.89773173,0.02000038,0.02000005,0.43742634,-0.02192163,-0.06119129,-0.06041642,-0.00353093,-0.01799153,-1.18318648,19.70625961,-18.89481230,-1.18318648
